battery_id,cycle_index,Capacity,SoH_pct,ambient_temperature,cycle_position_norm,RUL_cycles,start_time
B0005,1,1.8564874208181572,100.0,24,0.005952380952380952,161,[2.0080e+03 4.0000e+00 2.0000e+00 1.5000e+01 2.5000e+01 4.1593e+01]
B0005,2,1.846327249719927,99.45272071416716,24,0.011904761904761904,160,[2.0080e+03 4.0000e+00 2.0000e+00 1.9000e+01 4.3000e+01 4.8406e+01]
B0005,3,1.835349194223408,98.86138595081707,24,0.017857142857142856,159,[2.008e+03 4.000e+00 3.000e+00 0.000e+00 1.000e+00 6.687e+00]
B0005,4,1.8352625275821128,98.85671763794174,24,0.023809523809523808,158,[2008.       4.       3.       4.      16.      37.375]
B0005,5,1.8346455082120416,98.82348178817772,24,0.02976190476190476,157,[2008.       4.       3.       8.      33.      25.703]
B0005,6,1.8356616600675493,98.87821697485944,24,0.03571428571428571,156,[2008.       4.       3.      12.      55.      10.687]
B0005,7,1.8351461429226603,98.85044855913478,24,0.041666666666666664,155,[2008.       4.       3.      17.      17.      16.015]
B0005,8,1.8257567905665535,98.34468955151549,24,0.047619047619047616,154,[2008.       4.       3.      21.      28.      14.718]
B0005,9,1.8247738529891333,98.29174345738106,24,0.05357142857142857,153,[2.0080e+03 4.0000e+00 4.0000e+00 1.0000e+00 3.8000e+01 1.5218e+01]
B0005,10,1.824613268496936,98.28309354731991,24,0.05952380952380952,152,[2008.       4.       4.       5.      48.       8.609]
B0005,11,1.8246195526864504,98.28343204622078,24,0.06547619047619048,151,[2008.       4.       4.       9.      57.      19.765]
B0005,12,1.814201935767392,97.72228539894282,24,0.07142857142857142,150,[2008.       4.       4.      17.      56.      27.609]
B0005,13,1.8137521577549052,97.69805803238793,24,0.07738095238095238,149,[2.0080e+03 4.0000e+00 4.0000e+00 2.2000e+01 1.0000e+00 5.4671e+01]
B0005,14,1.8134404914735824,97.68127007692819,24,0.08333333333333333,148,[2.0080e+03 4.0000e+00 5.0000e+00 2.0000e+00 2.0000e+01 2.6703e+01]
B0005,15,1.8025980036306504,97.09723768751648,24,0.08928571428571429,147,[2.008e+03 4.000e+00 5.000e+00 6.000e+00 2.500e+01 1.890e+00]
B0005,16,1.80210690024615,97.07078432300708,24,0.09523809523809523,146,[2008.       4.       5.      10.      30.      32.312]
B0005,17,1.802579500826209,97.09624103091468,24,0.10119047619047619,145,[2008.       4.       5.      14.      34.      41.468]
B0005,18,1.8030683142834096,97.12257104811377,24,0.10714285714285714,144,[2008.       4.       5.      18.      39.      25.218]
B0005,19,1.802777624719604,97.1069130069902,24,0.1130952380952381,143,[2008.       4.       5.      22.      46.      35.484]
B0005,20,1.8470259949329195,99.4903587398902,24,0.11904761904761904,142,[2008.       4.      18.      21.      10.      19.796]
B0005,21,1.847417311283644,99.51143705942721,24,0.125,141,[2008    4   19    2   29    9]
B0005,22,1.8361774213478947,98.90599854098059,24,0.13095238095238096,140,[2008.       4.      19.       7.      47.      15.703]
B0005,23,1.825780747577624,98.34597999985365,24,0.13690476190476192,139,[2.0080e+03 4.0000e+00 1.9000e+01 1.3000e+01 1.0000e+00 4.2562e+01]
B0005,24,1.8251136435078368,98.31004632950898,24,0.14285714285714285,138,[2008.       4.      19.      18.      27.      29.828]
B0005,25,1.825581504220376,98.33524772367372,24,0.1488095238095238,137,[2008.       4.      19.      23.      41.      55.687]
B0005,26,1.814031127508391,97.7130847840027,24,0.15476190476190477,136,[2008.       4.      20.       4.      54.      41.734]
B0005,27,1.8147691941158937,97.75284086310275,24,0.16071428571428573,135,[2008.       4.      20.      10.      16.      28.859]
B0005,28,1.813969388710352,97.70975921350077,24,0.16666666666666666,134,[2008.       4.      20.      15.      37.       5.281]
B0005,29,1.802765665167823,97.10626880376819,24,0.17261904761904762,133,[2008.       4.      20.      20.      50.      38.921]
B0005,30,1.804077040117352,97.17690623092356,24,0.17857142857142858,132,[2.008e+03 4.000e+00 2.100e+01 2.000e+00 1.500e+01 2.921e+00]
B0005,31,1.8518025516704488,99.74764875349149,24,0.18452380952380953,131,[2008.       4.      22.      15.      33.      49.875]
B0005,32,1.8307038456739428,98.61116348782738,24,0.19047619047619047,130,[2008.       4.      22.      20.      26.      18.921]
B0005,33,1.8199041089501269,98.02943389447218,24,0.19642857142857142,129,[2.0080e+03 4.0000e+00 2.3000e+01 1.0000e+00 1.8000e+01 1.1796e+01]
B0005,34,1.809307963702852,97.45867078945716,24,0.20238095238095238,128,[2008.       4.      23.       6.      18.      19.921]
B0005,35,1.80460990458052,97.20560906279803,24,0.20833333333333334,127,[2.008e+03 4.000e+00 2.300e+01 1.100e+01 8.000e+00 3.120e-01]
B0005,36,1.7993770651972192,96.92374130950107,24,0.21428571428571427,126,[2008.       4.      23.      16.       6.      25.171]
B0005,37,1.7884432335370462,96.3347886703631,24,0.22023809523809523,125,[2.0080e+03 4.0000e+00 2.3000e+01 2.1000e+01 2.0000e+00 5.8296e+01]
B0005,38,1.7829230484252725,96.03744299218226,24,0.2261904761904762,124,[2.008e+03 4.000e+00 2.400e+01 1.000e+00 5.100e+01 3.389e+01]
B0005,39,1.7730337158018288,95.50475246530083,24,0.23214285714285715,123,[2.008e+03 4.000e+00 2.400e+01 6.000e+00 5.000e+01 3.100e-02]
B0005,40,1.773037755078937,95.50497004162604,24,0.23809523809523808,122,[2008.       4.      24.      11.      49.      24.281]
B0005,41,1.7678721106662054,95.22672175646098,24,0.24404761904761904,121,[2008.       4.      24.      16.      45.      56.015]
B0005,42,1.762315070409309,94.92739086983167,24,0.25,120,[2008.       4.      24.      21.      38.      11.078]
B0005,43,1.7676172924938447,95.21299593373236,24,0.25595238095238093,119,[2008.       4.      25.      12.       3.      44.093]
B0005,44,1.762668359743147,94.9464208578551,24,0.2619047619047619,118,[2008.       4.      25.      20.       3.      55.921]
B0005,45,1.7517304870664143,94.35725054869609,24,0.26785714285714285,117,[2.0080e+03 4.0000e+00 2.6000e+01 1.0000e+00 4.0000e+00 3.5718e+01]
B0005,46,1.7418496047960008,93.82501520146927,24,0.27380952380952384,116,[2008.      4.     26.      5.     57.     35.14]
B0005,47,1.7360913511847138,93.51484592444021,24,0.27976190476190477,115,[2008.       4.      26.      10.      58.      25.843]
B0005,48,1.7936240148573608,96.61385230754257,24,0.2857142857142857,114,[2008.       4.      29.      12.      15.      56.953]
B0005,49,1.7831890223273277,96.0517697201241,24,0.2916666666666667,113,[2008.       4.      29.      17.       5.      27.781]
B0005,50,1.7673642076278957,95.19936347583842,24,0.2976190476190476,112,[2008.      4.     29.     22.      0.      4.75]
B0005,51,1.7570177850353066,94.64205172265513,24,0.30357142857142855,111,[2.0080e+03 4.0000e+00 3.0000e+01 2.0000e+00 4.3000e+01 5.5312e+01]
B0005,52,1.7468706179837907,94.09547290193552,24,0.30952380952380953,110,[2008.       4.      30.       7.      41.      42.578]
B0005,53,1.7417172507457144,93.81788592880078,24,0.31547619047619047,109,[2008.       4.      30.      12.      28.      49.265]
B0005,54,1.7364225056478186,93.53268361401416,24,0.32142857142857145,108,[2008.      4.     30.     17.     20.     16.14]
B0005,55,1.7263217239235826,92.98860334657101,24,0.3273809523809524,107,[2008.       4.      30.      22.      14.      54.062]
B0005,56,1.7158065389330133,92.42220117908766,24,0.3333333333333333,106,[2.008e+03 5.000e+00 1.000e+00 3.000e+00 1.500e+01 3.314e+01]
B0005,57,1.710533351135192,92.1381600518121,24,0.3392857142857143,105,[2.008e+03 5.000e+00 1.000e+00 8.000e+00 1.600e+01 3.343e+00]
B0005,58,1.706014499648521,91.89475137389714,24,0.34523809523809523,104,[2.0080e+03 5.0000e+00 1.0000e+00 1.3000e+01 1.4000e+01 2.4875e+01]
B0005,59,1.7003110272642588,91.587532896664,24,0.35119047619047616,103,[2.0080e+03 5.0000e+00 1.0000e+00 1.8000e+01 1.1000e+01 1.0984e+01]
B0005,60,1.6945798601797897,91.27882263985315,24,0.35714285714285715,102,[2.0080e+03 5.0000e+00 1.0000e+00 2.3000e+01 1.0000e+01 1.5265e+01]
B0005,61,1.6849029086609286,90.75757205607076,24,0.3630952380952381,101,[2.0080e+03 5.0000e+00 2.0000e+00 3.0000e+00 5.3000e+01 3.4765e+01]
B0005,62,1.6744741591159715,90.19582574806932,24,0.36904761904761907,100,[2.0080e+03 5.0000e+00 2.0000e+00 8.0000e+00 4.4000e+01 4.0859e+01]
B0005,63,1.6745692479879102,90.20094772578231,24,0.375,99,[2.008e+03 5.000e+00 2.000e+00 1.300e+01 4.300e+01 5.093e+00]
B0005,64,1.663716375981405,89.61635599169331,24,0.38095238095238093,98,[2.0080e+03 5.0000e+00 2.0000e+00 1.9000e+01 7.0000e+00 4.8359e+01]
B0005,65,1.659013868748246,89.36305466681351,24,0.3869047619047619,97,[2.0080e+03 5.0000e+00 2.0000e+00 2.3000e+01 2.4000e+01 1.7687e+01]
B0005,66,1.6538540573335014,89.08512057704357,24,0.39285714285714285,96,[2008.       5.       3.       4.      13.       8.609]
B0005,67,1.642653782130131,88.48181591266643,24,0.39880952380952384,95,[2008.       5.       3.       9.      10.      19.812]
B0005,68,1.6378578430223698,88.22348186450749,24,0.40476190476190477,94,[2008.       5.       3.      14.       4.      34.187]
B0005,69,1.6327350407099108,87.94754127611388,24,0.4107142857142857,93,[2008.       5.       3.      18.      58.      13.468]
B0005,70,1.6277528915533617,87.67917699307696,24,0.4166666666666667,92,[2008.       5.       3.      23.      42.      30.093]
B0005,71,1.622125485521159,87.37605584239755,24,0.4226190476190476,91,[2008    5    4    4   41   40]
B0005,72,1.6113256603765849,86.79432148624367,24,0.42857142857142855,90,[2008.       5.       4.       9.      40.      11.906]
B0005,73,1.6065631397488385,86.53778753000239,24,0.43452380952380953,89,[2008.       5.       4.      14.      38.      13.359]
B0005,74,1.6015142233917594,86.26582682073706,24,0.44047619047619047,88,[2008.      5.      4.     19.     37.      7.89]
B0005,75,1.590369231400328,85.66549999565575,24,0.44642857142857145,87,[2008.       5.       5.       0.      35.      53.968]
B0005,76,1.5857889968242211,85.41878490754121,24,0.4523809523809524,86,[2008.       5.       5.       5.      28.      13.937]
B0005,77,1.5849430707374117,85.3732189598637,24,0.4583333333333333,85,[2008.     5.     5.    11.    41.    31.5]
B0005,78,1.5955263892495937,85.94329115068511,24,0.4642857142857143,84,[2008.       5.       5.      20.      40.       8.562]
B0005,79,1.5747301747801037,84.82309964083234,24,0.47023809523809523,83,[2.0080e+03 5.0000e+00 6.0000e+00 1.0000e+00 3.8000e+01 4.6265e+01]
B0005,80,1.5649019950937946,84.29370312695895,24,0.47619047619047616,82,[2008.       5.       6.       6.      37.       6.296]
B0005,81,1.5597659473370362,84.01704907053153,24,0.48214285714285715,81,[2008.       5.       6.      11.      25.      21.031]
B0005,82,1.5594815668184234,84.00173086716404,24,0.4880952380952381,80,[2008.       5.       6.      16.      23.      36.296]
B0005,83,1.55468935359061,83.74359751414075,24,0.49404761904761907,79,[2008.       5.       6.      21.      21.      49.265]
B0005,84,1.5488741079890418,83.43035835418966,24,0.5,78,[2.0080e+03 5.0000e+00 7.0000e+00 2.0000e+00 1.7000e+01 2.5156e+01]
B0005,85,1.538236598942558,82.85736718133293,24,0.5059523809523809,77,[2008.       5.       7.       7.       4.       2.109]
B0005,86,1.527914258251028,82.30135260370757,24,0.5119047619047619,76,[2.0080e+03 5.0000e+00 7.0000e+00 1.2000e+01 1.0000e+00 4.9906e+01]
B0005,87,1.5285252629756445,82.33426447360578,24,0.5178571428571429,75,[2008.       5.       7.      16.      59.      29.937]
B0005,88,1.522647325284378,82.01764839394089,24,0.5238095238095238,74,[2008.       5.       7.      21.      56.       9.656]
B0005,89,1.5174859938489869,81.73963242800902,24,0.5297619047619048,73,[2.0080e+03 5.0000e+00 8.0000e+00 2.0000e+00 5.3000e+01 4.9937e+01]
B0005,90,1.605818899130659,86.49769888680268,24,0.5357142857142857,72,[2008    5    9   12   25    7]
B0005,91,1.5638491446744425,84.23699116610504,24,0.5416666666666666,71,[2008.       5.       9.      20.      28.       9.734]
B0005,92,1.5480915247767786,83.38820438085877,24,0.5476190476190477,70,[2.008e+03 5.000e+00 1.000e+01 1.000e+00 2.100e+01 5.650e+01]
B0005,93,1.5323755631868592,82.5416615272049,24,0.5535714285714286,69,[2008    5   10    6   18   12]
B0005,94,1.5269528268489705,82.24956494324319,24,0.5595238095238095,68,[2008.       5.      10.      11.      16.       4.843]
B0005,95,1.5169573017136326,81.7111543392579,24,0.5654761904761905,67,[2008.       5.      10.      16.      11.      56.109]
B0005,96,1.511897596014269,81.43861246029738,24,0.5714285714285714,66,[2008.       5.      10.      21.       7.      54.625]
B0005,97,1.5065638960681105,81.15131183620761,24,0.5773809523809523,65,[2.0080e+03 5.0000e+00 1.1000e+01 2.0000e+00 5.0000e+00 2.1796e+01]
B0005,98,1.5015453526671363,80.88098717121404,24,0.5833333333333334,64,[2008.       5.      11.       6.      55.      27.734]
B0005,99,1.4908444050400238,80.30457886878685,24,0.5892857142857143,63,[2008.       5.      11.      11.      52.      47.187]
B0005,100,1.485868384561201,80.0365447079828,24,0.5952380952380952,62,[2008.       5.      11.      16.      49.      58.921]
B0005,101,1.480413677976106,79.74272604140162,24,0.6011904761904762,61,[2008.       5.      11.      21.      47.      12.843]
B0005,102,1.4752095869031632,79.46240682056633,24,0.6071428571428571,60,[2.0080e+03 5.0000e+00 1.2000e+01 2.0000e+00 3.6000e+01 5.8921e+01]
B0005,103,1.4859035988304024,80.0384415303801,24,0.6130952380952381,59,[2008.       5.      12.      12.      56.      34.781]
B0005,104,1.4960918298136696,80.58723226653156,24,0.6190476190476191,58,[2008.       5.      12.      18.      59.      59.453]
B0005,105,1.4808005946928984,79.76356737393388,24,0.625,57,[2008.       5.      12.      23.      53.      17.609]
B0005,106,1.4697543268466824,79.16855834115802,24,0.6309523809523809,56,[2008.       5.      13.       4.      35.      25.359]
B0005,107,1.4539012274845928,78.31462853887025,24,0.6369047619047619,55,[2008.       5.      13.       9.      24.       4.718]
B0005,108,1.454146206723569,78.32782438583529,24,0.6428571428571429,54,[2008.       5.      13.      14.      20.      24.937]
B0005,109,1.455023751906683,78.37509350133122,24,0.6488095238095238,53,[2008.       5.      13.      19.       4.      20.531]
B0005,110,1.449042163761236,78.05289427291895,24,0.6547619047619048,52,[2008.       5.      13.      23.      59.      26.015]
B0005,111,1.4386709371480566,77.49424644709049,24,0.6607142857142857,51,[2008.       5.      14.       4.      55.      57.453]
B0005,112,1.433445432156979,77.2127737620359,24,0.6666666666666666,50,[2008.       5.      14.       9.      52.      22.062]
B0005,113,1.4333958900838095,77.21010517012334,24,0.6726190476190477,49,[2008.       5.      14.      14.      35.      22.515]
B0005,114,1.42806487344776,76.92294908297355,24,0.6785714285714286,48,[2008.      5.     14.     19.     31.     39.39]
B0005,115,1.4229203181741186,76.64583676775118,24,0.6845238095238095,47,[2008.       5.      15.       0.      27.      55.625]
B0005,116,1.417429032731308,76.35004777498813,24,0.6904761904761905,46,[2008.      5.     15.      5.     24.      4.89]
B0005,117,1.412409228794446,76.07965521102183,24,0.6964285714285714,45,[2008.       5.      15.      10.      20.       3.875]
B0005,118,1.412578792940193,76.08878881159707,24,0.7023809523809523,44,[2008.       5.      15.      15.      10.      59.437]
B0005,119,1.4075983731469897,75.82051768100096,24,0.7083333333333334,43,[2008.      5.     15.     19.     56.     47.39]
B0005,120,1.4333920485221476,77.20989824377314,24,0.7142857142857143,42,[2008.       5.      16.      16.      54.      59.812]
B0005,121,1.4382550176792908,77.47184287655713,24,0.7202380952380952,41,[2008.       5.      16.      21.      37.      39.671]
B0005,122,1.4173547174485526,76.34604477007024,24,0.7261904761904762,40,[2.0080e+03 5.0000e+00 1.7000e+01 2.0000e+00 3.2000e+01 1.3968e+01]
B0005,123,1.406981663677643,75.7872985240904,24,0.7321428571428571,39,[2008.       5.      17.       7.      25.      19.906]
B0005,124,1.4012037783587623,75.4760717819057,24,0.7380952380952381,38,[2008.      5.     17.     12.     21.     15.89]
B0005,125,1.3967008232726328,75.23351936621819,24,0.7440476190476191,37,[2008.       5.      17.      17.      15.      37.281]
B0005,126,1.391284788852726,74.9417837821699,24,0.75,36,[2008.       5.      17.      22.      10.      51.218]
B0005,127,1.3862287677978349,74.66944037718939,24,0.7559523809523809,35,[2008.       5.      18.       3.       5.      19.265]
B0005,128,1.3804366761974138,74.357448411315,24,0.7619047619047619,34,[2008.       5.      18.       8.       0.      50.421]
B0005,129,1.3752364150256224,74.07733548873459,24,0.7678571428571429,33,[2008.       5.      18.      12.      44.      48.437]
B0005,130,1.3705128024895008,73.82289732324249,24,0.7738095238095238,32,[2008.       5.      18.      17.      36.      29.734]
B0005,131,1.37050855662704,73.82266861916331,24,0.7797619047619048,31,[2008.       5.      18.      22.      31.      45.515]
B0005,132,1.3647355108681518,73.51170256067292,24,0.7857142857142857,30,[2008.       5.      19.       3.      27.       7.765]
B0005,133,1.375392016895762,74.08571700903983,24,0.7916666666666666,29,[2008.       5.      19.      15.      34.      33.625]
B0005,134,1.3861115151535393,74.6631245442362,24,0.7976190476190477,28,[2008.       5.      19.      20.      59.      48.437]
B0005,135,1.369850003583894,73.78719555127385,24,0.8035714285714286,27,[2.0080e+03 5.0000e+00 2.0000e+01 1.0000e+00 1.6000e+01 4.2609e+01]
B0005,136,1.3647827949260758,73.5142495242232,24,0.8095238095238095,26,[2008.       5.      20.       6.      12.       6.265]
B0005,137,1.3543220466259964,72.95077959801873,24,0.8154761904761905,25,[2008.       5.      20.      11.       7.      23.453]
B0005,138,1.3546417018378962,72.96799787853683,24,0.8214285714285714,24,[2008.       5.      20.      15.      57.      27.312]
B0005,139,1.354703921319241,72.97134934112404,24,0.8273809523809523,23,[2008.       5.      20.      20.      50.      39.015]
B0005,140,1.349314997503458,72.68107407422197,24,0.8333333333333334,22,[2.0080e+03 5.0000e+00 2.1000e+01 1.0000e+00 3.9000e+01 3.8968e+01]
B0005,141,1.3441891937970554,72.40497181525038,24,0.8392857142857143,21,[2008.       5.      21.       6.      24.      27.281]
B0005,142,1.3389913790695755,72.12499067079483,24,0.8452380952380952,20,[2008.       5.      21.      11.      18.       6.015]
B0005,143,1.3389145230206971,72.12085080709221,24,0.8511904761904762,19,[2008.       5.      21.      16.      10.      21.203]
B0005,144,1.3340066759761655,71.85648881952922,24,0.8571428571428571,18,[2.008e+03 5.000e+00 2.100e+01 2.100e+01 2.000e+00 9.781e+00]
B0005,145,1.3286444309174914,71.56765060826297,24,0.8630952380952381,17,[2.0080e+03 5.0000e+00 2.2000e+01 1.0000e+00 4.2000e+01 5.9218e+01]
B0005,146,1.323170899227622,71.2728179243196,24,0.8690476190476191,16,[2008.       5.      22.       6.      32.      40.921]
B0005,147,1.3181691588445197,71.00339835664495,24,0.875,15,[2008.       5.      22.      11.      23.      22.187]
B0005,148,1.3184664436640334,71.01941165230105,24,0.8809523809523809,14,[2008.      5.     22.     16.     17.     58.89]
B0005,149,1.318293040102702,71.01007124097441,24,0.8869047619047619,13,[2008.       5.      22.      20.      59.      50.203]
B0005,150,1.323872422244268,71.3106055768929,24,0.8928571428571429,12,[2008.       5.      23.      12.      13.      16.359]
B0005,151,1.3601216766554785,73.26317762261327,24,0.8988095238095238,11,[2008.       5.      23.      20.      14.      29.875]
B0005,152,1.3395306867947354,72.15404057003532,24,0.9047619047619048,10,[2.0080e+03 5.0000e+00 2.4000e+01 1.0000e+00 9.0000e+00 2.1562e+01]
B0005,153,1.3290286565120697,71.58834698305495,24,0.9107142857142857,9,[2008.       5.      24.       6.       0.      20.156]
B0005,154,1.3236741274998955,71.29992439790139,24,0.9166666666666666,8,[2008.       5.      24.      10.      42.      50.484]
B0005,155,1.318633896753293,71.02843154047167,24,0.9226190476190477,7,[2008.       5.      24.      15.      31.      10.593]
B0005,156,1.3134751321324272,70.75055383642602,24,0.9285714285714286,6,[2008.       5.      24.      20.      21.      13.437]
B0005,157,1.3132020634442203,70.73584494666221,24,0.9345238095238095,5,[2.0080e+03 5.0000e+00 2.5000e+01 1.0000e+00 6.0000e+00 4.9828e+01]
B0005,158,1.3077959946944353,70.44464616507271,24,0.9404761904761905,4,[2008.      5.     25.      5.     57.     17.89]
B0005,159,1.3030329186405918,70.18808229071345,24,0.9464285714285714,3,[2008.       5.      25.      10.      51.      37.015]
B0005,160,1.3033573559038203,70.20555815721221,24,0.9523809523809523,2,[2008.      5.     25.     15.     37.      8.89]
B0005,161,1.3034100438655642,70.20839620292979,24,0.9583333333333334,1,[2008.       5.      25.      20.      23.       4.453]
B0005,162,1.2978870806495706,69.91090088170861,24,0.9642857142857143,0,[2.008e+03 5.000e+00 2.600e+01 1.000e+00 1.300e+01 2.796e+00]
B0005,163,1.2980735056918902,69.92094269724849,24,0.9702380952380952,0,[2.008e+03 5.000e+00 2.600e+01 6.000e+00 1.000e+00 8.171e+00]
B0005,164,1.293463613844243,69.67263011532884,24,0.9761904761904762,0,[2008.       5.      26.      10.      44.      38.468]
B0005,165,1.288003392619118,69.37851440175623,24,0.9821428571428571,0,[2008.       5.      26.      15.      30.      43.968]
B0005,166,1.2874525221379407,69.34884167276276,24,0.9880952380952381,0,[2008.       5.      26.      20.      21.       4.921]
B0005,167,1.3090153642307354,70.5103277055252,24,0.9940476190476191,0,[2008.       5.      27.      15.      52.      41.359]
B0005,168,1.3250793286429356,71.37561578838874,24,1.0,0,[2008.       5.      27.      20.      45.      42.125]
B0006,1,2.035337591005598,100.0,24,0.005952380952380952,101,[2.0080e+03 4.0000e+00 2.0000e+00 1.5000e+01 2.5000e+01 4.1593e+01]
B0006,2,2.025140246031412,99.49898508143076,24,0.011904761904761904,100,[2.0080e+03 4.0000e+00 2.0000e+00 1.9000e+01 4.3000e+01 4.8406e+01]
B0006,3,2.013326371345464,98.91854698908898,24,0.017857142857142856,99,[2.008e+03 4.000e+00 3.000e+00 0.000e+00 1.000e+00 6.687e+00]
B0006,4,2.0132846655407413,98.91649790372313,24,0.023809523809523808,98,[2008.       4.       3.       4.      16.      37.375]
B0006,5,2.000528337624771,98.28975529491258,24,0.02976190476190476,97,[2008.       4.       3.       8.      33.      25.703]
B0006,6,2.0138990759931645,98.9466850557287,24,0.03571428571428571,96,[2008.       4.       3.      12.      55.      10.687]
B0006,7,2.013101105626967,98.907479256665,24,0.041666666666666664,95,[2008.       4.       3.      17.      17.      16.015]
B0006,8,1.96878982627284,96.73038197560736,24,0.047619047619047616,94,[2008.       4.       3.      21.      28.      14.718]
B0006,9,1.9681661764334244,96.69974087497759,24,0.05357142857142857,93,[2.0080e+03 4.0000e+00 4.0000e+00 1.0000e+00 3.8000e+01 1.5218e+01]
B0006,10,1.9572307917560536,96.16246466459876,24,0.05952380952380952,92,[2008.       4.       4.       5.      48.       8.609]
B0006,11,1.9455991514129352,95.59098009149795,24,0.06547619047619048,91,[2008.       4.       4.       9.      57.      19.765]
B0006,12,1.934750504484113,95.05796547137972,24,0.07142857142857142,90,[2008.       4.       4.      17.      56.      27.609]
B0006,13,1.9232799539368028,94.49439554578115,24,0.07738095238095238,89,[2.0080e+03 4.0000e+00 4.0000e+00 2.2000e+01 1.0000e+00 5.4671e+01]
B0006,14,1.911889930948487,93.93478209204011,24,0.08333333333333333,88,[2.0080e+03 4.0000e+00 5.0000e+00 2.0000e+00 2.0000e+01 2.6703e+01]
B0006,15,1.9010667141979305,93.40301690486008,24,0.08928571428571429,87,[2.008e+03 4.000e+00 5.000e+00 6.000e+00 2.500e+01 1.890e+00]
B0006,16,1.8891989948061456,92.81993331989462,24,0.09523809523809523,86,[2008.       4.       5.      10.      30.      32.312]
B0006,17,1.878278372248849,92.2833824005014,24,0.10119047619047619,85,[2008.       4.       5.      14.      34.      41.468]
B0006,18,1.8675697161520208,91.75724579573613,24,0.10714285714285714,84,[2008.       4.       5.      18.      39.      25.218]
B0006,19,1.8675892574453767,91.75820589657847,24,0.1130952380952381,83,[2008.       4.       5.      22.      46.      35.484]
B0006,20,1.979626548250818,97.26281070025072,24,0.11904761904761904,82,[2008.       4.      18.      21.      10.      19.796]
B0006,21,1.9575499080884025,96.17814345585968,24,0.125,81,[2008    4   19    2   29    9]
B0006,22,1.9458150170787551,95.6015859814876,24,0.13095238095238096,80,[2008.       4.      19.       7.      47.      15.703]
B0006,23,1.9242461121680092,94.54186473396278,24,0.13690476190476192,79,[2.0080e+03 4.0000e+00 1.9000e+01 1.3000e+01 1.0000e+00 4.2562e+01]
B0006,24,1.945981133142164,95.60974757905957,24,0.14285714285714285,78,[2008.       4.      19.      18.      27.      29.828]
B0006,25,1.901407930553079,93.41978151219875,24,0.1488095238095238,77,[2008.       4.      19.      23.      41.      55.687]
B0006,26,1.878674213680085,92.3028308415357,24,0.15476190476190477,76,[2008.       4.      20.       4.      54.      41.734]
B0006,27,1.8683061328264217,91.79342734506018,24,0.16071428571428573,75,[2008.       4.      20.      10.      16.      28.859]
B0006,28,1.8560244070083,91.19000283836428,24,0.16666666666666666,74,[2008.       4.      20.      15.      37.       5.281]
B0006,29,1.8451997961855775,90.65816915777204,24,0.17261904761904762,73,[2008.       4.      20.      20.      50.      38.921]
B0006,30,1.857228890885317,91.24918141799353,24,0.17857142857142858,72,[2.008e+03 4.000e+00 2.100e+01 2.000e+00 1.500e+01 2.921e+00]
B0006,31,1.9247760889090637,94.56790349742869,24,0.18452380952380953,71,[2008.       4.      22.      15.      33.      49.875]
B0006,32,1.8822317526092551,92.47761948322794,24,0.19047619047619047,70,[2008.       4.      22.      20.      26.      18.921]
B0006,33,1.855276687885587,91.15326597829659,24,0.19642857142857142,69,[2.0080e+03 4.0000e+00 2.3000e+01 1.0000e+00 1.8000e+01 1.1796e+01]
B0006,34,1.839250891718188,90.36588818710268,24,0.20238095238095238,68,[2008.       4.      23.       6.      18.      19.921]
B0006,35,1.8185396073994429,89.34830346748316,24,0.20833333333333334,67,[2.008e+03 4.000e+00 2.300e+01 1.100e+01 8.000e+00 3.120e-01]
B0006,36,1.8134770059567056,89.09956824708976,24,0.21428571428571427,66,[2008.       4.      23.      16.       6.      25.171]
B0006,37,1.7971018450305436,88.29502550201761,24,0.22023809523809523,65,[2.0080e+03 4.0000e+00 2.3000e+01 2.1000e+01 2.0000e+00 5.8296e+01]
B0006,38,1.7810046294120476,87.50413873759919,24,0.2261904761904762,64,[2.008e+03 4.000e+00 2.400e+01 1.000e+00 5.100e+01 3.389e+01]
B0006,39,1.7710130422682329,87.01323309187394,24,0.23214285714285715,63,[2.008e+03 4.000e+00 2.400e+01 6.000e+00 5.000e+01 3.100e-02]
B0006,40,1.7604712448170945,86.4952945691579,24,0.23809523809523808,62,[2008.       4.      24.      11.      49.      24.281]
B0006,41,1.7502913788006589,85.99513842496731,24,0.24404761904761904,61,[2008.       4.      24.      16.      45.      56.015]
B0006,42,1.7394925037732578,85.46456919285944,24,0.25,60,[2008.       4.      24.      21.      38.      11.078]
B0006,43,1.7546766553637203,86.21059538809914,24,0.25595238095238093,59,[2008.       4.      25.      12.       3.      44.093]
B0006,44,1.7659390941842177,86.76394038945261,24,0.2619047619047619,58,[2008.       4.      25.      20.       3.      55.921]
B0006,45,1.7337887419624838,85.18433254632082,24,0.26785714285714285,57,[2.0080e+03 4.0000e+00 2.6000e+01 1.0000e+00 4.0000e+00 3.5718e+01]
B0006,46,1.713325912040734,84.17895486292434,24,0.27380952380952384,56,[2008.      4.     26.      5.     57.     35.14]
B0006,47,1.7024077813673466,83.64252637451848,24,0.27976190476190477,55,[2008.       4.      26.      10.      58.      25.843]
B0006,48,1.82371946178183,89.60279954741002,24,0.2857142857142857,54,[2008.       4.      29.      12.      15.      56.953]
B0006,49,1.8081284050314708,88.83678132914206,24,0.2916666666666667,53,[2008.       4.      29.      17.       5.      27.781]
B0006,50,1.7757610945034283,87.246513912519,24,0.2976190476190476,52,[2008.      4.     29.     22.      0.      4.75]
B0006,51,1.7447409841836798,85.72243699983238,24,0.30357142857142855,51,[2.0080e+03 4.0000e+00 3.0000e+01 2.0000e+00 4.3000e+01 5.5312e+01]
B0006,52,1.729207034132373,84.95922454210778,24,0.30952380952380953,50,[2008.       4.      30.       7.      41.      42.578]
B0006,53,1.7081086552553244,83.92262113192731,24,0.31547619047619047,49,[2008.       4.      30.      12.      28.      49.265]
B0006,54,1.6975954237461768,83.40608610817466,24,0.32142857142857145,48,[2008.      4.     30.     17.     20.     16.14]
B0006,55,1.6820634524029463,82.64297086813447,24,0.3273809523809524,47,[2008.       4.      30.      22.      14.      54.062]
B0006,56,1.6714768322295086,82.1228301199745,24,0.3333333333333333,46,[2.008e+03 5.000e+00 1.000e+00 3.000e+00 1.500e+01 3.314e+01]
B0006,57,1.6607591387047655,81.59624948921793,24,0.3392857142857143,45,[2.008e+03 5.000e+00 1.000e+00 8.000e+00 1.600e+01 3.343e+00]
B0006,58,1.651121015038069,81.12271017518528,24,0.34523809523809523,44,[2.0080e+03 5.0000e+00 1.0000e+00 1.3000e+01 1.4000e+01 2.4875e+01]
B0006,59,1.640134925619093,80.58294274458679,24,0.35119047619047616,43,[2.0080e+03 5.0000e+00 1.0000e+00 1.8000e+01 1.1000e+01 1.0984e+01]
B0006,60,1.629199941616544,80.04568622012263,24,0.35714285714285715,42,[2.0080e+03 5.0000e+00 1.0000e+00 2.3000e+01 1.0000e+01 1.5265e+01]
B0006,61,1.6088496302961666,79.04583678923177,24,0.3630952380952381,41,[2.0080e+03 5.0000e+00 2.0000e+00 3.0000e+00 5.3000e+01 3.4765e+01]
B0006,62,1.6035244898969248,78.78420253146665,24,0.36904761904761907,40,[2.0080e+03 5.0000e+00 2.0000e+00 8.0000e+00 4.4000e+01 4.0859e+01]
B0006,63,1.5989712144027983,78.56049146190021,24,0.375,39,[2.008e+03 5.000e+00 2.000e+00 1.300e+01 4.300e+01 5.093e+00]
B0006,64,1.5876273123575604,78.0031440176547,24,0.38095238095238093,38,[2.0080e+03 5.0000e+00 2.0000e+00 1.9000e+01 7.0000e+00 4.8359e+01]
B0006,65,1.5829719744686166,77.77441842886215,24,0.3869047619047619,37,[2.0080e+03 5.0000e+00 2.0000e+00 2.3000e+01 2.4000e+01 1.7687e+01]
B0006,66,1.567137636713563,76.99644735295674,24,0.39285714285714285,36,[2008.       5.       3.       4.      13.       8.609]
B0006,67,1.5613446139713882,76.71182514739364,24,0.39880952380952384,35,[2008.       5.       3.       9.      10.      19.812]
B0006,68,1.551171189279042,76.2119854776846,24,0.40476190476190477,34,[2008.       5.       3.      14.       4.      34.187]
B0006,69,1.5406741606295171,75.69624653118686,24,0.4107142857142857,33,[2008.       5.       3.      18.      58.      13.468]
B0006,70,1.5253138744624433,74.94156650980108,24,0.4166666666666667,32,[2008.       5.       3.      23.      42.      30.093]
B0006,71,1.5301570318067428,75.17952002501654,24,0.4226190476190476,31,[2008    5    4    4   41   40]
B0006,72,1.524656683447409,74.90927746753415,24,0.42857142857142855,30,[2008.       5.       4.       9.      40.      11.906]
B0006,73,1.5145492986655429,74.41268246400591,24,0.43452380952380953,29,[2008.       5.       4.      14.      38.      13.359]
B0006,74,1.509391504602082,74.15927024943012,24,0.44047619047619047,28,[2008.      5.      4.     19.     37.      7.89]
B0006,75,1.5039974333050703,73.89424928579004,24,0.44642857142857145,27,[2008.       5.       5.       0.      35.      53.968]
B0006,76,1.4935201918040188,73.37948251946334,24,0.4523809523809524,26,[2008.       5.       5.       5.      28.      13.937]
B0006,77,1.4876323024497422,73.09019933714036,24,0.4583333333333333,25,[2008.     5.     5.    11.    41.    31.5]
B0006,78,1.5302876214401704,75.18593614163545,24,0.4642857142857143,24,[2008.       5.       5.      20.      40.       8.562]
B0006,79,1.5040760088360112,73.89810985080334,24,0.47023809523809523,23,[2.0080e+03 5.0000e+00 6.0000e+00 1.0000e+00 3.8000e+01 4.6265e+01]
B0006,80,1.4887593608730894,73.14557385723607,24,0.47619047619047616,22,[2008.       5.       6.       6.      37.       6.296]
B0006,81,1.4782779285546637,72.63060118809538,24,0.48214285714285715,21,[2008.       5.       6.      11.      25.      21.031]
B0006,82,1.478459982215684,72.63954583009604,24,0.4880952380952381,20,[2008.       5.       6.      16.      23.      36.296]
B0006,83,1.473214844899973,72.38184227571321,24,0.49404761904761907,19,[2008.       5.       6.      21.      21.      49.265]
B0006,84,1.4675164935067897,72.10187145326269,24,0.5,18,[2.0080e+03 5.0000e+00 7.0000e+00 2.0000e+00 1.7000e+01 2.5156e+01]
B0006,85,1.4516292657521337,71.32130179126344,24,0.5059523809523809,17,[2008.       5.       7.       7.       4.       2.109]
B0006,86,1.4519237720967175,71.33577144710262,24,0.5119047619047619,16,[2.0080e+03 5.0000e+00 7.0000e+00 1.2000e+01 1.0000e+00 4.9906e+01]
B0006,87,1.4471484694777743,71.10115176336829,24,0.5178571428571429,15,[2008.       5.       7.      16.      59.      29.937]
B0006,88,1.4468538105659885,71.08667461161282,24,0.5238095238095238,14,[2008.       5.       7.      21.      56.       9.656]
B0006,89,1.4416741930284678,70.8321901683239,24,0.5297619047619048,13,[2.0080e+03 5.0000e+00 8.0000e+00 2.0000e+00 5.3000e+01 4.9937e+01]
B0006,90,1.5935866593100128,78.2959380474406,24,0.5357142857142857,12,[2008    5    9   12   25    7]
B0006,91,1.5463902376915637,75.9770882494014,24,0.5416666666666666,11,[2008.       5.       9.      20.      28.       9.734]
B0006,92,1.51470559175661,74.42036144029748,24,0.5476190476190477,10,[2.008e+03 5.000e+00 1.000e+01 1.000e+00 2.100e+01 5.650e+01]
B0006,93,1.4989786083335404,73.64766488653811,24,0.5535714285714286,9,[2008    5   10    6   18   12]
B0006,94,1.4831110745410492,72.86806282628963,24,0.5595238095238095,8,[2008.       5.      10.      11.      16.       4.843]
B0006,95,1.4729664825468278,72.36963976177928,24,0.5654761904761905,7,[2008.       5.      10.      16.      11.      56.109]
B0006,96,1.4627604396099307,71.86819749578868,24,0.5714285714285714,6,[2008.       5.      10.      21.       7.      54.625]
B0006,97,1.4518364681062514,71.33148203630158,24,0.5773809523809523,5,[2.0080e+03 5.0000e+00 1.1000e+01 2.0000e+00 5.0000e+00 2.1796e+01]
B0006,98,1.4468670644030392,71.08732579778997,24,0.5833333333333334,4,[2008.       5.      11.       6.      55.      27.734]
B0006,99,1.441380399427779,70.81775553094546,24,0.5892857142857143,3,[2008.       5.      11.      11.      52.      47.187]
B0006,100,1.431210744960774,70.31810109956534,24,0.5952380952380952,2,[2008.       5.      11.      16.      49.      58.921]
B0006,101,1.4260247179525716,70.06330174681324,24,0.6011904761904762,1,[2008.       5.      11.      21.      47.      12.843]
B0006,102,1.420487649966195,69.79125508434085,24,0.6071428571428571,0,[2.0080e+03 5.0000e+00 1.2000e+01 2.0000e+00 3.6000e+01 5.8921e+01]
B0006,103,1.4207006230355006,69.80171885557206,24,0.6130952380952381,0,[2008.       5.      12.      12.      56.      34.781]
B0006,104,1.452255804330839,71.35208482113887,24,0.6190476190476191,0,[2008.       5.      12.      18.      59.      59.453]
B0006,105,1.431557632772571,70.33514435633658,24,0.625,0,[2008.       5.      12.      23.      53.      17.609]
B0006,106,1.415015751158943,69.52241030736464,24,0.6309523809523809,0,[2008.       5.      13.       4.      35.      25.359]
B0006,107,1.4097311506517451,69.26276785146193,24,0.6369047619047619,0,[2008.       5.      13.       9.      24.       4.718]
B0006,108,1.404917318129309,69.02625512041874,24,0.6428571428571429,0,[2008.       5.      13.      14.      20.      24.937]
B0006,109,1.395164296571563,68.54707065486149,24,0.6488095238095238,0,[2008.       5.      13.      19.       4.      20.531]
B0006,110,1.3945343832614077,68.51612181802287,24,0.6547619047619048,0,[2008.       5.      13.      23.      59.      26.015]
B0006,111,1.3893171179312644,68.25978766720687,24,0.6607142857142857,0,[2008.       5.      14.       4.      55.      57.453]
B0006,112,1.3838379472327809,67.99058560840852,24,0.6666666666666666,0,[2008.       5.      14.       9.      52.      22.062]
B0006,113,1.3736814238195123,67.4915763306282,24,0.6726190476190477,0,[2008.       5.      14.      14.      35.      22.515]
B0006,114,1.3786059891863676,67.73352957654757,24,0.6785714285714286,0,[2008.      5.     14.     19.     31.     39.39]
B0006,115,1.3737600299108574,67.49543839713218,24,0.6845238095238095,0,[2008.       5.      15.       0.      27.      55.625]
B0006,116,1.3682580583942712,67.22511609085237,24,0.6904761904761905,0,[2008.      5.     15.      5.     24.      4.89]
B0006,117,1.3633024037317505,66.98163536881292,24,0.6964285714285714,0,[2008.       5.      15.      10.      20.       3.875]
B0006,118,1.35809661401726,66.72586503678075,24,0.7023809523809523,0,[2008.       5.      15.      15.      10.      59.437]
B0006,119,1.353269090999531,66.48867966571198,24,0.7083333333333334,0,[2008.      5.     15.     19.     56.     47.39]
B0006,120,1.3841605738237488,68.00643686533974,24,0.7142857142857143,0,[2008.       5.      16.      16.      54.      59.812]
B0006,121,1.4051467790651473,69.03752897183544,24,0.7202380952380952,0,[2008.       5.      16.      21.      37.      39.671]
B0006,122,1.378719022627353,67.7390831241008,24,0.7261904761904762,0,[2.0080e+03 5.0000e+00 1.7000e+01 2.0000e+00 3.2000e+01 1.3968e+01]
B0006,123,1.3682657783199066,67.22549538545536,24,0.7321428571428571,0,[2008.       5.      17.       7.      25.      19.906]
B0006,124,1.3573151296618016,66.68746922672389,24,0.7380952380952381,0,[2008.      5.     17.     12.     21.     15.89]
B0006,125,1.3524934638801596,66.45057163278422,24,0.7440476190476191,0,[2008.       5.      17.      17.      15.      37.281]
B0006,126,1.3474099151661236,66.20080723318286,24,0.75,0,[2008.       5.      17.      22.      10.      51.218]
B0006,127,1.3370075130842318,65.6897174696045,24,0.7559523809523809,0,[2008.       5.      18.       3.       5.      19.265]
B0006,128,1.3312352966718526,65.40611751852576,24,0.7619047619047619,0,[2008.       5.      18.       8.       0.      50.421]
B0006,129,1.3259303781727645,65.14547680110712,24,0.7678571428571429,0,[2008.       5.      18.      12.      44.      48.437]
B0006,130,1.321578743867529,64.93167274597319,24,0.7738095238095238,0,[2008.       5.      18.      17.      36.      29.734]
B0006,131,1.321225074066109,64.91429627717592,24,0.7797619047619048,0,[2008.       5.      18.      22.      31.      45.515]
B0006,132,1.3156485301862682,64.64031008911138,24,0.7857142857142857,0,[2008.       5.      19.       3.      27.       7.765]
B0006,133,1.3209025697502388,64.8984510278524,24,0.7916666666666666,0,[2008.       5.      19.      15.      34.      33.625]
B0006,134,1.3474328767273906,66.20193537828118,24,0.7976190476190477,0,[2008.       5.      19.      20.      59.      48.437]
B0006,135,1.3260128072353616,65.14952669744675,24,0.8035714285714286,0,[2.0080e+03 5.0000e+00 2.0000e+01 1.0000e+00 1.6000e+01 4.2609e+01]
B0006,136,1.3101186784831065,64.3686179763337,24,0.8095238095238095,0,[2008.       5.      20.       6.      12.       6.265]
B0006,137,1.30521620229393,64.12775001365068,24,0.8154761904761905,0,[2008.       5.      20.      11.       7.      23.453]
B0006,138,1.3004061951355774,63.89142523000749,24,0.8214285714285714,0,[2008.       5.      20.      15.      57.      27.312]
B0006,139,1.300235735841116,63.88305024124815,24,0.8273809523809523,0,[2008.       5.      20.      20.      50.      39.015]
B0006,140,1.2895066722480757,63.35591097744969,24,0.8333333333333334,0,[2.0080e+03 5.0000e+00 2.1000e+01 1.0000e+00 3.9000e+01 3.8968e+01]
B0006,141,1.279253057384795,62.85213141239902,24,0.8392857142857143,0,[2008.       5.      21.       6.      24.      27.281]
B0006,142,1.2792078171714618,62.84990867482796,24,0.8452380952380952,0,[2008.       5.      21.      11.      18.       6.015]
B0006,143,1.274036760902923,62.59584486293798,24,0.8511904761904762,0,[2008.       5.      21.      16.      10.      21.203]
B0006,144,1.2741273923001468,62.600297755550194,24,0.8571428571428571,0,[2.008e+03 5.000e+00 2.100e+01 2.100e+01 2.000e+00 9.781e+00]
B0006,145,1.263763942644078,62.091121798604966,24,0.8630952380952381,0,[2.0080e+03 5.0000e+00 2.2000e+01 1.0000e+00 4.2000e+01 5.9218e+01]
B0006,146,1.2581373688955233,61.8146775481072,24,0.8690476190476191,0,[2008.       5.      22.       6.      32.      40.921]
B0006,147,1.253259864055301,61.57503647520722,24,0.875,0,[2008.       5.      22.      11.      23.      22.187]
B0006,148,1.2532313315493426,61.573634619019614,24,0.8809523809523809,0,[2008.      5.     22.     16.     17.     58.89]
B0006,149,1.2480874960313575,61.32090821428379,24,0.8869047619047619,0,[2008.       5.      22.      20.      59.      50.203]
B0006,150,1.2534354284944844,61.58366228941904,24,0.8928571428571429,0,[2008.       5.      23.      12.      13.      16.359]
B0006,151,1.28980487732669,63.37056235911393,24,0.8988095238095238,0,[2008.       5.      23.      20.      14.      29.875]
B0006,152,1.2635402021758837,62.080129004624105,24,0.9047619047619048,0,[2.0080e+03 5.0000e+00 2.4000e+01 1.0000e+00 9.0000e+00 2.1562e+01]
B0006,153,1.2479761706842851,61.315438588627366,24,0.9107142857142857,0,[2008.       5.      24.       6.       0.      20.156]
B0006,154,1.2321202877943334,60.53640895934027,24,0.9166666666666666,0,[2008.       5.      24.      10.      42.      50.484]
B0006,155,1.2271137666213534,60.290429069070264,24,0.9226190476190477,0,[2008.       5.      24.      15.      31.      10.593]
B0006,156,1.2217397581377356,60.02639382954212,24,0.9285714285714286,0,[2008.       5.      24.      20.      21.      13.437]
B0006,157,1.211102678915174,59.50377393250057,24,0.9345238095238095,0,[2.0080e+03 5.0000e+00 2.5000e+01 1.0000e+00 6.0000e+00 4.9828e+01]
B0006,158,1.2056159765131735,59.23420182680926,24,0.9404761904761905,0,[2008.      5.     25.      5.     57.     17.89]
B0006,159,1.2008936262717274,59.002183793913154,24,0.9464285714285714,0,[2008.       5.      25.      10.      51.      37.015]
B0006,160,1.1905903985558337,58.49596665522202,24,0.9523809523809523,0,[2008.      5.     25.     15.     37.      8.89]
B0006,161,1.185179251041941,58.23010670462684,24,0.9583333333333334,0,[2008.       5.      25.      20.      23.       4.453]
B0006,162,1.1796706818144624,57.95946024028492,24,0.9642857142857143,0,[2.008e+03 5.000e+00 2.600e+01 1.000e+00 1.300e+01 2.796e+00]
B0006,163,1.1745952836753917,57.71009629390572,24,0.9702380952380952,0,[2.008e+03 5.000e+00 2.600e+01 6.000e+00 1.000e+00 8.171e+00]
B0006,164,1.15381833159625,56.689285192545555,24,0.9761904761904762,0,[2008.       5.      26.      10.      44.      38.468]
B0006,165,1.1644009557372264,57.20922960804411,24,0.9821428571428571,0,[2008.       5.      26.      15.      30.      43.968]
B0006,166,1.1587974947916069,56.933920933434955,24,0.9880952380952381,0,[2008.       5.      26.      20.      21.       4.921]
B0006,167,1.1749748834769171,57.72874675283711,24,0.9940476190476191,0,[2008.       5.      27.      15.      52.      41.359]
B0006,168,1.1856752327929356,58.254475229690506,24,1.0,0,[2008.       5.      27.      20.      45.      42.125]
B0007,1,1.89105229539079,100.0,24,0.005952380952380952,167,[2.0080e+03 4.0000e+00 2.0000e+00 1.5000e+01 2.5000e+01 4.1593e+01]
B0007,2,1.880637027686859,99.44923428456647,24,0.011904761904761904,166,[2.0080e+03 4.0000e+00 2.0000e+00 1.9000e+01 4.3000e+01 4.8406e+01]
B0007,3,1.8806626717011388,99.45059035569906,24,0.017857142857142856,165,[2.008e+03 4.000e+00 3.000e+00 0.000e+00 1.000e+00 6.687e+00]
B0007,4,1.8807709009833444,99.45631358622364,24,0.023809523809523808,164,[2008.       4.       3.       4.      16.      37.375]
B0007,5,1.8794508728285055,99.38650969142621,24,0.02976190476190476,163,[2008.       4.       3.       8.      33.      25.703]
B0007,6,1.8807003517117404,99.45258289766596,24,0.03571428571428571,162,[2008.       4.       3.      12.      55.      10.687]
B0007,7,1.8799352523566075,99.41212397661985,24,0.041666666666666664,161,[2008.       4.       3.      17.      17.      16.015]
B0007,8,1.88150881240388,99.49533479268811,24,0.047619047619047616,160,[2008.       4.       3.      21.      28.      14.718]
B0007,9,1.8696907870385844,98.87039039563994,24,0.05357142857142857,159,[2.0080e+03 4.0000e+00 4.0000e+00 1.0000e+00 3.8000e+01 1.5218e+01]
B0007,10,1.870052380139199,98.88951165957833,24,0.05952380952380952,158,[2008.       4.       4.       5.      48.       8.609]
B0007,11,1.8700442394188577,98.88908117331621,24,0.06547619047619048,157,[2008.       4.       4.       9.      57.      19.765]
B0007,12,1.8596518987766364,98.33952785490447,24,0.07142857142857142,156,[2008.       4.       4.      17.      56.      27.609]
B0007,13,1.8590746560862208,98.30900290898825,24,0.07738095238095238,155,[2.0080e+03 4.0000e+00 4.0000e+00 2.2000e+01 1.0000e+00 5.4671e+01]
B0007,14,1.8590084577709232,98.30550230165662,24,0.08333333333333333,154,[2.0080e+03 4.0000e+00 5.0000e+00 2.0000e+00 2.0000e+01 2.6703e+01]
B0007,15,1.8593622586957048,98.32421151057929,24,0.08928571428571429,153,[2.008e+03 4.000e+00 5.000e+00 6.000e+00 2.500e+01 1.890e+00]
B0007,16,1.8587355450601035,98.29107051087615,24,0.09523809523809523,152,[2008.       4.       5.      10.      30.      32.312]
B0007,17,1.847817291322145,97.7137065868551,24,0.10119047619047619,151,[2008.       4.       5.      14.      34.      41.468]
B0007,18,1.8485252916137047,97.75114607455649,24,0.10714285714285714,150,[2008.       4.       5.      18.      39.      25.218]
B0007,19,1.848378951850034,97.74340753850292,24,0.1130952380952381,149,[2008.       4.       5.      22.      46.      35.484]
B0007,20,1.8807805437609768,99.45682350219244,24,0.11904761904761904,148,[2008.       4.      18.      21.      10.      19.796]
B0007,21,1.88147215974436,99.49339657767369,24,0.125,147,[2008    4   19    2   29    9]
B0007,22,1.8810954313244783,99.47347494881129,24,0.13095238095238096,146,[2008.       4.      19.       7.      47.      15.703]
B0007,23,1.8710089649779995,98.94009644991608,24,0.13690476190476192,145,[2.0080e+03 4.0000e+00 1.9000e+01 1.3000e+01 1.0000e+00 4.2562e+01]
B0007,24,1.8701995151941373,98.89729225111972,24,0.14285714285714285,144,[2008.       4.      19.      18.      27.      29.828]
B0007,25,1.8706715362800983,98.92225301434723,24,0.1488095238095238,143,[2008.       4.      19.      23.      41.      55.687]
B0007,26,1.8596124644020169,98.33744254109715,24,0.15476190476190477,142,[2008.       4.      20.       4.      54.      41.734]
B0007,27,1.860033909718346,98.35972882674649,24,0.16071428571428573,141,[2008.       4.      20.      10.      16.      28.859]
B0007,28,1.8591653109160768,98.31379679174215,24,0.16666666666666666,140,[2008.       4.      20.      15.      37.       5.281]
B0007,29,1.8481398178778288,97.73076198804469,24,0.17261904761904762,139,[2008.       4.      20.      20.      50.      38.921]
B0007,30,1.849201702126164,97.78691507545129,24,0.17857142857142858,138,[2.008e+03 4.000e+00 2.100e+01 2.000e+00 1.500e+01 2.921e+00]
B0007,31,1.8834677437950849,99.5989242807197,24,0.18452380952380953,137,[2008.       4.      22.      15.      33.      49.875]
B0007,32,1.8628211117905844,98.50711777410832,24,0.19047619047619047,136,[2008.       4.      22.      20.      26.      18.921]
B0007,33,1.852085039652352,97.93938772431541,24,0.19642857142857142,135,[2.0080e+03 4.0000e+00 2.3000e+01 1.0000e+00 1.8000e+01 1.1796e+01]
B0007,34,1.8469504648208708,97.66786827220949,24,0.20238095238095238,134,[2008.       4.      23.       6.      18.      19.921]
B0007,35,1.836828431169018,97.13260895248978,24,0.20833333333333334,133,[2.008e+03 4.000e+00 2.300e+01 1.100e+01 8.000e+00 3.120e-01]
B0007,36,1.8371619619672277,97.150246264743,24,0.21428571428571427,132,[2008.       4.      23.      16.       6.      25.171]
B0007,37,1.8316722583718852,96.85994738677314,24,0.22023809523809523,131,[2.0080e+03 4.0000e+00 2.3000e+01 2.1000e+01 2.0000e+00 5.8296e+01]
B0007,38,1.8211470951317783,96.30337032828774,24,0.2261904761904762,130,[2.008e+03 4.000e+00 2.400e+01 1.000e+00 5.100e+01 3.389e+01]
B0007,39,1.816506091511515,96.0579512231908,24,0.23214285714285715,129,[2.008e+03 4.000e+00 2.400e+01 6.000e+00 5.000e+01 3.100e-02]
B0007,40,1.8113815601504557,95.78696287593304,24,0.23809523809523808,128,[2008.       4.      24.      11.      49.      24.281]
B0007,41,1.8116056333939583,95.79881200586186,24,0.24404761904761904,127,[2008.       4.      24.      16.      45.      56.015]
B0007,42,1.8060548955557405,95.50528559986309,24,0.25,126,[2008.       4.      24.      21.      38.      11.078]
B0007,43,1.8132041826994056,95.8833442691601,24,0.25595238095238093,125,[2008.       4.      25.      12.       3.      44.093]
B0007,44,1.8062641938283532,95.51635342031008,24,0.2619047619047619,124,[2008.       4.      25.      20.       3.      55.921]
B0007,45,1.7958310249900458,94.96464108196085,24,0.26785714285714285,123,[2.0080e+03 4.0000e+00 2.6000e+01 1.0000e+00 4.0000e+00 3.5718e+01]
B0007,46,1.7858852600390451,94.43870295876657,24,0.27380952380952384,122,[2008.      4.     26.      5.     57.     35.14]
B0007,47,1.780326860450275,94.14477139472056,24,0.27976190476190477,121,[2008.       4.      26.      10.      58.      25.843]
B0007,48,1.8150756899575575,95.98231071565729,24,0.2857142857142857,120,[2008.       4.      29.      12.      15.      56.953]
B0007,49,1.815702515484584,96.0154576322473,24,0.2916666666666667,119,[2008.       4.      29.      17.       5.      27.781]
B0007,50,1.800243217805667,95.19796053200332,24,0.2976190476190476,118,[2008.      4.     29.     22.      0.      4.75]
B0007,51,1.7904476205609308,94.67996336880418,24,0.30357142857142855,117,[2.0080e+03 4.0000e+00 3.0000e+01 2.0000e+00 4.3000e+01 5.5312e+01]
B0007,52,1.780343032300132,94.14562657201503,24,0.30952380952380953,116,[2008.       4.      30.       7.      41.      42.578]
B0007,53,1.775328769596812,93.88046929870528,24,0.31547619047619047,115,[2008.       4.      30.      12.      28.      49.265]
B0007,54,1.770262973473285,93.6125869066702,24,0.32142857142857145,114,[2008.      4.     30.     17.     20.     16.14]
B0007,55,1.760081061854204,93.07416120348377,24,0.3273809523809524,113,[2008.       4.      30.      22.      14.      54.062]
B0007,56,1.749647593537689,92.52243302854406,24,0.3333333333333333,112,[2.008e+03 5.000e+00 1.000e+00 3.000e+00 1.500e+01 3.314e+01]
B0007,57,1.749650075059311,92.52256425292258,24,0.3392857142857143,111,[2.008e+03 5.000e+00 1.000e+00 8.000e+00 1.600e+01 3.343e+00]
B0007,58,1.745028739214683,92.2781851918098,24,0.34523809523809523,110,[2.0080e+03 5.0000e+00 1.0000e+00 1.3000e+01 1.4000e+01 2.4875e+01]
B0007,59,1.739645745528673,91.9935291989993,24,0.35119047619047616,109,[2.0080e+03 5.0000e+00 1.0000e+00 1.8000e+01 1.1000e+01 1.0984e+01]
B0007,60,1.7285642277717963,91.40753177397374,24,0.35714285714285715,108,[2.0080e+03 5.0000e+00 1.0000e+00 2.3000e+01 1.0000e+01 1.5265e+01]
B0007,61,1.723900324588418,91.16090172599749,24,0.3630952380952381,107,[2.0080e+03 5.0000e+00 2.0000e+00 3.0000e+00 5.3000e+01 3.4765e+01]
B0007,62,1.7139788776485192,90.63624955407813,24,0.36904761904761907,106,[2.0080e+03 5.0000e+00 2.0000e+00 8.0000e+00 4.4000e+01 4.0859e+01]
B0007,63,1.7139701997004613,90.63579065888634,24,0.375,105,[2.008e+03 5.000e+00 2.000e+00 1.300e+01 4.300e+01 5.093e+00]
B0007,64,1.7036521173638766,90.09016416501656,24,0.38095238095238093,104,[2.0080e+03 5.0000e+00 2.0000e+00 1.9000e+01 7.0000e+00 4.8359e+01]
B0007,65,1.7040137474382486,90.10928738414982,24,0.3869047619047619,103,[2.0080e+03 5.0000e+00 2.0000e+00 2.3000e+01 2.4000e+01 1.7687e+01]
B0007,66,1.6935716157343033,89.55710108399319,24,0.39285714285714285,102,[2008.       5.       3.       4.      13.       8.609]
B0007,67,1.6876577363877656,89.24437153331117,24,0.39880952380952384,101,[2008.       5.       3.       9.      10.      19.812]
B0007,68,1.6830744356583152,89.00200379231205,24,0.40476190476190477,100,[2008.       5.       3.      14.       4.      34.187]
B0007,69,1.6779270142025482,88.72980500287017,24,0.4107142857142857,99,[2008.       5.       3.      18.      58.      13.468]
B0007,70,1.6732060275966172,88.4801563486559,24,0.4166666666666667,98,[2008.       5.       3.      23.      42.      30.093]
B0007,71,1.6674367208253988,88.17507188402843,24,0.4226190476190476,97,[2008    5    4    4   41   40]
B0007,72,1.6622662630667526,87.90165492082501,24,0.42857142857142855,96,[2008.       5.       4.       9.      40.      11.906]
B0007,73,1.6574243065763063,87.645609305257,24,0.43452380952380953,95,[2008.       5.       4.      14.      38.      13.359]
B0007,74,1.652538684928734,87.38725464951953,24,0.44047619047619047,94,[2008.      5.      4.     19.     37.      7.89]
B0007,75,1.6472174627573322,87.10586517211738,24,0.44642857142857145,93,[2008.       5.       5.       0.      35.      53.968]
B0007,76,1.6364136810898071,86.53455460107405,24,0.4523809523809524,92,[2008.       5.       5.       5.      28.      13.937]
B0007,77,1.6362554312048496,86.52618625053486,24,0.4583333333333333,91,[2008.     5.     5.    11.    41.    31.5]
B0007,78,1.641119179218384,86.78338421514901,24,0.4642857142857143,90,[2008.       5.       5.      20.      40.       8.562]
B0007,79,1.6315700789656966,86.27842196339309,24,0.47023809523809523,89,[2.0080e+03 5.0000e+00 6.0000e+00 1.0000e+00 3.8000e+01 4.6265e+01]
B0007,80,1.621213282987236,85.73074826850355,24,0.47619047619047616,88,[2008.       5.       6.       6.      37.       6.296]
B0007,81,1.6164273214762122,85.47766370163623,24,0.48214285714285715,87,[2008.       5.       6.      11.      25.      21.031]
B0007,82,1.615823510161921,85.44573379066746,24,0.4880952380952381,86,[2008.       5.       6.      16.      23.      36.296]
B0007,83,1.61672418029789,85.49336177737963,24,0.49404761904761907,85,[2008.       5.       6.      21.      21.      49.265]
B0007,84,1.6108655863730026,85.1835557535501,24,0.5,84,[2.0080e+03 5.0000e+00 7.0000e+00 2.0000e+00 1.7000e+01 2.5156e+01]
B0007,85,1.6006603374309376,84.64389595847521,24,0.5059523809523809,83,[2008.       5.       7.       7.       4.       2.109]
B0007,86,1.5959174487005665,84.39308910654778,24,0.5119047619047619,82,[2.0080e+03 5.0000e+00 7.0000e+00 1.2000e+01 1.0000e+00 4.9906e+01]
B0007,87,1.5962179519462243,84.40897990165642,24,0.5178571428571429,81,[2008.       5.       7.      16.      59.      29.937]
B0007,88,1.5958065114633972,84.38722267771132,24,0.5238095238095238,80,[2008.       5.       7.      21.      56.       9.656]
B0007,89,1.5906507821480704,84.11458456358338,24,0.5297619047619048,79,[2.0080e+03 5.0000e+00 8.0000e+00 2.0000e+00 5.3000e+01 4.9937e+01]
B0007,90,1.6888211161855506,89.3058917673428,24,0.5357142857142857,78,[2008    5    9   12   25    7]
B0007,91,1.6259938279733204,85.98354640622486,24,0.5416666666666666,77,[2008.       5.       9.      20.      28.       9.734]
B0007,92,1.6157433862812898,85.44149679093846,24,0.5476190476190477,76,[2.008e+03 5.000e+00 1.000e+01 1.000e+00 2.100e+01 5.650e+01]
B0007,93,1.6056626764846538,84.90842270191371,24,0.5535714285714286,75,[2008    5   10    6   18   12]
B0007,94,1.5949746921524348,84.34323556466374,24,0.5595238095238095,74,[2008.       5.      10.      11.      16.       4.843]
B0007,95,1.5904102438871943,84.1018647534828,24,0.5654761904761905,73,[2008.       5.      10.      16.      11.      56.109]
B0007,96,1.5853517062988178,83.83436619721833,24,0.5714285714285714,72,[2008.       5.      10.      21.       7.      54.625]
B0007,97,1.5799737147242376,83.5499747191144,24,0.5773809523809523,71,[2.0080e+03 5.0000e+00 1.1000e+01 2.0000e+00 5.0000e+00 2.1796e+01]
B0007,98,1.5752185465278068,83.29851852152426,24,0.5833333333333334,70,[2008.       5.      11.       6.      55.      27.734]
B0007,99,1.569798484648868,83.01190234003897,24,0.5892857142857143,69,[2008.       5.      11.      11.      52.      47.187]
B0007,100,1.5702565375950357,83.0361244595057,24,0.5952380952380952,68,[2008.       5.      11.      16.      49.      58.921]
B0007,101,1.565249873909438,82.77136902689281,24,0.6011904761904762,67,[2008.       5.      11.      21.      47.      12.843]
B0007,102,1.559633933561147,82.4743946723507,24,0.6071428571428571,66,[2.0080e+03 5.0000e+00 1.2000e+01 2.0000e+00 3.6000e+01 5.8921e+01]
B0007,103,1.5649820533392105,82.75720651161599,24,0.6130952380952381,65,[2008.       5.      12.      12.      56.      34.781]
B0007,104,1.57497949984227,83.28587758683834,24,0.6190476190476191,64,[2008.       5.      12.      18.      59.      59.453]
B0007,105,1.5652811168780458,82.77302117414882,24,0.625,63,[2008.       5.      12.      23.      53.      17.609]
B0007,106,1.559755497470126,82.48082304608076,24,0.6309523809523809,62,[2008.       5.      13.       4.      35.      25.359]
B0007,107,1.549897685670499,81.95953593923268,24,0.6369047619047619,61,[2008.       5.      13.       9.      24.       4.718]
B0007,108,1.543877153134502,81.6411665027728,24,0.6428571428571429,60,[2008.       5.      13.      14.      20.      24.937]
B0007,109,1.5450187488690073,81.70153478223752,24,0.6488095238095238,59,[2008.       5.      13.      19.       4.      20.531]
B0007,110,1.5445940154102908,81.6790746176111,24,0.6547619047619048,58,[2008.       5.      13.      23.      59.      26.015]
B0007,111,1.5343086721758876,81.13517938745419,24,0.6607142857142857,57,[2008.       5.      14.       4.      55.      57.453]
B0007,112,1.5287603942958483,80.84178306554588,24,0.6666666666666666,56,[2008.       5.      14.       9.      52.      22.062]
B0007,113,1.5289260249179843,80.85054171397351,24,0.6726190476190477,55,[2008.       5.      14.      14.      35.      22.515]
B0007,114,1.529091650133123,80.85930007647583,24,0.6785714285714286,54,[2008.      5.     14.     19.     31.     39.39]
B0007,115,1.5239059324661248,80.5850761600015,24,0.6845238095238095,53,[2008.       5.      15.       0.      27.      55.625]
B0007,116,1.5186675419100617,80.30806686899294,24,0.6904761904761905,52,[2008.      5.     15.      5.     24.      4.89]
B0007,117,1.5136482266426952,80.04264241301145,24,0.6964285714285714,51,[2008.       5.      15.      10.      20.       3.875]
B0007,118,1.5136050185229033,80.04035754125528,24,0.7023809523809523,50,[2008.       5.      15.      15.      10.      59.437]
B0007,119,1.5139470614867965,80.05844498202711,24,0.7083333333333334,49,[2008.      5.     15.     19.     56.     47.39]
B0007,120,1.5339599193158786,81.1167371232789,24,0.7142857142857143,48,[2008.       5.      16.      16.      54.      59.812]
B0007,121,1.5391372798653098,81.39051911027366,24,0.7202380952380952,47,[2008.       5.      16.      21.      37.      39.671]
B0007,122,1.5236247972838737,80.57020955991136,24,0.7261904761904762,46,[2.0080e+03 5.0000e+00 1.7000e+01 2.0000e+00 3.2000e+01 1.3968e+01]
B0007,123,1.5135813035589147,80.03910347947992,24,0.7321428571428571,45,[2008.       5.      17.       7.      25.      19.906]
B0007,124,1.5077850749847914,79.7325953734772,24,0.7380952380952381,44,[2008.      5.     17.     12.     21.     15.89]
B0007,125,1.5031960676037333,79.48992586125676,24,0.7440476190476191,43,[2008.       5.      17.      17.      15.      37.281]
B0007,126,1.497822059699588,79.20574504207774,24,0.75,42,[2008.       5.      17.      22.      10.      51.218]
B0007,127,1.492848534633516,78.94274199989883,24,0.7559523809523809,41,[2008.       5.      18.       3.       5.      19.265]
B0007,128,1.492414389867026,78.91978415957107,24,0.7619047619047619,40,[2008.       5.      18.       8.       0.      50.421]
B0007,129,1.487482776538081,78.65899743564148,24,0.7678571428571429,39,[2008.       5.      18.      12.      44.      48.437]
B0007,130,1.482535148640411,78.39736385153971,24,0.7738095238095238,38,[2008.       5.      18.      17.      36.      29.734]
B0007,131,1.4827874322228984,78.41070476141842,24,0.7797619047619048,37,[2008.       5.      18.      22.      31.      45.515]
B0007,132,1.476971179775059,78.10313778074762,24,0.7857142857142857,36,[2008.       5.      19.       3.      27.       7.765]
B0007,133,1.4819015554137276,78.36385905485969,24,0.7916666666666666,35,[2008.       5.      19.      15.      34.      33.625]
B0007,134,1.4981366198874824,79.2223791768746,24,0.7976190476190477,34,[2008.       5.      19.      20.      59.      48.437]
B0007,135,1.4820775214392872,78.37316424573085,24,0.8035714285714286,33,[2.0080e+03 5.0000e+00 2.0000e+01 1.0000e+00 1.6000e+01 4.2609e+01]
B0007,136,1.4771155312812152,78.11077117652985,24,0.8095238095238095,32,[2008.       5.      20.       6.      12.       6.265]
B0007,137,1.4720772783056488,77.84434528297595,24,0.8154761904761905,31,[2008.       5.      20.      11.       7.      23.453]
B0007,138,1.472248013656454,77.85337387257239,24,0.8214285714285714,30,[2008.       5.      20.      15.      57.      27.312]
B0007,139,1.4670106672274663,77.5764197956411,24,0.8273809523809523,29,[2008.       5.      20.      20.      50.      39.015]
B0007,140,1.461767249533538,77.29914466651282,24,0.8333333333333334,28,[2.0080e+03 5.0000e+00 2.1000e+01 1.0000e+00 3.9000e+01 3.8968e+01]
B0007,141,1.4566952670489708,77.03093513592873,24,0.8392857142857143,27,[2008.       5.      21.       6.      24.      27.281]
B0007,142,1.451354972758956,76.74853711324945,24,0.8452380952380952,26,[2008.       5.      21.      11.      18.       6.015]
B0007,143,1.451615926257375,76.76233649357621,24,0.8511904761904762,25,[2008.       5.      21.      16.      10.      21.203]
B0007,144,1.4468161332173683,76.50852050701118,24,0.8571428571428571,24,[2.008e+03 5.000e+00 2.100e+01 2.100e+01 2.000e+00 9.781e+00]
B0007,145,1.4467570607768785,76.50539672029024,24,0.8630952380952381,23,[2.0080e+03 5.0000e+00 2.2000e+01 1.0000e+00 4.2000e+01 5.9218e+01]
B0007,146,1.4413797481446793,76.22104114507394,24,0.8690476190476191,22,[2008.       5.      22.       6.      32.      40.921]
B0007,147,1.4362456252208178,75.94954559011889,24,0.875,21,[2008.       5.      22.      11.      23.      22.187]
B0007,148,1.4368154153924828,75.9796764422933,24,0.8809523809523809,20,[2008.      5.     22.     16.     17.     58.89]
B0007,149,1.4362945145860049,75.95213088960035,24,0.8869047619047619,19,[2008.       5.      22.      20.      59.      50.203]
B0007,150,1.4418575315878015,76.24630662526647,24,0.8928571428571429,18,[2008.       5.      23.      12.      13.      16.359]
B0007,151,1.4672063484781797,77.58676753965592,24,0.8988095238095238,17,[2008.       5.      23.      20.      14.      29.875]
B0007,152,1.4518640367848883,76.77545672975995,24,0.9047619047619048,16,[2.0080e+03 5.0000e+00 2.4000e+01 1.0000e+00 9.0000e+00 2.1562e+01]
B0007,153,1.44713797527485,76.52553971151792,24,0.9107142857142857,15,[2008.       5.      24.       6.       0.      20.156]
B0007,154,1.441790586562399,76.24276653144855,24,0.9166666666666666,14,[2008.       5.      24.      10.      42.      50.484]
B0007,155,1.431630947911111,75.70551863639822,24,0.9226190476190477,13,[2008.       5.      24.      15.      31.      10.593]
B0007,156,1.4318084249673686,75.71490373149528,24,0.9285714285714286,12,[2008.       5.      24.      20.      21.      13.437]
B0007,157,1.4262562585106868,75.42130177927987,24,0.9345238095238095,11,[2.0080e+03 5.0000e+00 2.5000e+01 1.0000e+00 6.0000e+00 4.9828e+01]
B0007,158,1.4260877528924911,75.41239109930522,24,0.9404761904761905,10,[2008.      5.     25.      5.     57.     17.89]
B0007,159,1.4212633510031694,75.157273781763,24,0.9464285714285714,9,[2008.       5.      25.      10.      51.      37.015]
B0007,160,1.4163272748795108,74.89625106252409,24,0.9523809523809523,8,[2008.      5.     25.     15.     37.      8.89]
B0007,161,1.4165781829175994,74.90951923277514,24,0.9583333333333334,7,[2008.       5.      25.      20.      23.       4.453]
B0007,162,1.4108401729425175,74.60608976183624,24,0.9642857142857143,6,[2.008e+03 5.000e+00 2.600e+01 1.000e+00 1.300e+01 2.796e+00]
B0007,163,1.4109949628347804,74.61427514584918,24,0.9702380952380952,5,[2.008e+03 5.000e+00 2.600e+01 6.000e+00 1.000e+00 8.171e+00]
B0007,164,1.40617142903988,74.35920373366997,24,0.9761904761904762,4,[2008.       5.      26.      10.      44.      38.468]
B0007,165,1.4063358479692922,74.36789830704656,24,0.9821428571428571,3,[2008.       5.      26.      15.      30.      43.968]
B0007,166,1.4004552399066514,74.05692816217145,24,0.9880952380952381,2,[2008.       5.      26.      20.      21.       4.921]
B0007,167,1.4217865046055154,75.18493846367691,24,0.9940476190476191,1,[2008.       5.      27.      15.      52.      41.359]
B0007,168,1.4324552720625434,75.74910940083355,24,1.0,0,[2008.       5.      27.      20.      45.      42.125]
B0018,1,1.8550045207910817,100.0,24,0.007575757575757576,131,[2008.       7.       7.      15.      15.      28.875]
B0018,2,1.8431955317089987,99.3633983664338,24,0.015151515151515152,130,[2008.       7.       7.      21.      53.       6.125]
B0018,3,1.8396018424355425,99.16966895859798,24,0.022727272727272728,129,[2.008e+03 7.000e+00 8.000e+00 2.000e+00 5.600e+01 8.453e+00]
B0018,4,1.8306736044962053,98.68836350412234,24,0.030303030303030304,128,[2008.       7.       8.       7.      58.      55.953]
B0018,5,1.8327002069419656,98.79761404357093,24,0.03787878787878788,127,[2008.       7.       8.      18.      57.      48.968]
B0018,6,1.8285288846046388,98.57274546289774,24,0.045454545454545456,126,[2008.       7.       8.      22.      57.      17.203]
B0018,7,1.8212011895697924,98.17772243450524,24,0.05303030303030303,125,[2.0080e+03 7.0000e+00 9.0000e+00 2.0000e+00 5.6000e+01 4.1281e+01]
B0018,8,1.815170010643328,97.85259228744273,24,0.06060606060606061,124,[2008.       7.       9.       6.      55.      54.875]
B0018,9,1.8042980520967649,97.26650430627024,24,0.06818181818181818,123,[2008.       7.       9.      11.      26.      41.906]
B0018,10,1.8231002302844224,98.28009634752516,24,0.07575757575757576,122,[2008.       7.      10.      16.      34.      39.859]
B0018,11,1.8121253520255491,97.68846014740458,24,0.08333333333333333,121,[2008.       7.      10.      20.      33.      58.031]
B0018,12,1.8046916382117768,97.28772183488542,24,0.09090909090909091,120,[2008.       7.      11.       0.      30.      25.484]
B0018,13,1.790844349786295,96.54123910288773,24,0.09848484848484848,119,[2008.       7.      11.       4.      28.      49.531]
B0018,14,1.783470722841926,96.14373996680884,24,0.10606060606060606,118,[2008.       7.      11.       8.      59.       8.656]
B0018,15,1.7809386125310702,96.00723839592447,24,0.11363636363636363,117,[2008.      7.     11.     14.     27.      5.64]
B0018,16,1.771209039672698,95.4827343988009,24,0.12121212121212122,116,[2008.       7.      11.      18.      25.      27.593]
B0018,17,1.7686303996707076,95.34372449488482,24,0.12878787878787878,115,[2008.       7.      11.      22.      22.       5.406]
B0018,18,1.7536304801917124,94.5351054693852,24,0.13636363636363635,114,[2.0080e+03 7.0000e+00 1.2000e+01 2.0000e+00 1.8000e+01 1.1125e+01]
B0018,19,1.7462197416415093,94.13560571253055,24,0.14393939393939395,113,[2008.       7.      12.       6.      45.      43.859]
B0018,20,1.7376647337053737,93.67442042482638,24,0.15151515151515152,112,[2008.       7.      12.      11.      15.      36.812]
B0018,21,1.7315166735475835,93.3429894181155,24,0.1590909090909091,111,[2008.       7.      12.      15.      13.      28.609]
B0018,22,1.7085949894470602,92.10732212762565,24,0.16666666666666666,110,[2008.       7.      12.      18.      52.      45.109]
B0018,23,1.711469957068211,92.26230652733616,24,0.17424242424242425,109,[2008.       7.      12.      22.      50.      29.984]
B0018,24,1.7075021373272627,92.04840841029782,24,0.18181818181818182,108,[2008.       7.      13.       3.      19.       5.703]
B0018,25,1.7492382064360228,94.29832579006579,24,0.1893939393939394,107,[2008.     7.    14.    13.     8.    20.5]
B0018,26,1.7327697147429957,93.4105386440806,24,0.19696969696969696,106,[2008.       7.      14.      17.       3.      45.625]
B0018,27,1.7222313328292376,92.84243318688938,24,0.20454545454545456,105,[2008.       7.      14.      20.      57.      32.609]
B0018,28,1.711846298984729,92.28259445182906,24,0.21212121212121213,104,[2008.       7.      15.       0.      49.      58.484]
B0018,29,1.699267835126687,91.6045117993578,24,0.2196969696969697,103,[2008.      7.     15.      5.     14.     47.25]
B0018,30,1.6940366439243106,91.32250757005568,24,0.22727272727272727,102,[2008.       7.      15.       9.      43.      28.937]
B0018,31,1.6819027078768087,90.66838862255429,24,0.23484848484848486,101,[2008.      7.     15.     13.     36.     47.89]
B0018,32,1.6769770618433686,90.40285579078848,24,0.24242424242424243,100,[2008.       7.      15.      17.      29.      47.765]
B0018,33,1.6655229306478936,89.78538391580942,24,0.25,99,[2008.      7.     15.     21.     21.     30.39]
B0018,34,1.6571924575832084,89.33630290434469,24,0.25757575757575757,98,[2.008e+03 7.000e+00 1.600e+01 1.000e+00 4.500e+01 1.339e+01]
B0018,35,1.6482241555294048,88.85283766459536,24,0.26515151515151514,97,[2008.      7.     16.      6.     12.     34.39]
B0018,36,1.6387701497987262,88.34318900203323,24,0.2727272727272727,96,[2008.       7.      16.      10.       5.      40.718]
B0018,37,1.6276486907262062,87.74365089051547,24,0.2803030303030303,95,[2008.       7.      16.      13.      57.      42.468]
B0018,38,1.62215370227252,87.44742581978934,24,0.2878787878787879,94,[2008.       7.      16.      17.      51.      36.078]
B0018,39,1.6140066510467586,87.00823275398015,24,0.29545454545454547,93,[2008.       7.      16.      22.      13.      57.593]
B0018,40,1.6760516154424625,90.35296661852321,24,0.30303030303030304,92,[2008.       7.      18.      17.      28.      12.125]
B0018,41,1.649300642552199,88.91086916860135,24,0.3106060606060606,91,[2008.       7.      18.      21.      19.      44.421]
B0018,42,1.63238299185809,87.99886865838727,24,0.3181818181818182,90,[2.008e+03 7.000e+00 1.900e+01 1.000e+00 1.000e+01 7.046e+00]
B0018,43,1.6164159719025777,87.13811496336645,24,0.32575757575757575,89,[2.008e+03 7.000e+00 1.900e+01 5.000e+00 1.000e+00 4.953e+00]
B0018,44,1.6109028378249377,86.84091169427205,24,0.3333333333333333,88,[2008.       7.      19.       9.      25.      29.875]
B0018,45,1.5954638693695655,86.00862431802415,24,0.3409090909090909,87,[2.008e+03 7.000e+00 1.900e+01 1.300e+01 5.300e+01 7.500e-01]
B0018,46,1.726707440085764,93.0837321813855,24,0.3484848484848485,86,[2008.       7.      29.      18.      34.      27.281]
B0018,47,1.7165673917429751,92.53710017973061,24,0.3560606060606061,85,[2008.     7.    29.    22.    21.    53.5]
B0018,48,1.6958235570934848,91.4188368861919,24,0.36363636363636365,84,[2.0080e+03 7.0000e+00 3.0000e+01 2.0000e+00 9.0000e+00 4.8828e+01]
B0018,49,1.6777783190792557,90.44605014567585,24,0.3712121212121212,83,[2008.       7.      30.       5.      57.       2.328]
B0018,50,1.6606586897774192,89.5231613273491,24,0.3787878787878788,82,[2008.       7.      30.       9.      52.      21.281]
B0018,51,1.6664109274827466,89.83325424846362,24,0.38636363636363635,81,[2008.       7.      30.      19.      28.       7.671]
B0018,52,1.6468336174407805,88.77787622525443,24,0.3939393939393939,80,[2008.       7.      30.      23.      16.      54.218]
B0018,53,1.6257639928779952,87.64205017595725,24,0.4015151515151515,79,[2.0080e+03 7.0000e+00 3.1000e+01 2.0000e+00 4.6000e+01 1.8031e+01]
B0018,54,1.6121577411874597,86.90856130635962,24,0.4090909090909091,78,[2008.       7.      31.       6.      15.      17.843]
B0018,55,1.6057366823755344,86.56241342693627,24,0.4166666666666667,77,[2008.       7.      31.      10.      10.      14.359]
B0018,56,1.673645314879889,90.223247227783,24,0.42424242424242425,76,[2.0080e+03 8.0000e+00 1.0000e+00 1.7000e+01 4.6000e+01 3.3109e+01]
B0018,57,1.6404348572349936,88.43293042409496,24,0.4318181818181818,75,[2.0080e+03 8.0000e+00 1.0000e+00 2.1000e+01 3.2000e+01 1.2937e+01]
B0018,58,1.6132653317422077,86.96826954654632,24,0.4393939393939394,74,[2.008e+03 8.000e+00 2.000e+00 1.000e+00 1.700e+01 9.625e+00]
B0018,59,1.5920964324686278,85.82709177386076,24,0.44696969696969696,73,[2.0080e+03 8.0000e+00 2.0000e+00 5.0000e+00 3.0000e+00 5.5921e+01]
B0018,60,1.5866011820698824,85.5308525821416,24,0.45454545454545453,72,[2.0080e+03 8.0000e+00 2.0000e+00 9.0000e+00 2.6000e+01 5.1375e+01]
B0018,61,1.580076649033625,85.17912659101168,24,0.4621212121212121,71,[2.008e+03 8.000e+00 2.000e+00 1.300e+01 5.500e+01 3.296e+00]
B0018,62,1.5641732953289167,84.32180503052695,24,0.4696969696969697,70,[2.0080e+03 8.0000e+00 2.0000e+00 1.7000e+01 4.1000e+01 5.9359e+01]
B0018,63,1.555618272193922,83.86061892347928,24,0.4772727272727273,69,[2.0080e+03 8.0000e+00 2.0000e+00 2.1000e+01 2.9000e+01 2.4406e+01]
B0018,64,1.5402045278637395,83.02969133503281,24,0.48484848484848486,68,[2.008e+03 8.000e+00 3.000e+00 1.000e+00 1.600e+01 7.078e+00]
B0018,65,1.5321613015959863,82.59609528835993,24,0.49242424242424243,67,[2008.       8.       3.       5.      39.      11.953]
B0018,66,1.5316232403693415,82.56708936300427,24,0.5,66,[2008.       8.       3.      10.       8.      42.828]
B0018,67,1.5222595950771978,82.06231187124104,24,0.5075757575757576,65,[2008.       8.       3.      13.      54.      25.093]
B0018,68,1.5065267126851285,81.21418011653459,24,0.5151515151515151,64,[2008.      8.      3.     17.     42.     28.75]
B0018,69,1.5014219556532926,80.93899172887186,24,0.5227272727272727,63,[2008.       8.       3.      21.      26.      49.765]
B0018,70,1.4963534117486457,80.66575552659644,24,0.5303030303030303,62,[2.008e+03 8.000e+00 4.000e+00 1.000e+00 4.800e+01 4.289e+01]
B0018,71,1.5334262000312422,82.6642837170715,24,0.5378787878787878,61,[2008.       8.       4.      17.       8.      25.328]
B0018,72,1.523845267514426,82.14779265683784,24,0.5454545454545454,60,[2008.       8.       4.      20.      55.      13.796]
B0018,73,1.501192099426124,80.92660058779417,24,0.553030303030303,59,[2008.       8.       5.       0.      41.      24.609]
B0018,74,1.492417671450291,80.45358675534857,24,0.5606060606060606,58,[2008.       8.       5.       4.      27.      50.953]
B0018,75,1.483323851940123,79.9633550923934,24,0.5681818181818182,57,[2008.      8.      5.      8.     23.     48.25]
B0018,76,1.4807376792294196,79.82393911352555,24,0.5757575757575758,56,[2008.       8.       5.      12.      50.      42.531]
B0018,77,1.4735077809902477,79.4341881367415,24,0.5833333333333334,55,[2008.       8.       5.      16.      36.      12.671]
B0018,78,1.46801928526661,79.1383130775639,24,0.5909090909090909,54,[2008.       8.       5.      20.      21.      46.906]
B0018,79,1.458092355711902,78.6031699313642,24,0.5984848484848485,53,[2008.       8.       6.       0.       6.      53.156]
B0018,80,1.44786609888914,78.05189058362434,24,0.6060606060606061,52,[2008.       8.       6.       4.      27.      52.921]
B0018,81,1.4527808777541982,78.31683758563824,24,0.6136363636363636,51,[2008.       8.       6.       8.      55.      24.593]
B0018,82,1.4425356364492432,77.76453481817188,24,0.6212121212121212,50,[2008.       8.       6.      12.      40.      42.031]
B0018,83,1.4392712877203313,77.58855957432074,24,0.6287878787878788,49,[2008.       8.       6.      16.      25.      32.093]
B0018,84,1.4286475681888218,77.01585371768061,24,0.6363636363636364,48,[2008.       8.       6.      20.       9.      11.453]
B0018,85,1.4249026750004896,76.81397317526904,24,0.6439393939393939,47,[2008.       8.       7.       0.      27.      39.046]
B0018,86,1.4698115324524124,79.23492994106556,24,0.6515151515151515,46,[2008.       8.       7.      19.       5.      53.109]
B0018,87,1.4525819651050202,78.30611455790711,24,0.6590909090909091,45,[2008.       8.       7.      22.      50.      51.859]
B0018,88,1.442834198908794,77.78062979024362,24,0.6666666666666666,44,[2.008e+03 8.000e+00 8.000e+00 2.000e+00 3.200e+01 5.325e+01]
B0018,89,1.428376058807949,77.0012171290454,24,0.6742424242424242,43,[2008.       8.       8.       6.      16.      47.328]
B0018,90,1.4154547844370715,76.30465417051595,24,0.6818181818181818,42,[2008.       8.       8.      10.      14.      50.671]
B0018,91,1.454576670077708,78.41364556121901,24,0.6893939393939394,41,[2008.       8.       8.      20.      10.       8.812]
B0018,92,1.4283179548274056,76.99808484662279,24,0.696969696969697,40,[2.008e+03 8.000e+00 8.000e+00 2.300e+01 5.400e+01 1.812e+00]
B0018,93,1.4197026883204058,76.53365112635747,24,0.7045454545454546,39,[2008.       8.       9.       3.      37.       6.281]
B0018,94,1.4155606630306516,76.31036189749955,24,0.7121212121212122,38,[2008.       8.       9.       7.      19.      59.656]
B0018,95,1.405680035419228,75.77771480684933,24,0.7196969696969697,37,[2008.       8.       9.      11.      36.      57.875]
B0018,96,1.4084461071166137,75.92682882066349,24,0.7272727272727273,36,[2008.       8.       9.      15.      59.       2.406]
B0018,97,1.3968547782872414,75.30196086484692,24,0.7348484848484849,35,[2008.       8.       9.      19.      41.      13.296]
B0018,98,1.3935670371440676,75.12472457747809,24,0.7424242424242424,34,[2.008e+03 8.000e+00 9.000e+00 2.300e+01 2.200e+01 9.840e-01]
B0018,99,1.3893644292809475,74.89816944965945,24,0.75,33,[2.008e+03 8.000e+00 1.000e+01 3.000e+00 1.000e+00 8.859e+00]
B0018,100,1.378565141566671,74.31599902402237,24,0.7575757575757576,32,[2008.       8.      10.       7.      19.       8.453]
B0018,101,1.384901110085747,74.65755983684312,24,0.7651515151515151,31,[2008.       8.      10.      11.      39.      39.812]
B0018,102,1.3703251814242443,73.87179740348331,24,0.7727272727272727,30,[2008.       8.      10.      15.      21.      25.468]
B0018,103,1.3733464385229082,74.03466800917732,24,0.7803030303030303,29,[2.008e+03 8.000e+00 1.000e+01 1.900e+01 1.000e+00 7.218e+00]
B0018,104,1.3679487285504814,73.7436870486498,24,0.7878787878787878,28,[2008.       8.      10.      22.      40.      10.453]
B0018,105,1.3567141087089647,73.13804864100184,24,0.7954545454545454,27,[2.0080e+03 8.0000e+00 1.1000e+01 2.0000e+00 5.3000e+01 1.9859e+01]
B0018,106,1.4604310209194575,78.72924322020762,24,0.803030303030303,26,[2008.       8.      14.      13.       4.      49.687]
B0018,107,1.4500998937104097,78.17231049614925,24,0.8106060606060606,25,[2008.       8.      14.      16.      49.      56.812]
B0018,108,1.4381406901824496,77.52761106852412,24,0.8181818181818182,24,[2008.       8.      14.      20.      29.      23.812]
B0018,109,1.4283681980964316,77.00079337204485,24,0.8257575757575758,23,[2008.       8.      15.       0.       8.      59.578]
B0018,110,1.4147874517552432,76.26867945054364,24,0.8333333333333334,22,[2008.       8.      15.       3.      59.      10.796]
B0018,111,1.413889163393182,76.22025431993113,24,0.8409090909090909,21,[2008.       8.      15.       8.      19.      52.703]
B0018,112,1.3989331662177225,75.41400306782735,24,0.8484848484848485,20,[2008.      8.     15.     12.      0.      3.39]
B0018,113,1.3953322584033976,75.21988452127043,24,0.8560606060606061,19,[2008.       8.      15.      15.      37.      16.687]
B0018,114,1.390046129540245,74.93491870022228,24,0.8636363636363636,18,[2008.       8.      15.      19.      13.      34.203]
B0018,115,1.3860271454209647,74.7182624023947,24,0.8712121212121212,17,[2008.       8.      15.      23.      27.       4.375]
B0018,116,1.388215260193751,74.83621978461461,24,0.8787878787878788,16,[2008.      8.     16.      3.     52.     55.64]
B0018,117,1.3761826562394497,74.18756347033406,24,0.8863636363636364,15,[2008.       8.      16.       7.      37.      37.796]
B0018,118,1.3647168898640163,73.56946436346267,24,0.8939393939393939,14,[2008.      8.     16.     11.     21.     22.14]
B0018,119,1.3589854739373584,73.2604939074654,24,0.9015151515151515,13,[2.008e+03 8.000e+00 1.600e+01 1.500e+01 2.000e+00 5.664e+01]
B0018,120,1.34623087640088,72.57291620112973,24,0.9090909090909091,12,[2008.       8.      16.      19.      15.      49.609]
B0018,121,1.4268427818454643,76.91856089045949,24,0.9166666666666666,11,[2008.       8.      18.      14.      27.      16.015]
B0018,122,1.4064481483279665,75.81912240991065,24,0.9242424242424242,10,[2008.       8.      18.      18.       8.      54.125]
B0018,123,1.3934907492075153,75.12061203027417,24,0.9318181818181818,9,[2008.       8.      18.      21.      48.      48.484]
B0018,124,1.3882493512249316,74.83805757157408,24,0.9393939393939394,8,[2.0080e+03 8.0000e+00 1.9000e+01 1.0000e+00 2.5000e+01 4.3656e+01]
B0018,125,1.3701878338420928,73.86439323920165,24,0.946969696969697,7,[2008.       8.      19.       5.      17.       5.812]
B0018,126,1.379695166560862,74.37691666500521,24,0.9545454545454546,6,[2008.     8.    19.     9.    39.    42.5]
B0018,127,1.3686586323935683,73.78195670433692,24,0.9621212121212122,5,[2008.       8.      19.      13.      17.      33.984]
B0018,128,1.3627371779096438,73.46274160714678,24,0.9696969696969697,4,[2008.       8.      19.      16.      54.      51.734]
B0018,129,1.3634051133928071,73.49874882306874,24,0.9772727272727273,3,[2008.       8.      19.      20.      32.      20.468]
B0018,130,1.3518646035305233,72.87662042753458,24,0.9848484848484849,2,[2008.       8.      20.       0.      43.       5.406]
B0018,131,1.3547969729652622,73.03469925709389,24,0.9924242424242424,1,[2.008e+03 8.000e+00 2.000e+01 5.000e+00 2.000e+00 2.960e-01]
B0018,132,1.341051440640485,72.29370201580872,24,1.0,0,[2008.       8.      20.       8.      37.      19.515]
B0025,1,1.847011162956716,99.89331452015166,24,0.03571428571428571,27,[2.0090e+03 2.0000e+00 1.3000e+01 2.3000e+01 1.2000e+01 2.8078e+01]
B0025,2,1.8485654344528384,99.97737537182692,24,0.07142857142857142,26,[2.0090e+03 2.0000e+00 1.4000e+01 4.0000e+00 3.0000e+00 3.4578e+01]
B0025,3,1.847111177186175,99.89872366606275,24,0.10714285714285714,25,[2.0090e+03 2.0000e+00 1.4000e+01 8.0000e+00 5.4000e+01 4.1468e+01]
B0025,4,1.8489837601535537,100.0,24,0.14285714285714285,24,[2.0090e+03 2.0000e+00 1.4000e+01 1.3000e+01 4.5000e+01 2.3546e+01]
B0025,5,1.837012071856044,99.35252604400834,24,0.17857142857142858,23,[2.0090e+03 2.0000e+00 1.4000e+01 1.8000e+01 3.5000e+01 4.0671e+01]
B0025,6,1.817549211247137,98.29990129800782,24,0.21428571428571427,22,[2.0090e+03 2.0000e+00 1.8000e+01 1.0000e+01 4.8000e+01 5.8156e+01]
B0025,7,1.839863822522073,99.50675945197467,24,0.25,21,[2.009e+03 2.000e+00 1.800e+01 1.600e+01 4.900e+01 7.390e+00]
B0025,8,1.8430595619731431,99.67959706796351,24,0.2857142857142857,20,[2.0090e+03 2.0000e+00 1.9000e+01 0.0000e+00 5.2000e+01 4.9687e+01]
B0025,9,1.8401871729536057,99.52424746017144,24,0.32142857142857145,19,[2.009e+03 2.000e+00 1.900e+01 5.000e+00 3.800e+01 5.714e+01]
B0025,10,1.8281265632888255,98.87196430200143,24,0.35714285714285715,18,[2.0090e+03 2.0000e+00 1.9000e+01 1.0000e+01 2.5000e+01 1.5218e+01]
B0025,11,1.8253563336445804,98.72213985767992,24,0.39285714285714285,17,[2.0090e+03 2.0000e+00 2.0000e+01 9.0000e+00 4.4000e+01 2.6828e+01]
B0025,12,1.8214180552626156,98.50914294192347,24,0.42857142857142855,16,[2.009e+03 2.000e+00 2.000e+01 1.500e+01 4.300e+01 2.614e+01]
B0025,13,1.830315627968932,98.99035715797356,24,0.4642857142857143,15,[2.009e+03 2.000e+00 2.000e+01 2.000e+01 2.700e+01 8.120e-01]
B0025,14,1.8175491643824844,98.29989876339104,24,0.5,14,[2.0090e+03 2.0000e+00 2.1000e+01 1.0000e+00 1.2000e+01 5.7984e+01]
B0025,15,1.810901200296979,97.94035184747042,24,0.5357142857142857,13,[2.009e+03 2.000e+00 2.100e+01 5.000e+00 5.700e+01 5.062e+00]
B0025,16,1.8083032603084237,97.7998454761035,24,0.5714285714285714,12,[2.0090e+03 2.0000e+00 2.1000e+01 1.0000e+01 4.2000e+01 4.4125e+01]
B0025,17,1.7928016149381063,96.96145815738362,24,0.6071428571428571,11,[2.0090e+03 3.0000e+00 2.0000e+00 1.6000e+01 3.0000e+01 3.4015e+01]
B0025,18,1.812563150045885,98.03023634428006,24,0.6428571428571429,10,[2.0090e+03 3.0000e+00 2.0000e+00 2.2000e+01 1.9000e+01 4.5593e+01]
B0025,19,1.807772607491239,97.77114577475294,24,0.6785714285714286,9,[2.0090e+03 3.0000e+00 3.0000e+00 2.0000e+00 5.9000e+01 3.9453e+01]
B0025,20,1.8048055175003967,97.61067438204606,24,0.7142857142857143,8,[2009.       3.       3.       7.      39.       7.296]
B0025,21,1.800538555899242,97.37990104086752,24,0.75,7,[2009.       3.       3.      12.      18.      51.281]
B0025,22,1.7942356098033032,97.03901399622332,24,0.7857142857142857,6,[2009.       3.       3.      16.      58.      46.625]
B0025,23,1.807409052434889,97.7514833491446,24,0.8214285714285714,5,[2009.       3.       5.      18.      40.      18.984]
B0025,24,1.7902504816962077,96.82348327102298,24,0.8571428571428571,4,[2.009e+03 3.000e+00 5.000e+00 2.300e+01 2.000e+01 1.140e+00]
B0025,25,1.7961223845359495,97.1410578742339,24,0.8928571428571429,3,[2009.       3.       6.       4.       0.      25.046]
B0025,26,1.7912236690350776,96.87611690468934,24,0.9285714285714286,2,[2009.       3.       6.       8.      39.      37.156]
B0025,27,1.7854822365303245,96.56559862819154,24,0.9642857142857143,1,[2009.       3.       6.      13.      20.      49.203]
B0025,28,1.7677890780323615,95.60868603224243,24,1.0,0,[2009.       3.      19.      10.      34.      54.078]
B0026,1,1.8132504303869896,99.81958076820806,24,0.03571428571428571,27,[2.0090e+03 2.0000e+00 1.3000e+01 2.3000e+01 1.2000e+01 2.8078e+01]
B0026,2,1.8149760087078304,99.9145739923554,24,0.07142857142857142,26,[2.0090e+03 2.0000e+00 1.4000e+01 4.0000e+00 3.0000e+00 3.4578e+01]
B0026,3,1.8135354175561995,99.83526933459586,24,0.10714285714285714,25,[2.0090e+03 2.0000e+00 1.4000e+01 8.0000e+00 5.4000e+01 4.1468e+01]
B0026,4,1.815149273310334,99.92411222253808,24,0.14285714285714285,24,[2.0090e+03 2.0000e+00 1.4000e+01 1.3000e+01 4.5000e+01 2.3546e+01]
B0026,5,1.81429130140682,99.8768808008412,24,0.17857142857142858,23,[2.0090e+03 2.0000e+00 1.4000e+01 1.8000e+01 3.5000e+01 4.0671e+01]
B0026,6,1.3863373424430123,76.31798123794677,24,0.21428571428571427,22,[2.0090e+03 2.0000e+00 1.8000e+01 1.0000e+01 4.8000e+01 5.8156e+01]
B0026,7,1.8165277958816064,100.0,24,0.25,21,[2.009e+03 2.000e+00 1.800e+01 1.600e+01 4.900e+01 7.390e+00]
B0026,8,1.8085638576011065,99.56158456267195,24,0.2857142857142857,20,[2.0090e+03 2.0000e+00 1.9000e+01 0.0000e+00 5.2000e+01 4.9687e+01]
B0026,9,1.804936077644182,99.36187498679047,24,0.32142857142857145,19,[2.009e+03 2.000e+00 1.900e+01 5.000e+00 3.800e+01 5.714e+01]
B0026,10,1.8049315924982108,99.36162807914714,24,0.35714285714285715,18,[2.0090e+03 2.0000e+00 1.9000e+01 1.0000e+01 2.5000e+01 1.5218e+01]
B0026,11,1.717679232699393,94.55837871535351,24,0.39285714285714285,17,[2.0090e+03 2.0000e+00 2.0000e+01 9.0000e+00 4.4000e+01 2.6828e+01]
B0026,12,1.809804813280106,99.62989927174564,24,0.42857142857142855,16,[2.009e+03 2.000e+00 2.000e+01 1.500e+01 4.300e+01 2.614e+01]
B0026,13,1.806556213274488,99.45106358241664,24,0.4642857142857143,15,[2.009e+03 2.000e+00 2.000e+01 2.000e+01 2.700e+01 8.120e-01]
B0026,14,1.7938155707698509,98.74969019669018,24,0.5,14,[2.0090e+03 2.0000e+00 2.1000e+01 1.0000e+00 1.2000e+01 5.7984e+01]
B0026,15,1.799304949381792,99.05188092696068,24,0.5357142857142857,13,[2.009e+03 2.000e+00 2.100e+01 5.000e+00 5.700e+01 5.062e+00]
B0026,16,1.7842197448470132,98.22143921453657,24,0.5714285714285714,12,[2.0090e+03 2.0000e+00 2.1000e+01 1.0000e+01 4.2000e+01 4.4125e+01]
B0026,17,1.6818819918515189,92.58773775246635,24,0.6071428571428571,11,[2.0090e+03 3.0000e+00 2.0000e+00 1.6000e+01 3.0000e+01 3.4015e+01]
B0026,18,1.8007519383961936,99.13153778757587,24,0.6428571428571429,10,[2.0090e+03 3.0000e+00 2.0000e+00 2.2000e+01 1.9000e+01 4.5593e+01]
B0026,19,1.795972684272296,98.86843946699233,24,0.6785714285714286,9,[2.0090e+03 3.0000e+00 3.0000e+00 2.0000e+00 5.9000e+01 3.9453e+01]
B0026,20,1.7931026940553298,98.7104462767162,24,0.7142857142857143,8,[2009.       3.       3.       7.      39.       7.296]
B0026,21,1.8010267542068712,99.14666641986548,24,0.75,7,[2009.       3.       3.      12.      18.      51.281]
B0026,22,1.7824572301269948,98.12441263866945,24,0.7857142857142857,6,[2009.       3.       3.      16.      58.      46.625]
B0026,23,1.7959303030608789,98.86610637792465,24,0.8214285714285714,5,[2009.       3.       5.      18.      40.      18.984]
B0026,24,1.7783142127341005,97.89633920085656,24,0.8571428571428571,4,[2.009e+03 3.000e+00 5.000e+00 2.300e+01 2.000e+01 1.140e+00]
B0026,25,1.771719092984802,97.53327733281077,24,0.8928571428571429,3,[2009.       3.       6.       4.       0.      25.046]
B0026,26,1.7790749489536772,97.93821779039983,24,0.9285714285714286,2,[2009.       3.       6.       8.      39.      37.156]
B0026,27,1.7733229782464677,97.62157134434763,24,0.9642857142857143,1,[2009.       3.       6.      13.      20.      49.203]
B0026,28,1.768754111010884,97.37005483874049,24,1.0,0,[2009.       3.      19.      10.      34.      54.078]
B0027,1,1.8233077742149364,100.0,24,0.03571428571428571,27,[2.0090e+03 2.0000e+00 1.3000e+01 2.3000e+01 1.2000e+01 2.8078e+01]
B0027,2,1.814238465116796,99.50259033464356,24,0.07142857142857142,26,[2.0090e+03 2.0000e+00 1.4000e+01 4.0000e+00 3.0000e+00 3.4578e+01]
B0027,3,1.812859679313087,99.42697030914881,24,0.10714285714285714,25,[2.0090e+03 2.0000e+00 1.4000e+01 8.0000e+00 5.4000e+01 4.1468e+01]
B0027,4,1.814424244673997,99.51277948426649,24,0.14285714285714285,24,[2.0090e+03 2.0000e+00 1.4000e+01 1.3000e+01 4.5000e+01 2.3546e+01]
B0027,5,1.812800333853042,99.4237154850931,24,0.17857142857142858,23,[2.0090e+03 2.0000e+00 1.4000e+01 1.8000e+01 3.5000e+01 4.0671e+01]
B0027,6,1.7946038703195293,98.42572360512388,24,0.21428571428571427,22,[2.0090e+03 2.0000e+00 1.8000e+01 1.0000e+01 4.8000e+01 5.8156e+01]
B0027,7,1.816519171293833,99.62767652191762,24,0.25,21,[2.009e+03 2.000e+00 1.800e+01 1.600e+01 4.900e+01 7.390e+00]
B0027,8,1.819833556519024,99.80945522500126,24,0.2857142857142857,20,[2.0090e+03 2.0000e+00 1.9000e+01 0.0000e+00 5.2000e+01 4.9687e+01]
B0027,9,1.816980986440728,99.65300494718,24,0.32142857142857145,19,[2.009e+03 2.000e+00 1.900e+01 5.000e+00 3.800e+01 5.714e+01]
B0027,10,1.8047602710768988,98.98275522101453,24,0.35714285714285715,18,[2.0090e+03 2.0000e+00 1.9000e+01 1.0000e+01 2.5000e+01 1.5218e+01]
B0027,11,1.802177888140868,98.84112345853589,24,0.39285714285714285,17,[2.0090e+03 2.0000e+00 2.0000e+01 9.0000e+00 4.4000e+01 2.6828e+01]
B0027,12,1.810054375611175,99.27311237350108,24,0.42857142857142855,16,[2.009e+03 2.000e+00 2.000e+01 1.500e+01 4.300e+01 2.614e+01]
B0027,13,1.8191618703574552,99.77261634507832,24,0.4642857142857143,15,[2.009e+03 2.000e+00 2.000e+01 2.000e+01 2.700e+01 8.120e-01]
B0027,14,1.806344581230731,99.06964730671929,24,0.5,14,[2.0090e+03 2.0000e+00 2.1000e+01 1.0000e+00 1.2000e+01 5.7984e+01]
B0027,15,1.8120006378747944,99.37985585867364,24,0.5357142857142857,13,[2.009e+03 2.000e+00 2.100e+01 5.000e+00 5.700e+01 5.062e+00]
B0027,16,1.809238569578753,99.22836918510693,24,0.5714285714285714,12,[2.0090e+03 2.0000e+00 2.1000e+01 1.0000e+01 4.2000e+01 4.4125e+01]
B0027,17,1.7820717716005336,97.7383959418394,24,0.6071428571428571,11,[2.0090e+03 3.0000e+00 2.0000e+00 1.6000e+01 3.0000e+01 3.4015e+01]
B0027,18,1.8145504562341048,99.51970160470565,24,0.6428571428571429,10,[2.0090e+03 3.0000e+00 2.0000e+00 2.2000e+01 1.9000e+01 4.5593e+01]
B0027,19,1.809153485164282,99.22370269842409,24,0.6785714285714286,9,[2.0090e+03 3.0000e+00 3.0000e+00 2.0000e+00 5.9000e+01 3.9453e+01]
B0027,20,1.806555150809371,99.08119607438307,24,0.7142857142857143,8,[2009.       3.       3.       7.      39.       7.296]
B0027,21,1.802401655959492,98.85339608863094,24,0.75,7,[2009.       3.       3.      12.      18.      51.281]
B0027,22,1.7964331683322998,98.52605214200834,24,0.7857142857142857,6,[2009.       3.       3.      16.      58.      46.625]
B0027,23,1.8088036930508289,99.20451821852443,24,0.8214285714285714,5,[2009.       3.       5.      18.      40.      18.984]
B0027,24,1.7915527748749651,98.25838512899206,24,0.8571428571428571,4,[2.009e+03 3.000e+00 5.000e+00 2.300e+01 2.000e+01 1.140e+00]
B0027,25,1.7853375192239571,97.9175070973781,24,0.8928571428571429,3,[2009.       3.       6.       4.       0.      25.046]
B0027,26,1.793209210325309,98.34923295368567,24,0.9285714285714286,2,[2009.       3.       6.       8.      39.      37.156]
B0027,27,1.7873097711102113,98.0256759931699,24,0.9642857142857143,1,[2009.       3.       6.      13.      20.      49.203]
B0027,28,1.7700926253324452,97.08139516350145,24,1.0,0,[2009.       3.      19.      10.      34.      54.078]
B0028,1,1.8046847720100736,99.99453954159799,24,0.03571428571428571,27,[2.0090e+03 2.0000e+00 1.3000e+01 2.3000e+01 1.2000e+01 2.8078e+01]
B0028,2,1.804783321452588,100.0,24,0.07142857142857142,26,[2.0090e+03 2.0000e+00 1.4000e+01 4.0000e+00 3.0000e+00 3.4578e+01]
B0028,3,1.797618668222458,99.60301864800239,24,0.10714285714285714,25,[2.0090e+03 2.0000e+00 1.4000e+01 8.0000e+00 5.4000e+01 4.1468e+01]
B0028,4,1.7929913687761174,99.34662778981249,24,0.14285714285714285,24,[2.0090e+03 2.0000e+00 1.4000e+01 1.3000e+01 4.5000e+01 2.3546e+01]
B0028,5,1.7919180081592216,99.28715468829733,24,0.17857142857142858,23,[2.0090e+03 2.0000e+00 1.4000e+01 1.8000e+01 3.5000e+01 4.0671e+01]
B0028,6,1.775026135903797,98.3512045354652,24,0.21428571428571427,22,[2.0090e+03 2.0000e+00 1.8000e+01 1.0000e+01 4.8000e+01 5.8156e+01]
B0028,7,1.7920487852223417,99.2944008248039,24,0.25,21,[2.009e+03 2.000e+00 1.800e+01 1.600e+01 4.900e+01 7.390e+00]
B0028,8,1.790475801581265,99.20724445415378,24,0.2857142857142857,20,[2.0090e+03 2.0000e+00 1.9000e+01 0.0000e+00 5.2000e+01 4.9687e+01]
B0028,9,1.7868365091987264,99.00559740105439,24,0.32142857142857145,19,[2.009e+03 2.000e+00 1.900e+01 5.000e+00 3.800e+01 5.714e+01]
B0028,10,1.7871529619962183,99.02313151685269,24,0.35714285714285715,18,[2.0090e+03 2.0000e+00 1.9000e+01 1.0000e+01 2.5000e+01 1.5218e+01]
B0028,11,1.7816340617009505,98.71733855934541,24,0.39285714285714285,17,[2.0090e+03 2.0000e+00 2.0000e+01 9.0000e+00 4.4000e+01 2.6828e+01]
B0028,12,1.7850235136604733,98.9051423759717,24,0.42857142857142855,16,[2.009e+03 2.000e+00 2.000e+01 1.500e+01 4.300e+01 2.614e+01]
B0028,13,1.7803865429693038,98.64821565041679,24,0.4642857142857143,15,[2.009e+03 2.000e+00 2.000e+01 2.000e+01 2.700e+01 8.120e-01]
B0028,14,1.7789060856417256,98.56618600674817,24,0.5,14,[2.0090e+03 2.0000e+00 2.1000e+01 1.0000e+00 1.2000e+01 5.7984e+01]
B0028,15,1.7738387518973049,98.28541359023768,24,0.5357142857142857,13,[2.009e+03 2.000e+00 2.100e+01 5.000e+00 5.700e+01 5.062e+00]
B0028,16,1.769682881523146,98.05514382185274,24,0.5714285714285714,12,[2.0090e+03 2.0000e+00 2.1000e+01 1.0000e+01 4.2000e+01 4.4125e+01]
B0028,17,1.7408787283206992,96.45915427230041,24,0.6071428571428571,11,[2.0090e+03 3.0000e+00 2.0000e+00 1.6000e+01 3.0000e+01 3.4015e+01]
B0028,18,1.7648189744011906,97.78564293140565,24,0.6428571428571429,10,[2.0090e+03 3.0000e+00 2.0000e+00 2.2000e+01 1.9000e+01 4.5593e+01]
B0028,19,1.7617857390844025,97.61757647817919,24,0.6785714285714286,9,[2.0090e+03 3.0000e+00 3.0000e+00 2.0000e+00 5.9000e+01 3.9453e+01]
B0028,20,1.75770610357021,97.39153075481174,24,0.7142857142857143,8,[2009.       3.       3.       7.      39.       7.296]
B0028,21,1.7519375960601256,97.07190748250437,24,0.75,7,[2009.       3.       3.      12.      18.      51.281]
B0028,22,1.7521244035832175,97.08225817230029,24,0.7857142857142857,6,[2009.       3.       3.      16.      58.      46.625]
B0028,23,1.759771413398964,97.50596608919258,24,0.8214285714285714,5,[2009.       3.       5.      18.      40.      18.984]
B0028,24,1.7483011320324189,96.87041714377607,24,0.8571428571428571,4,[2.009e+03 3.000e+00 5.000e+00 2.300e+01 2.000e+01 1.140e+00]
B0028,25,1.7411482627836237,96.47408872231004,24,0.8928571428571429,3,[2009.       3.       6.       4.       0.      25.046]
B0028,26,1.7363833316311177,96.21007192340308,24,0.9285714285714286,2,[2009.       3.       6.       8.      39.      37.156]
B0028,27,1.736559066269527,96.2198090833336,24,0.9642857142857143,1,[2009.       3.       6.      13.      20.      49.203]
B0028,28,1.7172335652295243,95.14901566396354,24,1.0,0,[2009.       3.      19.      10.      34.      54.078]
B0029,1,1.697507332205763,92.02071998435522,43,0.025,39,[2.009e+03 4.000e+00 7.000e+00 1.600e+01 3.100e+01 1.890e+00]
B0029,2,1.844701206961174,100.0,43,0.05,38,[2009.       4.       7.      19.      44.      26.578]
B0029,3,1.8254376674722927,98.9557366029692,43,0.075,37,[2009    4    7   22   58   18]
B0029,4,1.815750429913437,98.4305980318933,43,0.1,36,[2.0090e+03 4.0000e+00 8.0000e+00 2.0000e+00 1.1000e+01 3.0218e+01]
B0029,5,1.8132993337127028,98.29772577098271,43,0.125,35,[2009.       4.       8.       5.      23.      26.343]
B0029,6,1.8151647619660576,98.39884937009542,43,0.15,34,[2009.       4.       9.      10.      24.      58.296]
B0029,7,1.8143317955190057,98.35369482452953,43,0.175,33,[2009.       4.       9.      13.      33.      59.843]
B0029,8,1.801343601809866,97.6496136616763,43,0.2,32,[2009.       4.       9.      16.      42.      43.421]
B0029,9,1.7881558802945825,96.93471623191812,43,0.225,31,[2009.       4.       9.      19.      50.      50.062]
B0029,10,1.7760714604539518,96.27962803687446,43,0.25,30,[2009.       4.       9.      22.      58.      17.875]
B0029,11,1.7852807447597443,96.77885708660024,43,0.275,29,[2009.       4.      10.      12.      49.       4.718]
B0029,12,1.7698116401111978,95.94028742609521,43,0.3,28,[2009.       4.      10.      15.      54.      20.093]
B0029,13,1.7565231680521758,95.21992837776388,43,0.325,27,[2009.       4.      10.      18.      59.       6.625]
B0029,14,1.7543413277348154,95.10165229548417,43,0.35,26,[2009.       4.      10.      22.       3.      26.625]
B0029,15,1.7392875506998715,94.28559726293273,43,0.375,25,[2.0090e+03 4.0000e+00 1.1000e+01 1.0000e+00 8.0000e+00 2.7484e+01]
B0029,16,1.7797845109331345,96.48090998243676,43,0.4,24,[2009.       4.      13.       9.      51.      27.484]
B0029,17,1.7657088508465202,95.71787800557794,43,0.425,23,[2009.       4.      13.      12.      55.      24.468]
B0029,18,1.7523941408724169,94.99609661768385,43,0.45,22,[2009.       4.      13.      15.      59.      56.875]
B0029,19,1.7380191225603103,94.21683663466541,43,0.475,21,[2009.       4.      13.      19.       4.      39.468]
B0029,20,1.7312214443143976,93.84833911212567,43,0.5,20,[2009.       4.      13.      22.       9.      45.531]
B0029,21,1.7379128985265808,94.21107830191599,43,0.525,19,[2009.       4.      14.      10.      33.      23.937]
B0029,22,1.7224270683625882,93.37160196257413,43,0.55,18,[2009.       4.      14.      13.      36.      17.437]
B0029,23,1.7184213765608034,93.15445612959756,43,0.575,17,[2009.       4.      14.      16.      39.      25.031]
B0029,24,1.7010220930648232,92.21125278423614,43,0.6,16,[2009.       4.      14.      19.      42.      47.234]
B0029,25,1.693698739563104,91.81425876297766,43,0.625,15,[2009.       4.      14.      22.      45.      53.781]
B0029,26,1.713072721286705,92.86450915856969,43,0.65,14,[2009.      4.     15.     14.     58.     30.25]
B0029,27,1.6976972688567131,92.03101632124888,43,0.675,13,[2.0090e+03 4.0000e+00 1.5000e+01 1.8000e+01 1.0000e+00 4.3843e+01]
B0029,28,1.6899314034061208,91.61003402767814,43,0.7,12,[2.0090e+03 4.0000e+00 1.5000e+01 2.1000e+01 2.0000e+00 5.8328e+01]
B0029,29,1.685023551367069,91.3439827007461,43,0.725,11,[2.009e+03 4.000e+00 1.600e+01 0.000e+00 5.000e+00 8.120e-01]
B0029,30,1.678389965463405,90.98438051267186,43,0.75,10,[2009.       4.      16.       3.       6.      43.062]
B0029,31,1.6737947494868326,90.73527697442773,43,0.775,9,[2009.      4.     16.     10.     13.     36.39]
B0029,32,1.6687898927884717,90.46396709077425,43,0.8,8,[2009.       4.      16.      13.      14.      46.296]
B0029,33,1.6492566306631429,89.40508221274533,43,0.825,7,[2009.       4.      16.      16.      16.      19.734]
B0029,34,1.6409676757039668,88.95574359205723,43,0.85,6,[2009.       4.      16.      19.      17.      26.531]
B0029,35,1.6456360229757092,89.20881152816123,43,0.875,5,[2009.      4.     16.     22.     17.     17.75]
B0029,36,1.654547743574037,89.69190985133133,43,0.9,4,[2009.       4.      17.       9.      45.      34.062]
B0029,37,1.6461201520877546,89.23505583863377,43,0.925,3,[2009.       4.      17.      12.      46.      29.125]
B0029,38,1.6275119188151763,88.22631614667942,43,0.95,2,[2009.       4.      17.      15.      46.      53.875]
B0029,39,1.6200530533464497,87.82197611369305,43,0.975,1,[2009.       4.      17.      18.      47.      33.937]
B0029,40,1.612079811711934,87.38975209798645,43,1.0,0,[2009.       4.      17.      21.      46.      23.796]
B0030,1,1.6560706096175404,92.95647486935653,43,0.025,39,[2.009e+03 4.000e+00 7.000e+00 1.600e+01 3.100e+01 1.890e+00]
B0030,2,1.7815548749509116,100.0,43,0.05,38,[2009.       4.       7.      19.      44.      26.578]
B0030,3,1.761969227822918,98.90064306166639,43,0.075,37,[2009    4    7   22   58   18]
B0030,4,1.751755031874225,98.32731264718929,43,0.1,36,[2.0090e+03 4.0000e+00 8.0000e+00 2.0000e+00 1.1000e+01 3.0218e+01]
B0030,5,1.7381688070362076,97.56470774351537,43,0.125,35,[2009.       4.       8.       5.      23.      26.343]
B0030,6,1.750674529346134,98.26666323676231,43,0.15,34,[2009.       4.       9.      10.      24.      58.296]
B0030,7,1.7491047649061158,98.1785511913749,43,0.175,33,[2009.       4.       9.      13.      33.      59.843]
B0030,8,1.7252544028765475,96.83981263412302,43,0.2,32,[2009.       4.       9.      16.      42.      43.421]
B0030,9,1.7112621367644252,96.05441633177742,43,0.225,31,[2009.       4.       9.      19.      50.      50.062]
B0030,10,1.6990418392711273,95.36848194574652,43,0.25,30,[2009.       4.       9.      22.      58.      17.875]
B0030,11,1.7185770039532977,96.46500526685438,43,0.275,29,[2009.       4.      10.      12.      49.       4.718]
B0030,12,1.70324722921867,95.60453361087745,43,0.3,28,[2009.       4.      10.      15.      54.      20.093]
B0030,13,1.689458044662304,94.83053642727984,43,0.325,27,[2009.       4.      10.      18.      59.       6.625]
B0030,14,1.6756136292719177,94.05343909589577,43,0.35,26,[2009.       4.      10.      22.       3.      26.625]
B0030,15,1.6718407140871654,93.84166256081396,43,0.375,25,[2.0090e+03 4.0000e+00 1.1000e+01 1.0000e+00 8.0000e+00 2.7484e+01]
B0030,16,1.7233056681204446,96.73042870306917,43,0.4,24,[2009.       4.      13.       9.      51.      27.484]
B0030,17,1.709207290507283,95.93907628325947,43,0.425,23,[2009.       4.      13.      12.      55.      24.468]
B0030,18,1.684001734344571,94.52426967151216,43,0.45,22,[2009.       4.      13.      15.      59.      56.875]
B0030,19,1.66898698813004,93.68148080064202,43,0.475,21,[2009.       4.      13.      19.       4.      39.468]
B0030,20,1.6620689362837142,93.29316540583743,43,0.5,20,[2009.       4.      13.      22.       9.      45.531]
B0030,21,1.6687049625248174,93.66565049369004,43,0.525,19,[2009.       4.      14.      10.      33.      23.937]
B0030,22,1.652762183550463,92.77077045387124,43,0.55,18,[2009.       4.      14.      13.      36.      17.437]
B0030,23,1.648481366235244,92.53048499450041,43,0.575,17,[2009.       4.      14.      16.      39.      25.031]
B0030,24,1.6307406443132095,91.5346850799722,43,0.6,16,[2009.       4.      14.      19.      42.      47.234]
B0030,25,1.62323023017929,91.11311994944955,43,0.625,15,[2009.       4.      14.      22.      45.      53.781]
B0030,26,1.654190654039439,92.85095156471216,43,0.65,14,[2009.      4.     15.     14.     58.     30.25]
B0030,27,1.638514396616985,91.97103157780263,43,0.675,13,[2.0090e+03 4.0000e+00 1.5000e+01 1.8000e+01 1.0000e+00 4.3843e+01]
B0030,28,1.618847673357618,90.86712377592204,43,0.7,12,[2.0090e+03 4.0000e+00 1.5000e+01 2.1000e+01 2.0000e+00 5.8328e+01]
B0030,29,1.6134212267751404,90.5625332938227,43,0.725,11,[2.009e+03 4.000e+00 1.600e+01 0.000e+00 5.000e+00 8.120e-01]
B0030,30,1.6066443601761986,90.18214273194742,43,0.75,10,[2009.       4.      16.       3.       6.      43.062]
B0030,31,1.6138387876938998,90.5859712987155,43,0.775,9,[2009.      4.     16.     10.     13.     36.39]
B0030,32,1.596329501327274,89.60316203402148,43,0.8,8,[2009.       4.      16.      13.      14.      46.296]
B0030,33,1.589078586740699,89.19616280607039,43,0.825,7,[2009.       4.      16.      16.      16.      19.734]
B0030,34,1.5805481432309574,88.717342668129,43,0.85,6,[2009.       4.      16.      19.      17.      26.531]
B0030,35,1.584613105427081,88.94551201914243,43,0.875,5,[2009.      4.     16.     22.     17.     17.75]
B0030,36,1.5936651221220737,89.45360844784447,43,0.9,4,[2009.       4.      17.       9.      45.      34.062]
B0030,37,1.5849874126960888,88.96652216450875,43,0.925,3,[2009.       4.      17.      12.      46.      29.125]
B0030,38,1.5787064969416462,88.61396969235345,43,0.95,2,[2009.       4.      17.      15.      46.      53.875]
B0030,39,1.570705516096967,88.16486868754158,43,0.975,1,[2009.       4.      17.      18.      47.      33.937]
B0030,40,1.562780404428482,87.7200262760103,43,1.0,0,[2009.       4.      17.      21.      46.      23.796]
B0031,1,1.6666751942525773,90.93311452425186,43,0.025,39,[2.009e+03 4.000e+00 7.000e+00 1.600e+01 3.100e+01 1.890e+00]
B0031,2,1.8328583629543171,100.0,43,0.05,38,[2009.       4.       7.      19.      44.      26.578]
B0031,3,1.8139835002945135,98.97019524032507,43,0.075,37,[2009    4    7   22   58   18]
B0031,4,1.8044387333514835,98.44943667349041,43,0.1,36,[2.0090e+03 4.0000e+00 8.0000e+00 2.0000e+00 1.1000e+01 3.0218e+01]
B0031,5,1.802147684291295,98.32443797711021,43,0.125,35,[2009.       4.       8.       5.      23.      26.343]
B0031,6,1.7715647509798835,96.65584568817218,43,0.15,34,[2009.       4.       9.      10.      24.      58.296]
B0031,7,1.8139928165779544,98.97070353292581,43,0.175,33,[2009.       4.       9.      13.      33.      59.843]
B0031,8,1.8013261041198854,98.27961290016944,43,0.2,32,[2009.       4.       9.      16.      42.      43.421]
B0031,9,1.7883722583933568,97.57285639413757,43,0.225,31,[2009.       4.       9.      19.      50.      50.062]
B0031,10,1.776540165737316,96.92730227521652,43,0.25,30,[2009.       4.       9.      22.      58.      17.875]
B0031,11,1.7856209131823229,97.4227441286923,43,0.275,29,[2009.       4.      10.      12.      49.       4.718]
B0031,12,1.781363403668594,97.19045615708568,43,0.3,28,[2009.       4.      10.      15.      54.      20.093]
B0031,13,1.768489838397124,96.48807971973132,43,0.325,27,[2009.       4.      10.      18.      59.       6.625]
B0031,14,1.766505238291406,96.37980075252737,43,0.35,26,[2009.       4.      10.      22.       3.      26.625]
B0031,15,1.751740527921767,95.57424421482305,43,0.375,25,[2.0090e+03 4.0000e+00 1.1000e+01 1.0000e+00 8.0000e+00 2.7484e+01]
B0031,16,1.7352349314055016,94.67370564349228,43,0.4,24,[2009.       4.      13.       9.      51.      27.484]
B0031,17,1.7782778274549178,97.02210838531882,43,0.425,23,[2009.       4.      13.      12.      55.      24.468]
B0031,18,1.7649894859707391,96.29710192804082,43,0.45,22,[2009.       4.      13.      15.      59.      56.875]
B0031,19,1.762591283533551,96.1662569873918,43,0.475,21,[2009.       4.      13.      19.       4.      39.468]
B0031,20,1.744314576121582,95.16908733253044,43,0.5,20,[2009.       4.      13.      22.       9.      45.531]
B0031,21,1.7628373753518478,96.17968365599155,43,0.525,19,[2009.       4.      14.      10.      33.      23.937]
B0031,22,1.747857930947971,95.36241131751517,43,0.55,18,[2009.       4.      14.      13.      36.      17.437]
B0031,23,1.7441167338864991,95.15829314138718,43,0.575,17,[2009.       4.      14.      16.      39.      25.031]
B0031,24,1.7268422932817389,94.21580675215434,43,0.6,16,[2009.       4.      14.      19.      42.      47.234]
B0031,25,1.7203093493042263,93.85937201013846,43,0.625,15,[2009.       4.      14.      22.      45.      53.781]
B0031,26,1.7394245516699778,94.9022896055243,43,0.65,14,[2009.      4.     15.     14.     58.     30.25]
B0031,27,1.7367384416372014,94.75573654462947,43,0.675,13,[2.0090e+03 4.0000e+00 1.5000e+01 1.8000e+01 1.0000e+00 4.3843e+01]
B0031,28,1.716963468448543,93.67682212394377,43,0.7,12,[2.0090e+03 4.0000e+00 1.5000e+01 2.1000e+01 2.0000e+00 5.8328e+01]
B0031,29,1.7127773558366357,93.4484295379962,43,0.725,11,[2.009e+03 4.000e+00 1.600e+01 0.000e+00 5.000e+00 8.120e-01]
B0031,30,1.7061083466554066,93.08457113431248,43,0.75,10,[2009.       4.      16.       3.       6.      43.062]
B0031,31,1.713732696207521,93.5005525165195,43,0.775,9,[2009.      4.     16.     10.     13.     36.39]
B0031,32,1.7093475797926974,93.26130236476445,43,0.8,8,[2009.       4.      16.      13.      14.      46.296]
B0031,33,1.690100045411559,92.21116478893376,43,0.825,7,[2009.       4.      16.      16.      16.      19.734]
B0031,34,1.6946883343387664,92.46149994957386,43,0.85,6,[2009.       4.      16.      19.      17.      26.531]
B0031,35,1.687010991299212,92.04262726444288,43,0.875,5,[2009.      4.     16.     22.     17.     17.75]
B0031,36,1.6957069027070075,92.51707262168146,43,0.9,4,[2009.       4.      17.       9.      45.      34.062]
B0031,37,1.687696889615565,92.08004959506137,43,0.925,3,[2009.       4.      17.      12.      46.      29.125]
B0031,38,1.6819617127259294,91.76714069792263,43,0.95,2,[2009.       4.      17.      15.      46.      53.875]
B0031,39,1.6750033888978846,91.38749740585564,43,0.975,1,[2009.       4.      17.      18.      47.      33.937]
B0031,40,1.6672987794846676,90.96713707856891,43,1.0,0,[2009.       4.      17.      21.      46.      23.796]
B0032,1,1.704864107351214,90.01242586881959,43,0.025,39,[2.009e+03 4.000e+00 7.000e+00 1.600e+01 3.100e+01 1.890e+00]
B0032,2,1.8940319526948568,100.0,43,0.05,38,[2009.       4.       7.      19.      44.      26.578]
B0032,3,1.8747686491853093,98.98294727910269,43,0.075,37,[2009    4    7   22   58   18]
B0032,4,1.8654947184112376,98.49330766342057,43,0.1,36,[2.0090e+03 4.0000e+00 8.0000e+00 2.0000e+00 1.1000e+01 3.0218e+01]
B0032,5,1.8527398169018068,97.81988177473464,43,0.125,35,[2009.       4.       8.       5.      23.      26.343]
B0032,6,1.844174397003866,97.36764970516718,43,0.15,34,[2009.       4.       9.      10.      24.      58.296]
B0032,7,1.8430238477512757,97.30690367335113,43,0.175,33,[2009.       4.       9.      13.      33.      59.843]
B0032,8,1.8302818174911863,96.6341573534192,43,0.2,32,[2009.       4.       9.      16.      42.      43.421]
B0032,9,1.8173838456081812,95.95317771816786,43,0.225,31,[2009.       4.       9.      19.      50.      50.062]
B0032,10,1.805799298110468,95.34154350147843,43,0.25,30,[2009.       4.       9.      22.      58.      17.875]
B0032,11,1.8149829605049184,95.82641717963277,43,0.275,29,[2009.       4.      10.      12.      49.       4.718]
B0032,12,1.7995150369321795,95.0097507263171,43,0.3,28,[2009.       4.      10.      15.      54.      20.093]
B0032,13,1.7866516942518147,94.33059942361268,43,0.325,27,[2009.       4.      10.      18.      59.       6.625]
B0032,14,1.7735550719416031,93.63913155837538,43,0.35,26,[2009.       4.      10.      22.       3.      26.625]
B0032,15,1.769995333364443,93.4511865465663,43,0.375,25,[2.0090e+03 4.0000e+00 1.1000e+01 1.0000e+00 8.0000e+00 2.7484e+01]
B0032,16,1.799526080374287,95.01033379156537,43,0.4,24,[2009.       4.      13.       9.      51.      27.484]
B0032,17,1.7968530684449833,94.86920565877435,43,0.425,23,[2009.       4.      13.      12.      55.      24.468]
B0032,18,1.7838265504081745,94.18143911828518,43,0.45,22,[2009.       4.      13.      15.      59.      56.875]
B0032,19,1.7696444491040102,93.43266076298944,43,0.475,21,[2009.       4.      13.      19.       4.      39.468]
B0032,20,1.7512940457049684,92.46380681240363,43,0.5,20,[2009.       4.      13.      22.       9.      45.531]
B0032,21,1.7697554297961993,93.43852025717754,43,0.525,19,[2009.       4.      14.      10.      33.      23.937]
B0032,22,1.7547726933914918,92.64747043442298,43,0.55,18,[2009.       4.      14.      13.      36.      17.437]
B0032,23,1.7389166355812984,91.81031149485847,43,0.575,17,[2009.       4.      14.      16.      39.      25.031]
B0032,24,1.7337200518764075,91.5359452837976,43,0.6,16,[2009.       4.      14.      19.      42.      47.234]
B0032,25,1.7150972597500092,90.55270991124218,43,0.625,15,[2009.       4.      14.      22.      45.      53.781]
B0032,26,1.7462926148815636,92.1997441699393,43,0.65,14,[2009.      4.     15.     14.     58.     30.25]
B0032,27,1.719149261914565,90.76664517029577,43,0.675,13,[2.0090e+03 4.0000e+00 1.5000e+01 1.8000e+01 1.0000e+00 4.3843e+01]
B0032,28,1.711582246191498,90.3671262650154,43,0.7,12,[2.0090e+03 4.0000e+00 1.5000e+01 2.1000e+01 2.0000e+00 5.8328e+01]
B0032,29,1.69510511952259,89.49717649223231,43,0.725,11,[2.009e+03 4.000e+00 1.600e+01 0.000e+00 5.000e+00 8.120e-01]
B0032,30,1.7005124371100973,89.78266890854628,43,0.75,10,[2009.       4.      16.       3.       6.      43.062]
B0032,31,1.7080989351250158,90.18321642856696,43,0.775,9,[2009.      4.     16.     10.     13.     36.39]
B0032,32,1.691435430587127,89.30342638520578,43,0.8,8,[2009.       4.      16.      13.      14.      46.296]
B0032,33,1.6844494328889932,88.93458373246203,43,0.825,7,[2009.       4.      16.      16.      16.      19.734]
B0032,34,1.664037581688075,87.8568906570165,43,0.85,6,[2009.       4.      16.      19.      17.      26.531]
B0032,35,1.6686372014231974,88.09973871079818,43,0.875,5,[2009.      4.     16.     22.     17.     17.75]
B0032,36,1.6899344075625968,89.22417624254612,43,0.9,4,[2009.       4.      17.       9.      45.      34.062]
B0032,37,1.669431712846442,88.14168686389634,43,0.925,3,[2009.       4.      17.      12.      46.      29.125]
B0032,38,1.6634226761839213,87.82442523301567,43,0.95,2,[2009.       4.      17.      15.      46.      53.875]
B0032,39,1.643615219594737,86.7786426335721,43,0.975,1,[2009.       4.      17.      18.      47.      33.937]
B0032,40,1.6358000873538243,86.36602381635556,43,1.0,0,[2009.       4.      17.      21.      46.      23.796]
B0033,1,0.0684257224060181,3.6297418884788826,24,0.005076142131979695,0,[2009.       6.      19.      17.      18.      16.015]
B0033,2,0.6895699007862814,36.57923754266503,24,0.01015228426395939,0,[2.0090e+03 6.0000e+00 1.9000e+01 2.2000e+01 2.0000e+00 5.0609e+01]
B0033,3,1.1610848192311252,61.59143164660959,24,0.015228426395939087,0,[2.009e+03 6.000e+00 2.000e+01 1.000e+00 5.900e+01 3.975e+01]
B0033,4,1.2529393053824995,66.46398635710284,24,0.02030456852791878,0,[2009.       6.      20.       5.      55.      38.984]
B0033,5,1.302918002447558,69.11517897721441,24,0.025380710659898477,0,[2009.       6.      20.       9.      50.      35.156]
B0033,6,1.3218773211472523,70.12090359131436,24,0.030456852791878174,0,[2009.       6.      20.      13.      47.      19.156]
B0033,7,1.2884694418301417,68.34873408109668,24,0.03553299492385787,0,[2009.       6.      20.      18.      55.      22.281]
B0033,8,1.713169326386719,90.87755667591043,24,0.04060913705583756,0,[2009.       6.      20.      22.      51.      49.984]
B0033,9,1.6560966776720512,87.85005508086917,24,0.04568527918781726,0,[2.0090e+03 6.0000e+00 2.1000e+01 2.0000e+00 4.8000e+01 2.0078e+01]
B0033,10,1.6197297341990775,85.92091771208071,24,0.050761421319796954,0,[2009.       6.      21.       6.      44.      49.843]
B0033,11,1.604655812282729,85.12129961702033,24,0.05583756345177665,0,[2009.       6.      21.      10.      41.      15.046]
B0033,12,1.6255699769029337,86.23072187396129,24,0.06091370558375635,0,[2009.       6.      21.      15.      49.       5.796]
B0033,13,1.5900967306245992,84.34899197167715,24,0.06598984771573604,0,[2009.       6.      21.      19.      45.      24.468]
B0033,14,1.5739402299623984,83.49194691372581,24,0.07106598984771574,0,[2009.       6.      21.      23.      41.      43.609]
B0033,15,1.5711303351557309,83.34289196007167,24,0.07614213197969544,0,[2009.       6.      22.       3.      37.      57.218]
B0033,16,1.5897706153457416,84.33169271276513,24,0.08121827411167512,0,[2009.       6.      22.       7.      34.       6.234]
B0033,17,1.6257378771074,86.23962838431743,24,0.08629441624365482,0,[2009.       6.      22.      12.      41.      48.359]
B0033,18,1.6523506333962537,87.65134071811423,24,0.09137055837563451,0,[2009.       6.      22.      16.      38.      13.281]
B0033,19,1.6143816761595386,85.63722220101332,24,0.09644670050761421,0,[2009.       6.      22.      20.      34.      46.062]
B0033,20,1.58697453394504,84.18337051130555,24,0.10152284263959391,0,[2009.       6.      23.       0.      31.       3.375]
B0033,21,1.5818355572787333,83.9107660255403,24,0.1065989847715736,0,[2009.       6.      23.       4.      27.       4.484]
B0033,22,1.6919769406371152,89.75337577482033,24,0.1116751269035533,0,[2009.       6.      26.      15.      29.      34.968]
B0033,23,1.6879483800354476,89.53967492297717,24,0.116751269035533,0,[2009.       6.      26.      20.      32.      24.265]
B0033,24,1.6586223007531458,87.98403042770676,24,0.1218274111675127,0,[2009.       6.      27.       0.      28.      29.453]
B0033,25,1.6420179032789863,87.10322603243435,24,0.12690355329949238,0,[2009.       6.      27.       4.      25.      16.218]
B0033,26,1.6381810791118745,86.89969611841376,24,0.1319796954314721,0,[2009.       6.      27.       8.      21.      51.234]
B0033,27,1.6422892507912386,87.1176200555725,24,0.13705583756345177,0,[2009.     6.    27.    12.    18.    20.5]
B0033,28,1.651270876264092,87.59406343182215,24,0.14213197969543148,0,[2009.       6.      27.      17.      26.      12.718]
B0033,29,1.6326559297917211,86.60660654299852,24,0.14720812182741116,0,[2009.       6.      27.      21.      22.      21.781]
B0033,30,1.6260888111680731,86.25824419158009,24,0.15228426395939088,0,[2.0090e+03 6.0000e+00 2.8000e+01 1.0000e+00 1.8000e+01 3.4656e+01]
B0033,31,1.6079292963823688,85.29494633845688,24,0.15736040609137056,0,[2009.      6.     28.      5.     14.     48.25]
B0033,32,1.6125361114907395,85.53932154098831,24,0.16243654822335024,0,[2009.       6.      28.       9.      10.      46.125]
B0033,33,1.6218384168987892,86.03277585044624,24,0.16751269035532995,0,[2009.       6.      28.      14.      18.      12.906]
B0033,34,1.6145443029101134,85.64584897334385,24,0.17258883248730963,0,[2009.       6.      28.      18.      13.      23.984]
B0033,35,1.5953958917107596,84.63009367279038,24,0.17766497461928935,0,[2009.       6.      28.      22.       7.      58.453]
B0033,36,1.5877243027113055,84.22314308515489,24,0.18274111675126903,0,[2.009e+03 6.000e+00 2.900e+01 2.000e+00 3.000e+00 4.614e+01]
B0033,37,1.5811840578305605,83.87620629048449,24,0.18781725888324874,0,[2009.       6.      29.       5.      59.      12.218]
B0033,38,1.6128422608267754,85.55556167744672,24,0.19289340101522842,0,[2009.       6.      29.      11.       6.      27.906]
B0033,39,1.61998606328022,85.93451506071428,24,0.19796954314720813,0,[2009.       6.      29.      14.      59.      50.625]
B0033,40,1.6099381853611876,85.40151077386693,24,0.20304568527918782,0,[2009.       6.      29.      18.      50.      48.062]
B0033,41,1.577097753956516,83.65944236283953,24,0.20812182741116753,0,[2009.       6.      29.      22.      44.      42.875]
B0033,42,1.5708599066554392,83.32854668725858,24,0.2131979695431472,0,[2.0090e+03 6.0000e+00 3.0000e+01 2.0000e+00 3.6000e+01 3.9734e+01]
B0033,43,1.6261581345348248,86.26192155031744,24,0.2182741116751269,0,[2.0090e+03 7.0000e+00 1.0000e+00 1.1000e+01 1.5000e+01 2.3875e+01]
B0033,44,1.6348129972245726,86.72103131985124,24,0.2233502538071066,0,[2.0090e+03 7.0000e+00 1.0000e+00 1.6000e+01 1.8000e+01 1.8546e+01]
B0033,45,1.611705363734261,85.49525331891596,24,0.22842639593908629,0,[2.009e+03 7.000e+00 1.000e+00 2.000e+01 1.000e+01 2.437e+00]
B0033,46,1.8851401699720665,100.0,24,0.233502538071066,0,[2009.       7.      14.      16.      14.      47.937]
B0033,47,1.6584957887780232,87.97731941612588,24,0.23857868020304568,0,[2009.       7.      14.      21.      23.      50.218]
B0033,48,1.62418934644937,86.15748432507472,24,0.2436548223350254,0,[2.0090e+03 7.0000e+00 1.5000e+01 1.0000e+00 1.6000e+01 1.5015e+01]
B0033,49,1.604172098856364,85.0956403353356,24,0.24873096446700507,0,[2009.       7.      15.       5.       9.       4.546]
B0033,50,1.6080016740907346,85.29878571918404,24,0.25380710659898476,0,[2009.       7.      15.       9.       4.      59.109]
B0033,51,1.6256752138435595,86.23630432041817,24,0.25888324873096447,0,[2009.       7.      15.      12.      57.      49.296]
B0033,52,1.617632765910718,85.80968098168995,24,0.2639593908629442,0,[2009.      7.     15.     18.      0.     54.64]
B0033,53,1.5973191489094265,84.73211564597317,24,0.26903553299492383,0,[2009.       7.      15.      21.      52.      48.093]
B0033,54,1.5875852250170606,84.21576550674133,24,0.27411167512690354,0,[2.009e+03 7.000e+00 1.600e+01 1.000e+00 4.400e+01 5.839e+01]
B0033,55,1.5802530015403684,83.8268170564624,24,0.27918781725888325,0,[2009.       7.      16.       5.      37.      32.718]
B0033,56,1.583036530487776,83.97447339479446,24,0.28426395939086296,0,[2009.       7.      16.       9.      29.      18.125]
B0033,57,1.6027138832797037,85.01828717083951,24,0.2893401015228426,0,[2.009e+03 7.000e+00 1.600e+01 1.400e+01 3.600e+01 4.530e-01]
B0033,58,1.5930709154513834,84.5067619282119,24,0.29441624365482233,0,[2009.      7.     16.     18.     26.      9.14]
B0033,59,1.5448888685020246,81.95087522456839,24,0.29949238578680204,0,[2009.       7.      16.      22.      18.      31.578]
B0033,60,1.5352188565640517,81.4379153878409,24,0.30456852791878175,0,[2.0090e+03 7.0000e+00 1.7000e+01 2.0000e+00 1.0000e+01 3.8265e+01]
B0033,61,1.5252677314227332,80.9100434926987,24,0.3096446700507614,0,[2.0090e+03 7.0000e+00 1.7000e+01 6.0000e+00 2.0000e+00 3.1671e+01]
B0033,62,1.5559492005453626,82.53758661184428,24,0.3147208121827411,0,[2009.       7.      17.      11.       8.      50.734]
B0033,63,1.564802943842715,83.00724629224266,24,0.3197969543147208,0,[2.009e+03 7.000e+00 1.700e+01 1.500e+01 0.000e+00 1.400e-01]
B0033,64,1.5518620461881203,82.32077756908205,24,0.3248730964467005,0,[2009.      7.     17.     18.     49.     14.75]
B0033,65,1.5144550545105004,80.33646933177077,24,0.3299492385786802,0,[2009.       7.      17.      22.      40.      36.953]
B0033,66,1.5051936202146428,79.84518308985726,24,0.3350253807106599,0,[2.0090e+03 7.0000e+00 1.8000e+01 2.0000e+00 3.2000e+01 1.9203e+01]
B0033,67,1.605823969917045,85.18326623642207,24,0.3401015228426396,0,[2009.      7.     23.     10.     25.     18.89]
B0033,68,1.6249005195877049,86.19520953774924,24,0.34517766497461927,0,[2009.       7.      23.      15.      28.      51.734]
B0033,69,1.589785130036615,84.3324626656368,24,0.350253807106599,0,[2009.      7.     23.     19.     19.     21.39]
B0033,70,1.5552386152299904,82.49989258109308,24,0.3553299492385787,0,[2009.       7.      23.      23.      11.      10.812]
B0033,71,1.539756404636803,81.67861621980178,24,0.3604060913705584,0,[2.0090e+03 7.0000e+00 2.4000e+01 3.0000e+00 2.0000e+00 5.1234e+01]
B0033,72,1.5293174002138357,81.12486405912705,24,0.36548223350253806,0,[2009.       7.      24.       6.      55.      12.218]
B0033,73,1.547680553576876,82.09896421653406,24,0.37055837563451777,0,[2.009e+03 7.000e+00 2.400e+01 1.200e+01 1.000e+00 7.843e+00]
B0033,74,1.5659920939439786,83.0703264875621,24,0.3756345177664975,0,[2009.       7.      24.      15.      46.       9.421]
B0033,75,1.5416252851780503,81.77775370416586,24,0.38071065989847713,0,[2009.      7.     24.     19.     35.     49.25]
B0033,76,1.517590655990168,80.50280186924536,24,0.38578680203045684,0,[2009.       7.      24.      23.      28.       2.156]
B0033,77,1.5075202042593092,79.96860012174307,24,0.39086294416243655,0,[2009.      7.     25.      3.     20.      5.39]
B0033,78,1.49549282626034,79.3305903763379,24,0.39593908629441626,0,[2009.       7.      25.       8.      26.      42.515]
B0033,79,1.4997618811573148,79.5570485975872,24,0.4010152284263959,0,[2009.       7.      25.      12.      19.      43.718]
B0033,80,1.4906966807803954,79.07617186909152,24,0.40609137055837563,0,[2009.       7.      25.      16.      13.       2.187]
B0033,81,1.4800999425051866,78.51405248698924,24,0.41116751269035534,0,[2009.       7.      25.      20.       6.      55.421]
B0033,82,1.4676091496100632,77.85146022493436,24,0.41624365482233505,0,[2.009e+03 7.000e+00 2.600e+01 0.000e+00 1.000e+00 9.546e+00]
B0033,83,1.4729818491920503,78.1364628824326,24,0.4213197969543147,0,[2009.       7.      26.       5.       7.      11.546]
B0033,84,1.4742872137206404,78.20570784094458,24,0.4263959390862944,0,[2.009e+03 7.000e+00 2.600e+01 9.000e+00 1.000e+00 3.514e+01]
B0033,85,1.4635162808346138,77.63434805255356,24,0.43147208121827413,0,[2009.       7.      26.      12.      55.      45.109]
B0033,86,1.4527095680488362,77.06109026738113,24,0.4365482233502538,0,[2009.       7.      26.      16.      49.      47.359]
B0033,87,1.4557303847230247,77.22133387803176,24,0.4416243654822335,0,[2009.       7.      26.      20.      43.      48.921]
B0033,88,1.459740099618568,77.43403503200497,24,0.4467005076142132,0,[2.009e+03 7.000e+00 2.700e+01 1.000e+00 5.000e+01 3.890e+00]
B0033,89,1.448711504158192,76.84900715789524,24,0.4517766497461929,0,[2009.       7.      27.       5.      43.      49.015]
B0033,90,1.4666759762884336,77.80195868990296,24,0.45685279187817257,0,[2009.      7.     27.      9.     37.     15.14]
B0033,91,1.4689502109504418,77.92259877270602,24,0.4619289340101523,0,[2009.       7.      27.      13.      29.      48.031]
B0033,92,1.471116588522042,78.03751741939915,24,0.467005076142132,0,[2009.       7.      27.      17.      21.      22.671]
B0033,93,1.4473012364654927,76.77419745858678,24,0.4720812182741117,0,[2.009e+03 7.000e+00 2.700e+01 2.200e+01 2.800e+01 1.870e-01]
B0033,94,1.4205315547561643,75.35416078780038,24,0.47715736040609136,0,[2.0090e+03 7.0000e+00 2.8000e+01 2.0000e+00 2.1000e+01 2.8109e+01]
B0033,95,1.4241466094817417,75.54592661949611,24,0.48223350253807107,0,[2009.       7.      28.       6.      15.      44.125]
B0033,96,1.4412820083364295,76.45489875470565,24,0.4873096446700508,0,[2009.       7.      28.      10.       9.      52.296]
B0033,97,1.4448965388921615,76.64663678105018,24,0.49238578680203043,0,[2009.       7.      28.      14.       3.      56.171]
B0033,98,1.4540256354795746,77.13090297689217,24,0.49746192893401014,0,[2009.       7.      28.      19.       9.      29.828]
B0033,99,1.4226030447542912,75.46404598525801,24,0.5025380710659898,0,[2.0090e+03 7.0000e+00 2.8000e+01 2.3000e+01 2.0000e+00 2.6656e+01]
B0033,100,1.410196954589097,74.80594690261113,24,0.5076142131979695,0,[2.0090e+03 7.0000e+00 2.9000e+01 2.0000e+00 5.6000e+01 2.4125e+01]
B0033,101,1.4144881298999457,75.03357853336206,24,0.5126903553299492,0,[2009.       7.      29.       6.      50.      26.906]
B0033,102,1.431360032946153,75.92857315047095,24,0.5177664974619289,0,[2009.       7.      29.      10.      44.      27.906]
B0033,103,1.4515133236517528,76.99763374482976,24,0.5228426395939086,0,[2009.       7.      29.      15.      50.      33.843]
B0033,104,1.4230376757726733,75.48710161927956,24,0.5279187817258884,0,[2009.       7.      29.      19.      41.       4.109]
B0033,105,1.396298696255913,74.06869359091759,24,0.5329949238578681,0,[2009.       7.      29.      23.      34.      17.859]
B0033,106,1.3979060730399124,74.15395922843373,24,0.5380710659898477,0,[2009.       7.      30.       3.      28.      18.171]
B0033,107,1.4011347560096767,74.32522940882632,24,0.5431472081218274,0,[2009.       7.      30.       7.      22.      22.187]
B0033,108,1.436782528945267,76.21621733128508,24,0.5482233502538071,0,[2009.       7.      30.      12.      28.       5.953]
B0033,109,1.4370006879546382,76.22778989298877,24,0.5532994923857868,0,[2009.       7.      30.      16.      19.       5.437]
B0033,110,1.410355528453481,74.81435868370357,24,0.5583756345177665,0,[2009.       7.      30.      20.       9.      43.296]
B0033,111,1.382633397996189,73.34379798488281,24,0.5634517766497462,0,[2009.       7.      31.       0.       3.       7.406]
B0033,112,1.3699403583067564,72.67047724769749,24,0.5685279187817259,0,[2009.      7.     31.      3.     56.     28.39]
B0033,113,1.3786129327882322,73.13052656496414,24,0.5736040609137056,0,[2.0090e+03 7.0000e+00 3.1000e+01 9.0000e+00 1.0000e+00 5.1906e+01]
B0033,114,1.8035959863147195,95.67437026931768,24,0.5786802030456852,0,[2.009e+03 7.000e+00 3.100e+01 1.500e+01 4.200e+01 5.620e-01]
B0033,115,1.4234424290662009,75.50857234596477,24,0.583756345177665,0,[2009.       7.      31.      21.       3.       2.062]
B0033,116,1.3946003892958665,73.97860443006375,24,0.5888324873096447,0,[2.0090e+03 8.0000e+00 1.0000e+00 0.0000e+00 5.4000e+01 4.0031e+01]
B0033,117,1.3961613987822286,74.06141044689089,24,0.5939086294416244,0,[2.0090e+03 8.0000e+00 1.0000e+00 4.0000e+00 4.6000e+01 4.8453e+01]
B0033,118,1.384968608315797,73.46767261005951,24,0.5989847715736041,0,[2.0090e+03 8.0000e+00 1.0000e+00 8.0000e+00 4.0000e+01 3.9031e+01]
B0033,119,1.3715114742475478,72.75381937608759,24,0.6040609137055838,0,[2.0090e+03 8.0000e+00 1.0000e+00 1.2000e+01 3.3000e+01 3.2734e+01]
B0033,120,1.3616865084879255,72.23263978869554,24,0.6091370558375635,0,[2.0090e+03 8.0000e+00 1.0000e+00 1.7000e+01 3.8000e+01 4.8781e+01]
B0033,121,1.3796301360966086,73.18448559276372,24,0.6142131979695431,0,[2.0090e+03 8.0000e+00 1.0000e+00 2.1000e+01 3.0000e+01 3.3968e+01]
B0033,122,1.364231776003204,72.36765720309376,24,0.6192893401015228,0,[2.0090e+03 8.0000e+00 2.0000e+00 1.0000e+00 2.3000e+01 2.1296e+01]
B0033,123,1.3418414512081456,71.17992988436657,24,0.6243654822335025,0,[2.0090e+03 8.0000e+00 2.0000e+00 5.0000e+00 1.6000e+01 4.7781e+01]
B0033,124,1.355221569579225,71.8896977087548,24,0.6294416243654822,0,[2.0090e+03 8.0000e+00 2.0000e+00 9.0000e+00 1.0000e+01 1.5046e+01]
B0033,125,1.3403860264029774,71.10272476040012,24,0.6345177664974619,0,[2.0090e+03 8.0000e+00 2.0000e+00 1.4000e+01 1.5000e+01 2.7171e+01]
B0033,126,1.3594078914195438,72.11176723477742,24,0.6395939086294417,0,[2.0090e+03 8.0000e+00 2.0000e+00 1.8000e+01 8.0000e+00 5.4375e+01]
B0033,127,1.3457100861355502,71.38514724639762,24,0.6446700507614214,0,[2.0090e+03 8.0000e+00 2.0000e+00 2.2000e+01 2.0000e+00 1.0046e+01]
B0033,128,1.3477611420854358,71.49394849006939,24,0.649746192893401,0,[2.0090e+03 8.0000e+00 3.0000e+00 1.0000e+00 5.5000e+01 2.2875e+01]
B0033,129,1.335482103134067,70.84258902370404,24,0.6548223350253807,0,[2009.       8.       3.       5.      48.      39.625]
B0033,130,1.353154941842234,71.78007043700548,24,0.6598984771573604,0,[2009.       8.       3.      10.      53.      34.968]
B0033,131,1.3709677706044292,72.72497782617108,24,0.6649746192893401,0,[2009.       8.       3.      14.      44.      14.312]
B0033,132,1.357426672491866,72.00667059744316,24,0.6700507614213198,0,[2009.      8.      3.     18.     38.      5.89]
B0033,133,1.3443678821106904,71.31394808326698,24,0.6751269035532995,0,[2009.       8.       3.      22.      31.      42.515]
B0033,134,1.33005823859453,70.5548722466743,24,0.6802030456852792,0,[2.0090e+03 8.0000e+00 4.0000e+00 2.0000e+00 2.4000e+01 5.5453e+01]
B0033,135,1.4033641858066626,74.44349275244913,24,0.6852791878172588,0,[2009.      8.      5.     10.     47.     54.89]
B0033,136,1.3865570950229378,73.55193619599562,24,0.6903553299492385,0,[2009.       8.       5.      15.      53.      12.468]
B0033,137,1.3704138176872631,72.6955925886174,24,0.6954314720812182,0,[2009.       8.       5.      19.      44.      54.078]
B0033,138,1.325319393635713,70.30349332884627,24,0.700507614213198,0,[2009.       8.       5.      23.      38.      49.906]
B0033,139,0.8439684993200656,44.769535590160984,24,0.7055837563451777,0,[2009.       8.       6.       3.      32.      21.312]
B0033,140,0.298661803715835,15.84294942483033,24,0.7106598984771574,0,[2009.       8.       6.       7.      22.      48.562]
B0033,141,0.2344867974702557,12.438692952669417,24,0.7157360406091371,0,[2009.       8.       6.      12.      25.      17.046]
B0033,142,0.2025633038072582,10.745264836739421,24,0.7208121827411168,0,[2009.       8.       6.      16.      13.      25.921]
B0033,143,0.2353199565407024,12.482889086395591,24,0.7258883248730964,0,[2009.       8.       6.      20.       0.      59.562]
B0033,144,0.2355042783748287,12.492666705962685,24,0.7309644670050761,0,[2009.      8.      6.     23.     49.     34.39]
B0033,145,0.4304242256752923,22.83247858867016,24,0.7360406091370558,0,[2009.       8.       7.       3.      40.      19.734]
B0033,146,0.4643633320269643,24.632827808971104,24,0.7411167512690355,0,[2009.      8.      7.      8.     44.     36.25]
B0033,147,0.3994839380247729,21.191206064570377,24,0.7461928934010152,0,[2009.       8.       7.      12.      32.      22.343]
B0033,148,1.461469789426299,77.52578894162309,24,0.751269035532995,0,[2009.       8.       7.      16.      20.      49.765]
B0033,149,1.4150999545382532,75.06603366046896,24,0.7563451776649747,0,[2009.       8.       7.      20.      14.      10.406]
B0033,150,1.383632373873956,73.39679011213572,24,0.7614213197969543,0,[2009.       8.       8.       0.       7.       5.125]
B0033,151,1.3705402893609833,72.70230146235181,24,0.766497461928934,0,[2009.       8.       8.       5.      11.      27.593]
B0033,152,1.3557042566115398,71.91530254387547,24,0.7715736040609137,0,[2009.       8.       8.       9.       3.      54.812]
B0033,153,1.3578385793919765,72.02852079758593,24,0.7766497461928934,0,[2009.       8.       8.      12.      56.      26.703]
B0033,154,1.3609083979571397,72.191363784758,24,0.7817258883248731,0,[2009.       8.       8.      16.      48.      44.937]
B0033,155,1.3495626547684758,71.58951234848882,24,0.7868020304568528,0,[2009.       8.       8.      20.      40.      51.687]
B0033,156,1.1888877132486642,63.066276565857734,24,0.7918781725888325,0,[2009.       8.      17.      13.       8.      30.968]
B0033,157,1.5041493934608643,79.78979056412301,24,0.7969543147208121,0,[2009.       8.      17.      18.      14.       9.375]
B0033,158,1.4899088638712767,79.034380976209,24,0.8020304568527918,0,[2009.       8.      17.      22.       6.      54.109]
B0033,159,1.475330178643193,78.26103343100763,24,0.8071065989847716,0,[2.009e+03 8.000e+00 1.800e+01 2.000e+00 1.000e+00 3.312e+00]
B0033,160,1.459830765413703,77.43884453087297,24,0.8121827411167513,0,[2009.       8.      18.       5.      55.       2.015]
B0033,161,1.4474169057725728,76.78033330508363,24,0.817258883248731,0,[2009.      8.     18.      9.     48.     49.64]
B0033,162,1.4676323674647154,77.852691849777,24,0.8223350253807107,0,[2009.       8.      18.      14.      54.      37.937]
B0033,163,1.441552493165527,76.46924701556212,24,0.8274111675126904,0,[2009.       8.      18.      18.      45.      24.703]
B0033,164,1.418392873584403,75.24071133688804,24,0.8324873096446701,0,[2009.       8.      18.      22.      39.      17.609]
B0033,165,1.4031824838852518,74.43385410995957,24,0.8375634517766497,0,[2.0090e+03 8.0000e+00 1.9000e+01 2.0000e+00 3.2000e+01 3.8625e+01]
B0033,166,1.3911104661211642,73.79347638333851,24,0.8426395939086294,0,[2009.       8.      19.       6.      25.      55.265]
B0033,167,1.4086019958134537,74.72133999639539,24,0.8477157360406091,0,[2009.       8.      19.      11.      30.      52.687]
B0033,168,1.413770890394895,74.99553152144883,24,0.8527918781725888,0,[2009.       8.      19.      15.      24.      12.875]
B0033,169,1.412472234540845,74.92664243432755,24,0.8578680203045685,0,[2009.       8.      19.      19.      17.      33.312]
B0033,170,1.3831900026575588,73.37332388806158,24,0.8629441624365483,0,[2009.       8.      19.      23.      10.      50.875]
B0033,171,1.3646098107432565,72.38771060527965,24,0.868020304568528,0,[2009.       8.      20.       3.       3.      46.687]
B0033,172,1.369751365782437,72.66045186458116,24,0.8730964467005076,0,[2009.       8.      20.       8.       8.      26.703]
B0033,173,1.3867946911071662,73.56453982558313,24,0.8781725888324873,0,[2.009e+03 8.000e+00 2.000e+01 1.200e+01 1.000e+00 9.546e+00]
B0033,174,1.3918615875742792,73.83332071242764,24,0.883248730964467,0,[2009.       8.      20.      15.      51.      55.171]
B0033,175,1.377162352180965,73.05357840851545,24,0.8883248730964467,0,[2009.       8.      20.      19.      42.      35.546]
B0033,176,1.3599525359390852,72.14065869485114,24,0.8934010152284264,0,[2009.      8.     20.     23.     35.     23.25]
B0033,177,1.379779043170725,73.19238458491765,24,0.8984771573604061,0,[2009.       8.      21.      17.      59.      25.484]
B0033,178,1.3631373661966442,72.30960264439344,24,0.9035532994923858,0,[2009.       8.      21.      23.       4.      26.375]
B0033,179,1.3652295228794809,72.42058413617649,24,0.9086294416243654,0,[2.009e+03 8.000e+00 2.200e+01 2.000e+00 5.700e+01 6.984e+00]
B0033,180,1.3498620694059131,71.60539523307251,24,0.9137055837563451,0,[2009.      8.     22.      6.     49.     38.89]
B0033,181,1.3529504172332432,71.76922113188489,24,0.9187817258883249,0,[2009.       8.      22.      10.      41.      58.171]
B0033,182,1.3535740542605128,71.8023028643313,24,0.9238578680203046,0,[2009.       8.      22.      14.      34.       5.875]
B0033,183,1.3432225183905024,71.25319060016668,24,0.9289340101522843,0,[2009.       8.      22.      19.      38.       7.906]
B0033,184,1.3412081769053426,71.1463369286336,24,0.934010152284264,0,[2009.       8.      22.      23.      30.      19.437]
B0033,185,1.3277389969987805,70.4318447056621,24,0.9390862944162437,0,[2009.       8.      23.       3.      22.      24.156]
B0033,186,1.329778900445409,70.54005434859062,24,0.9441624365482234,0,[2009.       8.      23.       7.      14.      19.109]
B0033,187,1.3356045028702497,70.84908189559403,24,0.949238578680203,0,[2009.       8.      23.      11.       6.       6.546]
B0033,188,1.3177489685711123,69.90190912915713,24,0.9543147208121827,0,[2009.       8.      23.      16.       9.      49.296]
B0033,189,1.317605472474197,69.89429717015265,24,0.9593908629441624,0,[2.009e+03 8.000e+00 2.300e+01 2.000e+01 1.000e+00 3.250e+01]
B0033,190,1.3185279522072382,69.94323144823633,24,0.9644670050761421,0,[2009.       8.      23.      23.      53.       2.437]
B0033,191,1.3215397269813982,70.1029954181593,24,0.9695431472081218,0,[2009.       8.      24.       3.      44.      13.046]
B0033,192,1.3046615372928705,69.20766731697212,24,0.9746192893401016,0,[2009.       8.      24.       7.      35.      22.546]
B0033,193,1.3280324770208678,70.44741277994973,24,0.9796954314720813,0,[2009.      8.     24.     12.     38.     30.39]
B0033,194,1.3634549770713926,72.32645077482996,24,0.9847715736040609,0,[2009.       8.      24.      16.      30.      26.734]
B0033,195,1.3291316747402466,70.50572132044385,24,0.9898477157360406,0,[2009.       8.      24.      20.      22.      13.218]
B0033,196,1.3124201086917682,69.61923201239807,24,0.9949238578680203,0,[2009.       8.      25.       0.      13.      33.593]
B0033,197,1.3152825503676355,69.77107439109554,24,1.0,0,[2009.       8.      25.       4.       4.      24.875]
B0034,1,0.7459302957645664,40.978291197167174,24,0.005076142131979695,0,[2009.       6.      19.      17.      18.      16.015]
B0034,2,1.6623217152845853,91.32100371722426,24,0.01015228426395939,0,[2.0090e+03 6.0000e+00 1.9000e+01 2.2000e+01 2.0000e+00 5.0609e+01]
B0034,3,1.645087369694532,90.37422083926388,24,0.015228426395939087,0,[2.009e+03 6.000e+00 2.000e+01 1.000e+00 5.900e+01 3.975e+01]
B0034,4,1.620729289277574,89.03608975919154,24,0.02030456852791878,0,[2009.       6.      20.       5.      55.      38.984]
B0034,5,1.5967402025126003,87.71822964734072,24,0.025380710659898477,0,[2009.       6.      20.       9.      50.      35.156]
B0034,6,1.4856500618812698,81.61540186601445,24,0.030456852791878174,0,[2009.       6.      20.      13.      47.      19.156]
B0034,7,1.4866702197497013,81.67144507331818,24,0.03553299492385787,0,[2009.       6.      20.      18.      55.      22.281]
B0034,8,1.4701330958405268,80.76296463893766,24,0.04060913705583756,0,[2009.       6.      20.      22.      51.      49.984]
B0034,9,1.4565041801019636,80.01424900021426,24,0.04568527918781726,0,[2.0090e+03 6.0000e+00 2.1000e+01 2.0000e+00 4.8000e+01 2.0078e+01]
B0034,10,1.4418961035576472,79.21174236137352,24,0.050761421319796954,0,[2009.       6.      21.       6.      44.      49.843]
B0034,11,1.4370949588970292,78.94798755063633,24,0.05583756345177665,0,[2009.       6.      21.      10.      41.      15.046]
B0034,12,1.4458703624967404,79.4300715283531,24,0.06091370558375635,0,[2009.       6.      21.      15.      49.       5.796]
B0034,13,1.432104054561837,78.67380813689489,24,0.06598984771573604,0,[2009.       6.      21.      19.      45.      24.468]
B0034,14,1.426720633302465,78.3780654847246,24,0.07106598984771574,0,[2009.       6.      21.      23.      41.      43.609]
B0034,15,1.4230846885129826,78.17832188239845,24,0.07614213197969544,0,[2009.       6.      22.       3.      37.      57.218]
B0034,16,1.4409479522418909,79.1596548929644,24,0.08121827411167512,0,[2009.       6.      22.       7.      34.       6.234]
B0034,17,1.486901544051865,81.68415306315164,24,0.08629441624365482,0,[2009.       6.      22.      12.      41.      48.359]
B0034,18,1.5245313226850703,83.75137574504566,24,0.09137055837563451,0,[2009.       6.      22.      16.      38.      13.281]
B0034,19,1.4629049605190707,80.36588111022596,24,0.09644670050761421,0,[2009.       6.      22.      20.      34.      46.062]
B0034,20,1.423079450854989,78.17803414737057,24,0.10152284263959391,0,[2009.       6.      23.       0.      31.       3.375]
B0034,21,1.4051040863603437,77.19054278950608,24,0.1065989847715736,0,[2009.       6.      23.       4.      27.       4.484]
B0034,22,1.6329463925070862,89.70724632243537,24,0.1116751269035533,0,[2009.       6.      26.      15.      29.      34.968]
B0034,23,1.5687138208259117,86.17857743522228,24,0.116751269035533,0,[2009.       6.      26.      20.      32.      24.265]
B0034,24,1.5149520966053402,83.22513312161618,24,0.1218274111675127,0,[2009.       6.      27.       0.      28.      29.453]
B0034,25,1.4855182940634626,81.6081630931168,24,0.12690355329949238,0,[2009.       6.      27.       4.      25.      16.218]
B0034,26,1.480771929049074,81.34741764707172,24,0.1319796954314721,0,[2009.       6.      27.       8.      21.      51.234]
B0034,27,1.484026357317059,81.52620232709211,24,0.13705583756345177,0,[2009.     6.    27.    12.    18.    20.5]
B0034,28,1.4922153055506522,81.97606889937119,24,0.14213197969543148,0,[2009.       6.      27.      17.      26.      12.718]
B0034,29,1.473312924099279,80.93765110640521,24,0.14720812182741116,0,[2009.       6.      27.      21.      22.      21.781]
B0034,30,1.441593178980006,79.19510095181576,24,0.15228426395939088,0,[2.0090e+03 6.0000e+00 2.8000e+01 1.0000e+00 1.8000e+01 3.4656e+01]
B0034,31,1.4225873198015788,78.15099852523761,24,0.15736040609137056,0,[2009.      6.     28.      5.     14.     48.25]
B0034,32,1.4266489379486664,78.37412684179493,24,0.16243654822335024,0,[2009.       6.      28.       9.      10.      46.125]
B0034,33,1.4596775560238575,80.18858100327651,24,0.16751269035532995,0,[2009.       6.      28.      14.      18.      12.906]
B0034,34,1.4396159938545154,79.08648266900421,24,0.17258883248730963,0,[2009.       6.      28.      18.      13.      23.984]
B0034,35,1.4195512657848512,77.98421041340704,24,0.17766497461928935,0,[2009.       6.      28.      22.       7.      58.453]
B0034,36,1.4118101714470452,77.55894706137464,24,0.18274111675126903,0,[2.009e+03 6.000e+00 2.900e+01 2.000e+00 3.000e+00 4.614e+01]
B0034,37,1.4044196701845313,77.15294382682588,24,0.18781725888324874,0,[2009.       6.      29.       5.      59.      12.218]
B0034,38,1.4735059098606866,80.94825293712957,24,0.19289340101522842,0,[2009.       6.      29.      11.       6.      27.906]
B0034,39,1.492658600645149,82.00042167813845,24,0.19796954314720813,0,[2009.       6.      29.      14.      59.      50.625]
B0034,40,1.4820260149945934,81.41631188471507,24,0.20304568527918782,0,[2009.       6.      29.      18.      50.      48.062]
B0034,41,1.423575357658995,78.2052771934522,24,0.20812182741116753,0,[2009.       6.      29.      22.      44.      42.875]
B0034,42,1.403825219724535,77.1202872043635,24,0.2131979695431472,0,[2.0090e+03 6.0000e+00 3.0000e+01 2.0000e+00 3.6000e+01 3.9734e+01]
B0034,43,1.5363173478836123,84.39885068390436,24,0.2182741116751269,0,[2.0090e+03 7.0000e+00 1.0000e+00 1.1000e+01 1.5000e+01 2.3875e+01]
B0034,44,1.5440367168176732,84.82292053310398,24,0.2233502538071066,0,[2.0090e+03 7.0000e+00 1.0000e+00 1.6000e+01 1.8000e+01 1.8546e+01]
B0034,45,1.507892155360249,82.83728947212381,24,0.22842639593908629,0,[2.009e+03 7.000e+00 1.000e+00 2.000e+01 1.000e+01 2.437e+00]
B0034,46,1.8203060058691087,100.0,24,0.233502538071066,0,[2009.       7.      14.      16.      14.      47.937]
B0034,47,1.5936575758226643,87.54888302759674,24,0.23857868020304568,0,[2009.       7.      14.      21.      23.      50.218]
B0034,48,1.533070464968097,84.22048051399629,24,0.2436548223350254,0,[2.0090e+03 7.0000e+00 1.5000e+01 1.0000e+00 1.6000e+01 1.5015e+01]
B0034,49,1.4862143093107285,81.64639926027891,24,0.24873096446700507,0,[2009.       7.      15.       5.       9.       4.546]
B0034,50,1.5029318848267783,82.56479295134778,24,0.25380710659898476,0,[2009.       7.      15.       9.       4.      59.109]
B0034,51,1.5202185406928062,83.51444953712466,24,0.25888324873096447,0,[2009.       7.      15.      12.      57.      49.296]
B0034,52,1.5118194735004464,83.05303990790412,24,0.2639593908629442,0,[2009.      7.     15.     18.      0.     54.64]
B0034,53,1.464601301820905,80.45907100776873,24,0.26903553299492383,0,[2009.       7.      15.      21.      52.      48.093]
B0034,54,1.4546140961511749,79.91041569171038,24,0.27411167512690354,0,[2.009e+03 7.000e+00 1.600e+01 1.000e+00 4.400e+01 5.839e+01]
B0034,55,1.4333400490204142,78.74170850389866,24,0.27918781725888325,0,[2009.       7.      16.       5.      37.      32.718]
B0034,56,1.449326234639616,79.61992269248337,24,0.28426395939086296,0,[2009.       7.      16.       9.      29.      18.125]
B0034,57,1.495199821798908,82.14002574171708,24,0.2893401015228426,0,[2.009e+03 7.000e+00 1.600e+01 1.400e+01 3.600e+01 4.530e-01]
B0034,58,1.4720590241846008,80.86876708851835,24,0.29441624365482233,0,[2009.      7.     16.     18.     26.      9.14]
B0034,59,1.4097383014648728,77.44512718848007,24,0.29949238578680204,0,[2009.       7.      16.      22.      18.      31.578]
B0034,60,1.3861944181384176,76.15172469183699,24,0.30456852791878175,0,[2.0090e+03 7.0000e+00 1.7000e+01 2.0000e+00 1.0000e+01 3.8265e+01]
B0034,61,1.3624125407550536,74.8452477969256,24,0.3096446700507614,0,[2.0090e+03 7.0000e+00 1.7000e+01 6.0000e+00 2.0000e+00 3.1671e+01]
B0034,62,1.4471377445077278,79.49969619623317,24,0.3147208121827411,0,[2009.       7.      17.      11.       8.      50.734]
B0034,63,1.4554483390450048,79.95624550774902,24,0.3197969543147208,0,[2.009e+03 7.000e+00 1.700e+01 1.500e+01 0.000e+00 1.400e-01]
B0034,64,1.4423952167302958,79.23916155194036,24,0.3248730964467005,0,[2009.      7.     17.     18.     49.     14.75]
B0034,65,1.377541945989605,75.67639405397088,24,0.3299492385786802,0,[2009.       7.      17.      22.      40.      36.953]
B0034,66,1.3539935892900532,74.38274580891614,24,0.3350253807106599,0,[2.0090e+03 7.0000e+00 1.8000e+01 2.0000e+00 3.2000e+01 1.9203e+01]
B0034,67,1.5509038861664448,85.20017410072559,24,0.3401015228426396,0,[2009.      7.     23.     10.     25.     18.89]
B0034,68,1.5562932697752867,85.49624429944302,24,0.34517766497461927,0,[2009.       7.      23.      15.      28.      51.734]
B0034,69,1.5067526605064707,82.77469038987589,24,0.350253807106599,0,[2009.      7.     23.     19.     19.     21.39]
B0034,70,1.444138733302766,79.33494306157931,24,0.3553299492385787,0,[2009.       7.      23.      23.      11.      10.812]
B0034,71,1.4144103811292437,77.70179170803377,24,0.3604060913705584,0,[2.0090e+03 7.0000e+00 2.4000e+01 3.0000e+00 2.0000e+00 5.1234e+01]
B0034,72,1.3897574212362729,76.34746118264498,24,0.36548223350253806,0,[2009.       7.      24.       6.      55.      12.218]
B0034,73,1.449968311475299,79.65519570886703,24,0.37055837563451777,0,[2.009e+03 7.000e+00 2.400e+01 1.200e+01 1.000e+00 7.843e+00]
B0034,74,1.4678653068012166,80.63838179231746,24,0.3756345177664975,0,[2009.       7.      24.      15.      46.       9.421]
B0034,75,1.4290644310445066,78.50682393162775,24,0.38071065989847713,0,[2009.      7.     24.     19.     35.     49.25]
B0034,76,1.376744834668327,75.63260409125539,24,0.38578680203045684,0,[2009.       7.      24.      23.      28.       2.156]
B0034,77,1.3515813262521057,74.25022616495683,24,0.39086294416243655,0,[2009.      7.     25.      3.     20.      5.39]
B0034,78,1.353993472828928,74.38273941102892,24,0.39593908629441626,0,[2009.       7.      25.       8.      26.      42.515]
B0034,79,1.3577165116893766,74.58726759741322,24,0.4010152284263959,0,[2009.       7.      25.      12.      19.      43.718]
B0034,80,1.334169315351027,73.29368309775064,24,0.40609137055837563,0,[2009.       7.      25.      16.      13.       2.187]
B0034,81,1.3372147888783987,73.4609886781065,24,0.41116751269035534,0,[2009.       7.      25.      20.       6.      55.421]
B0034,82,1.339045224276927,73.56154514458119,24,0.41624365482233505,0,[2.009e+03 7.000e+00 2.600e+01 0.000e+00 1.000e+00 9.546e+00]
B0034,83,1.3439244604756322,73.829589977866,24,0.4213197969543147,0,[2009.       7.      26.       5.       7.      11.546]
B0034,84,1.3454786192090245,73.91496895966253,24,0.4263959390862944,0,[2.009e+03 7.000e+00 2.600e+01 9.000e+00 1.000e+00 3.514e+01]
B0034,85,1.3482263029682544,74.06591521542232,24,0.43147208121827413,0,[2009.       7.      26.      12.      55.      45.109]
B0034,86,1.3373192299576058,73.46672623425752,24,0.4365482233502538,0,[2009.       7.      26.      16.      49.      47.359]
B0034,87,1.3402523341553034,73.6278587135352,24,0.4416243654822335,0,[2009.       7.      26.      20.      43.      48.921]
B0034,88,1.329096568237912,73.01500758403157,24,0.4467005076142132,0,[2.009e+03 7.000e+00 2.700e+01 1.000e+00 5.000e+01 3.890e+00]
B0034,89,1.3323485655766352,73.19365871896372,24,0.4517766497461929,0,[2009.       7.      27.       5.      43.      49.015]
B0034,90,1.3501541310555516,74.17182202895155,24,0.45685279187817257,0,[2009.      7.     27.      9.     37.     15.14]
B0034,91,1.381523441054128,75.89512074342231,24,0.4619289340101523,0,[2009.       7.      27.      13.      29.      48.031]
B0034,92,1.3835971952817807,76.00904412888423,24,0.467005076142132,0,[2009.       7.      27.      17.      21.      22.671]
B0034,93,1.33011618620809,73.07102113158295,24,0.4720812182741117,0,[2.009e+03 7.000e+00 2.700e+01 2.200e+01 2.800e+01 1.870e-01]
B0034,94,1.3176982121703231,72.38882956611383,24,0.47715736040609136,0,[2.0090e+03 7.0000e+00 2.8000e+01 2.0000e+00 2.1000e+01 2.8109e+01]
B0034,95,1.3063657719651272,71.76627269003599,24,0.48223350253807107,0,[2009.       7.      28.       6.      15.      44.125]
B0034,96,1.3381567383793782,73.51273544474587,24,0.4873096446700508,0,[2009.       7.      28.      10.       9.      52.296]
B0034,97,1.3563258092165067,74.51086821904575,24,0.49238578680203043,0,[2009.       7.      28.      14.       3.      56.171]
B0034,98,1.3648997529550058,74.98188483443099,24,0.49746192893401014,0,[2009.       7.      28.      19.       9.      29.828]
B0034,99,1.3337639975535058,73.27141663286979,24,0.5025380710659898,0,[2.0090e+03 7.0000e+00 2.8000e+01 2.3000e+01 2.0000e+00 2.6656e+01]
B0034,100,1.3060123668658763,71.74685809171508,24,0.5076142131979695,0,[2.0090e+03 7.0000e+00 2.9000e+01 2.0000e+00 5.6000e+01 2.4125e+01]
B0034,101,1.3101868361375808,71.97618597715001,24,0.5126903553299492,0,[2009.       7.      29.       6.      50.      26.906]
B0034,102,1.3567668941696105,74.53509958188702,24,0.5177664974619289,0,[2009.       7.      29.      10.      44.      27.906]
B0034,103,1.3916857433587717,76.45339513640228,24,0.5228426395939086,0,[2009.       7.      29.      15.      50.      33.843]
B0034,104,1.3629935079344777,74.87716370433628,24,0.5279187817258884,0,[2009.       7.      29.      19.      41.       4.109]
B0034,105,1.3211711973900628,72.57962085112536,24,0.5329949238578681,0,[2009.       7.      29.      23.      34.      17.859]
B0034,106,1.3074869015593356,71.82786286172106,24,0.5380710659898477,0,[2009.       7.      30.       3.      28.      18.171]
B0034,107,1.3105881895483489,71.9982346552005,24,0.5431472081218274,0,[2009.       7.      30.       7.      22.      22.187]
B0034,108,1.376312668196664,75.60886267249009,24,0.5482233502538071,0,[2009.       7.      30.      12.      28.       5.953]
B0034,109,1.391764929132287,76.45774527166856,24,0.5532994923857868,0,[2009.       7.      30.      16.      19.       5.437]
B0034,110,1.3649746353453525,74.98599855982141,24,0.5583756345177665,0,[2009.       7.      30.      20.       9.      43.296]
B0034,111,1.3219093937291897,72.62017427108589,24,0.5634517766497462,0,[2009.       7.      31.       0.       3.       7.406]
B0034,112,1.3090033888073913,71.91117232964383,24,0.5685279187817259,0,[2009.      7.     31.      3.     56.     28.39]
B0034,113,1.3327005721973733,73.21299649072314,24,0.5736040609137056,0,[2.0090e+03 7.0000e+00 3.1000e+01 9.0000e+00 1.0000e+00 5.1906e+01]
B0034,114,1.7423975189669398,95.72003351903619,24,0.5786802030456852,0,[2.009e+03 7.000e+00 3.100e+01 1.500e+01 4.200e+01 5.620e-01]
B0034,115,1.37734756281946,75.66571545545402,24,0.583756345177665,0,[2009.       7.      31.      21.       3.       2.062]
B0034,116,1.34875988767775,74.0952281280741,24,0.5888324873096447,0,[2.0090e+03 8.0000e+00 1.0000e+00 0.0000e+00 5.4000e+01 4.0031e+01]
B0034,117,1.3501504559881146,74.17162013611456,24,0.5939086294416244,0,[2.0090e+03 8.0000e+00 1.0000e+00 4.0000e+00 4.6000e+01 4.8453e+01]
B0034,118,1.3387814875085953,73.54705654939546,24,0.5989847715736041,0,[2.0090e+03 8.0000e+00 1.0000e+00 8.0000e+00 4.0000e+01 3.9031e+01]
B0034,119,1.3253371210402685,72.8084792758503,24,0.6040609137055838,0,[2.0090e+03 8.0000e+00 1.0000e+00 1.2000e+01 3.3000e+01 3.2734e+01]
B0034,120,1.3308160596334049,73.10946925091334,24,0.6091370558375635,0,[2.0090e+03 8.0000e+00 1.0000e+00 1.7000e+01 3.8000e+01 4.8781e+01]
B0034,121,1.333083376618503,73.23402616484913,24,0.6142131979695431,0,[2.0090e+03 8.0000e+00 1.0000e+00 2.1000e+01 3.0000e+01 3.3968e+01]
B0034,122,1.3333226534895923,73.24717103556414,24,0.6192893401015228,0,[2.0090e+03 8.0000e+00 2.0000e+00 1.0000e+00 2.3000e+01 2.1296e+01]
B0034,123,1.3264281097516477,72.86841363347268,24,0.6243654822335025,0,[2.0090e+03 8.0000e+00 2.0000e+00 5.0000e+00 1.6000e+01 4.7781e+01]
B0034,124,1.323971040986857,72.73343255024444,24,0.6294416243654822,0,[2.0090e+03 8.0000e+00 2.0000e+00 9.0000e+00 1.0000e+01 1.5046e+01]
B0034,125,1.3249364225071156,72.78646657403749,24,0.6345177664974619,0,[2.0090e+03 8.0000e+00 2.0000e+00 1.4000e+01 1.5000e+01 2.7171e+01]
B0034,126,1.3283067675570923,72.97161923733199,24,0.6395939086294417,0,[2.0090e+03 8.0000e+00 2.0000e+00 1.8000e+01 8.0000e+00 5.4375e+01]
B0034,127,1.314584348909226,72.21776693977203,24,0.6446700507614214,0,[2.0090e+03 8.0000e+00 2.0000e+00 2.2000e+01 2.0000e+00 1.0046e+01]
B0034,128,1.3166841798543305,72.3331228710459,24,0.649746192893401,0,[2.0090e+03 8.0000e+00 3.0000e+00 1.0000e+00 5.5000e+01 2.2875e+01]
B0034,129,1.3041727649654071,71.64579805595528,24,0.6548223350253807,0,[2009.       8.       3.       5.      48.      39.625]
B0034,130,1.3534450073572306,74.35260901152856,24,0.6598984771573604,0,[2009.       8.       3.      10.      53.      34.968]
B0034,131,1.371294082513786,75.33316256126173,24,0.6649746192893401,0,[2009.       8.       3.      14.      44.      14.312]
B0034,132,1.357699321922511,74.58632326350397,24,0.6700507614213198,0,[2009.      8.      3.     18.     38.      5.89]
B0034,133,1.3286903090919502,72.99268940540381,24,0.6751269035532995,0,[2009.       8.       3.      22.      31.      42.515]
B0034,134,1.3143943268181724,72.20732792070376,24,0.6802030456852792,0,[2.0090e+03 8.0000e+00 4.0000e+00 2.0000e+00 2.4000e+01 5.5453e+01]
B0034,135,1.3866783030110723,76.17830730328224,24,0.6852791878172588,0,[2009.      8.      5.     10.     47.     54.89]
B0034,136,1.3868330458429208,76.18680822737683,24,0.6903553299492385,0,[2009.       8.       5.      15.      53.      12.468]
B0034,137,1.3548037379291014,74.42725198735185,24,0.6954314720812182,0,[2009.       8.       5.      19.      44.      54.078]
B0034,138,1.3255787669951669,72.82175429412302,24,0.700507614213198,0,[2009.       8.       5.      23.      38.      49.906]
B0034,139,1.3119728676377551,72.07430307913263,24,0.7055837563451777,0,[2009.       8.       6.       3.      32.      21.312]
B0034,140,1.3064487948795198,71.7708336217763,24,0.7106598984771574,0,[2009.       8.       6.       7.      22.      48.562]
B0034,141,1.3418431880549024,73.7152535743152,24,0.7157360406091371,0,[2009.       8.       6.      12.      25.      17.046]
B0034,142,1.3609210170759327,74.76330972309012,24,0.7208121827411168,0,[2009.       8.       6.      16.      13.      25.921]
B0034,143,1.329960367739497,73.06246111650358,24,0.7258883248730964,0,[2009.       8.       6.      20.       0.      59.562]
B0034,144,1.299069387625936,71.36543984568642,24,0.7309644670050761,0,[2009.      8.      6.     23.     49.     34.39]
B0034,145,1.2984544371955695,71.33165704057653,24,0.7360406091370558,0,[2009.       8.       7.       3.      40.      19.734]
B0034,146,1.317648609161009,72.3861045842067,24,0.7411167512690355,0,[2009.      8.      7.      8.     44.     36.25]
B0034,147,1.3360648564106594,73.39781619699444,24,0.7461928934010152,0,[2009.       8.       7.      12.      32.      22.343]
B0034,148,1.3635797361860138,74.90936863304859,24,0.751269035532995,0,[2009.       8.       7.      16.      20.      49.765]
B0034,149,1.3333112541544827,73.24654480376175,24,0.7563451776649747,0,[2009.       8.       7.      20.      14.      10.406]
B0034,150,1.3023273463118925,71.54441847210704,24,0.7614213197969543,0,[2009.       8.       8.       0.       7.       5.125]
B0034,151,1.2888728444455877,70.8052844021801,24,0.766497461928934,0,[2009.       8.       8.       5.      11.      27.593]
B0034,152,1.2902746194203034,70.88229205749718,24,0.7715736040609137,0,[2009.       8.       8.       9.       3.      54.812]
B0034,153,1.292407565676824,70.99946720550216,24,0.7766497461928934,0,[2009.       8.       8.      12.      56.      26.703]
B0034,154,1.295409150510234,71.16436172454084,24,0.7817258883248731,0,[2009.       8.       8.      16.      48.      44.937]
B0034,155,1.283229881592695,70.4952836201853,24,0.7868020304568528,0,[2009.       8.       8.      20.      40.      51.687]
B0034,156,1.4557454024367815,79.97256492826507,24,0.7918781725888325,0,[2009.       8.      17.      13.       8.      30.968]
B0034,157,1.454676342673242,79.91383525533686,24,0.7969543147208121,0,[2009.       8.      17.      18.      14.       9.375]
B0034,158,1.423427718198495,78.19716649887536,24,0.8020304568527918,0,[2009.       8.      17.      22.       6.      54.109]
B0034,159,1.392551210363313,76.50094027451372,24,0.8071065989847716,0,[2.009e+03 8.000e+00 1.800e+01 2.000e+00 1.000e+00 3.312e+00]
B0034,160,1.3765732493746907,75.62317791274018,24,0.8121827411167513,0,[2009.       8.      18.       5.      55.       2.015]
B0034,161,1.3810190828982352,75.86741341540896,24,0.817258883248731,0,[2009.      8.     18.      9.     48.     49.64]
B0034,162,1.4007568321672863,76.95172282302569,24,0.8223350253807107,0,[2009.       8.      18.      14.      54.      37.937]
B0034,163,1.374645303479972,75.51726462736383,24,0.8274111675126904,0,[2009.       8.      18.      18.      45.      24.703]
B0034,164,1.3345924114397838,73.31692622760863,24,0.8324873096446701,0,[2009.       8.      18.      22.      39.      17.609]
B0034,165,1.336396621564738,73.41604198721922,24,0.8375634517766497,0,[2.0090e+03 8.0000e+00 1.9000e+01 2.0000e+00 3.2000e+01 3.8625e+01]
B0034,166,1.3069152971756248,71.79646130715453,24,0.8426395939086294,0,[2009.       8.      19.       6.      25.      55.265]
B0034,167,1.341539456674081,73.69856784236453,24,0.8477157360406091,0,[2009.       8.      19.      11.      30.      52.687]
B0034,168,1.346388970161922,73.96497983420574,24,0.8527918781725888,0,[2009.       8.      19.      15.      24.      12.875]
B0034,169,1.344989807277774,73.88811567622147,24,0.8578680203045685,0,[2009.       8.      19.      19.      17.      33.312]
B0034,170,1.3158760805047784,72.2887292720056,24,0.8629441624365483,0,[2009.       8.      19.      23.      10.      50.875]
B0034,171,1.2972766889740088,71.2669564782665,24,0.868020304568528,0,[2009.       8.      20.       3.       3.      46.687]
B0034,172,1.2851255211005648,70.59942212776356,24,0.8730964467005076,0,[2009.       8.      20.       8.       8.      26.703]
B0034,173,1.3190209156530253,72.46149336431246,24,0.8781725888324873,0,[2.009e+03 8.000e+00 2.000e+01 1.200e+01 1.000e+00 9.546e+00]
B0034,174,1.3410097849290994,73.66946989162032,24,0.883248730964467,0,[2009.       8.      20.      15.      51.      55.171]
B0034,175,1.326126983882746,72.85187103745142,24,0.8883248730964467,0,[2009.       8.      20.      19.      42.      35.546]
B0034,176,1.3091442679990724,71.91891164332114,24,0.8934010152284264,0,[2009.      8.     20.     23.     35.     23.25]
B0034,177,1.363001289617145,74.8775911974414,24,0.8984771573604061,0,[2009.       8.      21.      17.      59.      25.484]
B0034,178,1.329285701687194,73.02539778483694,24,0.9035532994923858,0,[2009.       8.      21.      23.       4.      26.375]
B0034,179,1.2969085930621855,71.24673482813535,24,0.9086294416243654,0,[2.009e+03 8.000e+00 2.200e+01 2.000e+00 5.700e+01 6.984e+00]
B0034,180,1.2986285924941396,71.34122440441583,24,0.9137055837563451,0,[2009.      8.     22.      6.     49.     38.89]
B0034,181,1.2840657611821942,70.54120334943983,24,0.9187817258883249,0,[2009.       8.      22.      10.      41.      58.171]
B0034,182,1.3021015914136362,71.53201644203472,24,0.9238578680203046,0,[2009.       8.      22.      14.      34.       5.875]
B0034,183,1.3089076351731337,71.9059120253901,24,0.9289340101522843,0,[2009.       8.      22.      19.      38.       7.906]
B0034,184,1.2722519696513912,69.89220304439702,24,0.934010152284264,0,[2009.       8.      22.      23.      30.      19.437]
B0034,185,1.276011534360331,70.09873780815752,24,0.9390862944162437,0,[2009.       8.      23.       3.      22.      24.156]
B0034,186,1.2605053003103004,69.24689015177256,24,0.9441624365482234,0,[2009.       8.      23.       7.      14.      19.109]
B0034,187,1.2660681251347117,69.5524884855953,24,0.949238578680203,0,[2009.       8.      23.      11.       6.       6.546]
B0034,188,1.265829016865281,69.53935287715038,24,0.9543147208121827,0,[2009.       8.      23.      16.       9.      49.296]
B0034,189,1.2655873898206993,69.52607889773138,24,0.9593908629441624,0,[2.009e+03 8.000e+00 2.300e+01 2.000e+01 1.000e+00 3.250e+01]
B0034,190,1.2663598323027554,69.56851365757755,24,0.9644670050761421,0,[2009.       8.      23.      23.      53.       2.437]
B0034,191,1.2868479432728903,70.69404479926891,24,0.9695431472081218,0,[2009.       8.      24.       3.      44.      13.046]
B0034,192,1.270026164613209,69.76992662323455,24,0.9746192893401016,0,[2009.       8.      24.       7.      35.      22.546]
B0034,193,1.34598253292492,73.94265187200094,24,0.9796954314720813,0,[2009.      8.     24.     12.     38.     30.39]
B0034,194,1.3286875315413778,72.99253681839023,24,0.9847715736040609,0,[2009.       8.      24.      16.      30.      26.734]
B0034,195,1.31203071983408,72.07748123687854,24,0.9898477157360406,0,[2009.       8.      24.      20.      22.      13.218]
B0034,196,1.295125492961198,71.14877876496583,24,0.9949238578680203,0,[2009.       8.      25.       0.      13.      33.593]
B0034,197,1.2802601605963335,70.33213956710925,24,1.0,0,[2009.       8.      25.       4.       4.      24.875]
B0036,1,1.001982588175331,40.996603647442534,24,0.005076142131979695,0,[2009.       6.      19.      17.      18.      16.015]
B0036,2,1.8011007566288924,73.69291115436319,24,0.01015228426395939,0,[2.0090e+03 6.0000e+00 1.9000e+01 2.2000e+01 2.0000e+00 5.0609e+01]
B0036,3,1.8044229856020628,73.82884176438222,24,0.015228426395939087,0,[2.009e+03 6.000e+00 2.000e+01 1.000e+00 5.900e+01 3.975e+01]
B0036,4,1.804388833772829,73.8274444257224,24,0.02030456852791878,0,[2009.       6.      20.       5.      55.      38.984]
B0036,5,1.7989248871784247,73.60388440030367,24,0.025380710659898477,0,[2009.       6.      20.       9.      50.      35.156]
B0036,6,1.792996521672392,73.36132244983048,24,0.030456852791878174,0,[2009.       6.      20.      13.      47.      19.156]
B0036,7,1.7885507985621891,73.17942353219841,24,0.03553299492385787,0,[2009.       6.      20.      18.      55.      22.281]
B0036,8,1.7890856930727703,73.2013090005711,24,0.04060913705583756,0,[2009.       6.      20.      22.      51.      49.984]
B0036,9,1.7893137312833287,73.21063929457527,24,0.04568527918781726,0,[2.0090e+03 6.0000e+00 2.1000e+01 2.0000e+00 4.8000e+01 2.0078e+01]
B0036,10,1.7860759459480868,73.0781637369649,24,0.050761421319796954,0,[2009.       6.      21.       6.      44.      49.843]
B0036,11,1.7836324249650817,72.97818589061639,24,0.05583756345177665,0,[2009.       6.      21.      10.      41.      15.046]
B0036,12,1.782972873807272,72.9512000350526,24,0.06091370558375635,0,[2009.       6.      21.      15.      49.       5.796]
B0036,13,1.7813775963259668,72.88592848305102,24,0.06598984771573604,0,[2009.       6.      21.      19.      45.      24.468]
B0036,14,1.7785359545932946,72.76966133310529,24,0.07106598984771574,0,[2009.       6.      21.      23.      41.      43.609]
B0036,15,1.7759043090943398,72.6619862809293,24,0.07614213197969544,0,[2009.       6.      22.       3.      37.      57.218]
B0036,16,1.7780426649905914,72.74947814972059,24,0.08121827411167512,0,[2009.       6.      22.       7.      34.       6.234]
B0036,17,1.7830029333591657,72.95242993619993,24,0.08629441624365482,0,[2009.       6.      22.      12.      41.      48.359]
B0036,18,1.7883000424613875,73.16916372469471,24,0.09137055837563451,0,[2009.       6.      22.      16.      38.      13.281]
B0036,19,1.779294712578026,72.80070628411688,24,0.09644670050761421,0,[2009.       6.      22.      20.      34.      46.062]
B0036,20,1.7709235500451854,72.45819610831417,24,0.10152284263959391,0,[2009.       6.      23.       0.      31.       3.375]
B0036,21,1.7659050180801104,72.25286043852087,24,0.1065989847715736,0,[2009.       6.      23.       4.      27.       4.484]
B0036,22,1.7826929241469245,72.93974575889855,24,0.1116751269035533,0,[2009.       6.      26.      15.      29.      34.968]
B0036,23,1.7964662072920203,73.50328632006915,24,0.116751269035533,0,[2009.       6.      26.      20.      32.      24.265]
B0036,24,1.7909083533422898,73.27588402965371,24,0.1218274111675127,0,[2009.       6.      27.       0.      28.      29.453]
B0036,25,1.78518002808874,73.04150682314847,24,0.12690355329949238,0,[2009.       6.      27.       4.      25.      16.218]
B0036,26,1.7811343176546524,72.87597461820202,24,0.1319796954314721,0,[2009.       6.      27.       8.      21.      51.234]
B0036,27,1.7755577789223569,72.6478078308441,24,0.13705583756345177,0,[2009.     6.    27.    12.    18.    20.5]
B0036,28,1.776885870616115,72.7021473467389,24,0.14213197969543148,0,[2009.       6.      27.      17.      26.      12.718]
B0036,29,1.7713083410378214,72.47394001843634,24,0.14720812182741116,0,[2009.       6.      27.      21.      22.      21.781]
B0036,30,1.7713348840874137,72.47502604018618,24,0.15228426395939088,0,[2.0090e+03 6.0000e+00 2.8000e+01 1.0000e+00 1.8000e+01 3.4656e+01]
B0036,31,1.766084286640505,72.2601952986309,24,0.15736040609137056,0,[2009.      6.     28.      5.     14.     48.25]
B0036,32,1.7592793663412327,71.98176868358388,24,0.16243654822335024,0,[2009.       6.      28.       9.      10.      46.125]
B0036,33,1.7610368813762425,72.05367826379518,24,0.16751269035532995,0,[2009.       6.      28.      14.      18.      12.906]
B0036,34,1.760242767365706,72.0211867038369,24,0.17258883248730963,0,[2009.       6.      28.      18.      13.      23.984]
B0036,35,1.7555899416034395,71.83081408073213,24,0.17766497461928935,0,[2009.       6.      28.      22.       7.      58.453]
B0036,36,1.7545602176655593,71.78868242630445,24,0.18274111675126903,0,[2.009e+03 6.000e+00 2.900e+01 2.000e+00 3.000e+00 4.614e+01]
B0036,37,1.7499108336094895,71.59845062227825,24,0.18781725888324874,0,[2009.       6.      29.       5.      59.      12.218]
B0036,38,1.7610225525303758,72.05309199211575,24,0.19289340101522842,0,[2009.       6.      29.      11.       6.      27.906]
B0036,39,1.7624094574337117,72.10983787901016,24,0.19796954314720813,0,[2009.       6.      29.      14.      59.      50.625]
B0036,40,1.7536170397120676,71.75009184281066,24,0.20304568527918782,0,[2009.       6.      29.      18.      50.      48.062]
B0036,41,1.746204477519168,71.44680326492457,24,0.20812182741116753,0,[2009.       6.      29.      22.      44.      42.875]
B0036,42,1.7406176172769725,71.21821416798223,24,0.2131979695431472,0,[2.0090e+03 6.0000e+00 3.0000e+01 2.0000e+00 3.6000e+01 3.9734e+01]
B0036,43,1.750690404425682,71.63034714038517,24,0.2182741116751269,0,[2.0090e+03 7.0000e+00 1.0000e+00 1.1000e+01 1.5000e+01 2.3875e+01]
B0036,44,1.765112055153915,72.2204159757368,24,0.2233502538071066,0,[2.0090e+03 7.0000e+00 1.0000e+00 1.6000e+01 1.8000e+01 1.8546e+01]
B0036,45,1.763188826756488,72.1417261529162,24,0.22842639593908629,0,[2.009e+03 7.000e+00 1.000e+00 2.000e+01 1.000e+01 2.437e+00]
B0036,46,1.985492952897096,81.23740731158203,24,0.233502538071066,0,[2009.       7.      14.      16.      14.      47.937]
B0036,47,1.765355730813324,72.23038608354628,24,0.23857868020304568,0,[2009.       7.      14.      21.      23.      50.218]
B0036,48,1.7571880383127276,71.89620098281421,24,0.2436548223350254,0,[2.0090e+03 7.0000e+00 1.5000e+01 1.0000e+00 1.6000e+01 1.5015e+01]
B0036,49,1.7573770661844437,71.9039351498811,24,0.24873096446700507,0,[2009.       7.      15.       5.       9.       4.546]
B0036,50,1.7617376127979814,72.0823490298338,24,0.25380710659898476,0,[2009.       7.      15.       9.       4.      59.109]
B0036,51,1.7606892547636663,72.03945495231126,24,0.25888324873096447,0,[2009.       7.      15.      12.      57.      49.296]
B0036,52,1.760669562156983,72.03864921975611,24,0.2639593908629442,0,[2009.      7.     15.     18.      0.     54.64]
B0036,53,1.752963802649152,71.72336433150237,24,0.26903553299492383,0,[2009.       7.      15.      21.      52.      48.093]
B0036,54,1.750535708024147,71.6240176620746,24,0.27411167512690354,0,[2.009e+03 7.000e+00 1.600e+01 1.000e+00 4.400e+01 5.839e+01]
B0036,55,1.7500761995337284,71.60521664928594,24,0.27918781725888325,0,[2009.       7.      16.       5.      37.      32.718]
B0036,56,1.7465957802278385,71.46281360506704,24,0.28426395939086296,0,[2009.       7.      16.       9.      29.      18.125]
B0036,57,1.753614286788707,71.74997920561594,24,0.2893401015228426,0,[2.009e+03 7.000e+00 1.600e+01 1.400e+01 3.600e+01 4.530e-01]
B0036,58,1.750725029920349,71.63176385929597,24,0.29441624365482233,0,[2009.      7.     16.     18.     26.      9.14]
B0036,59,1.743305349081011,71.32818401853767,24,0.29949238578680204,0,[2009.       7.      16.      22.      18.      31.578]
B0036,60,1.733662505277619,70.93364238666982,24,0.30456852791878175,0,[2.0090e+03 7.0000e+00 1.7000e+01 2.0000e+00 1.0000e+01 3.8265e+01]
B0036,61,1.7319207051538927,70.86237578967685,24,0.3096446700507614,0,[2.0090e+03 7.0000e+00 1.7000e+01 6.0000e+00 2.0000e+00 3.1671e+01]
B0036,62,1.7428604522751463,71.30998084991049,24,0.3147208121827411,0,[2009.       7.      17.      11.       8.      50.734]
B0036,63,1.743306971099712,71.32825038421964,24,0.3197969543147208,0,[2.009e+03 7.000e+00 1.700e+01 1.500e+01 0.000e+00 1.400e-01]
B0036,64,1.738524506272696,71.13257351589397,24,0.3248730964467005,0,[2009.      7.     17.     18.     49.     14.75]
B0036,65,1.7295622663746972,70.76587912296978,24,0.3299492385786802,0,[2009.       7.      17.      22.      40.      36.953]
B0036,66,1.7273036765742085,70.6734678256623,24,0.3350253807106599,0,[2.0090e+03 7.0000e+00 1.8000e+01 2.0000e+00 3.2000e+01 1.9203e+01]
B0036,67,1.7449370491071912,71.39494581663102,24,0.3401015228426396,0,[2009.      7.     23.     10.     25.     18.89]
B0036,68,1.7642432071133691,72.18486663668791,24,0.34517766497461927,0,[2009.       7.      23.      15.      28.      51.734]
B0036,69,1.7504882032049596,71.62207397935342,24,0.350253807106599,0,[2009.      7.     23.     19.     19.     21.39]
B0036,70,1.7442710815479925,71.36769743089188,24,0.3553299492385787,0,[2009.       7.      23.      23.      11.      10.812]
B0036,71,1.7365413923373951,71.05143344724137,24,0.3604060913705584,0,[2.0090e+03 7.0000e+00 2.4000e+01 3.0000e+00 2.0000e+00 5.1234e+01]
B0036,72,1.733223093105756,70.91566362450337,24,0.36548223350253806,0,[2009.       7.      24.       6.      55.      12.218]
B0036,73,1.73860622908762,71.13591724450954,24,0.37055837563451777,0,[2.009e+03 7.000e+00 2.400e+01 1.200e+01 1.000e+00 7.843e+00]
B0036,74,1.7432134953746192,71.3244257795833,24,0.3756345177664975,0,[2009.       7.      24.      15.      46.       9.421]
B0036,75,1.7332698214832971,70.91757553873796,24,0.38071065989847713,0,[2009.      7.     24.     19.     35.     49.25]
B0036,76,1.7298906291663272,70.77931424587499,24,0.38578680203045684,0,[2009.       7.      24.      23.      28.       2.156]
B0036,77,1.7204403348841348,70.39265087107098,24,0.39086294416243655,0,[2009.      7.     25.      3.     20.      5.39]
B0036,78,1.724420729012913,70.55551062770138,24,0.39593908629441626,0,[2009.       7.      25.       8.      26.      42.515]
B0036,79,1.7214872814061166,70.43548719588169,24,0.4010152284263959,0,[2009.       7.      25.      12.      19.      43.718]
B0036,80,1.7197448773569262,70.36419588898539,24,0.40609137055837563,0,[2009.       7.      25.      16.      13.       2.187]
B0036,81,1.7164304142145894,70.22858302170205,24,0.41116751269035534,0,[2009.       7.      25.      20.       6.      55.421]
B0036,82,1.711202925329962,70.01469777818225,24,0.41624365482233505,0,[2.009e+03 7.000e+00 2.600e+01 0.000e+00 1.000e+00 9.546e+00]
B0036,83,1.7102343231599222,69.97506695053535,24,0.4213197969543147,0,[2009.       7.      26.       5.       7.      11.546]
B0036,84,1.713096882151029,70.0921899402567,24,0.4263959390862944,0,[2.009e+03 7.000e+00 2.600e+01 9.000e+00 1.000e+00 3.514e+01]
B0036,85,1.7103708617208135,69.98065349198778,24,0.43147208121827413,0,[2009.       7.      26.      12.      55.      45.109]
B0036,86,1.7064617296121434,69.82070945547864,24,0.4365482233502538,0,[2009.       7.      26.      16.      49.      47.359]
B0036,87,1.7029429979110946,69.67673884102685,24,0.4416243654822335,0,[2009.       7.      26.      20.      43.      48.921]
B0036,88,1.7072612643840062,69.85342280851613,24,0.4467005076142132,0,[2.009e+03 7.000e+00 2.700e+01 1.000e+00 5.000e+01 3.890e+00]
B0036,89,1.7038637196766078,69.71441061869622,24,0.4517766497461929,0,[2009.       7.      27.       5.      43.      49.015]
B0036,90,1.7079617948422274,69.88208535203493,24,0.45685279187817257,0,[2009.      7.     27.      9.     37.     15.14]
B0036,91,1.711302283362779,70.0187630602926,24,0.4619289340101523,0,[2009.       7.      27.      13.      29.      48.031]
B0036,92,1.714122057472244,70.13413548582703,24,0.467005076142132,0,[2009.       7.      27.      17.      21.      22.671]
B0036,93,1.7053324925701605,69.77450617412373,24,0.4720812182741117,0,[2.009e+03 7.000e+00 2.700e+01 2.200e+01 2.800e+01 1.870e-01]
B0036,94,1.6934609472531408,69.28877613870384,24,0.47715736040609136,0,[2.0090e+03 7.0000e+00 2.8000e+01 2.0000e+00 2.1000e+01 2.8109e+01]
B0036,95,1.6905244127230223,69.168626403919,24,0.48223350253807107,0,[2009.       7.      28.       6.      15.      44.125]
B0036,96,1.7007774858498304,69.58813586457086,24,0.4873096446700508,0,[2009.       7.      28.      10.       9.      52.296]
B0036,97,1.6971104467944576,69.43809718277443,24,0.49238578680203043,0,[2009.       7.      28.      14.       3.      56.171]
B0036,98,1.6997924522951835,69.54783273885205,24,0.49746192893401014,0,[2009.       7.      28.      19.       9.      29.828]
B0036,99,1.691270477395412,69.19915200189872,24,0.5025380710659898,0,[2.0090e+03 7.0000e+00 2.8000e+01 2.3000e+01 2.0000e+00 2.6656e+01]
B0036,100,1.6857127009469863,68.97175288248675,24,0.5076142131979695,0,[2.0090e+03 7.0000e+00 2.9000e+01 2.0000e+00 5.6000e+01 2.4125e+01]
B0036,101,1.6832093771286156,68.86932817411949,24,0.5126903553299492,0,[2009.       7.      29.       6.      50.      26.906]
B0036,102,1.692886364169521,69.26526679311274,24,0.5177664974619289,0,[2009.       7.      29.      10.      44.      27.906]
B0036,103,1.6984668174144633,69.49359374465448,24,0.5228426395939086,0,[2009.       7.      29.      15.      50.      33.843]
B0036,104,1.6935813413828429,69.29370212292267,24,0.5279187817258884,0,[2009.       7.      29.      19.      41.       4.109]
B0036,105,1.6830951253781283,68.86465350832584,24,0.5329949238578681,0,[2009.       7.      29.      23.      34.      17.859]
B0036,106,1.6850462226942986,68.94448360147575,24,0.5380710659898477,0,[2009.       7.      30.       3.      28.      18.171]
B0036,107,1.6803098840017598,68.75069400631756,24,0.5431472081218274,0,[2009.       7.      30.       7.      22.      22.187]
B0036,108,1.6944038437227715,69.32735520514892,24,0.5482233502538071,0,[2009.       7.      30.      12.      28.       5.953]
B0036,109,1.6955686127180103,69.37501229360751,24,0.5532994923857868,0,[2009.       7.      30.      16.      19.       5.437]
B0036,110,1.6841854728350405,68.90926560344262,24,0.5583756345177665,0,[2009.       7.      30.      20.       9.      43.296]
B0036,111,1.6722180144870118,68.4196112398325,24,0.5634517766497462,0,[2009.       7.      31.       0.       3.       7.406]
B0036,112,1.6675976965747183,68.23056869117863,24,0.5685279187817259,0,[2009.      7.     31.      3.     56.     28.39]
B0036,113,1.6781873787039017,68.66385067244852,24,0.5736040609137056,0,[2.0090e+03 7.0000e+00 3.1000e+01 9.0000e+00 1.0000e+00 5.1906e+01]
B0036,114,2.444062432078656,100.0,24,0.5786802030456852,0,[2.009e+03 7.000e+00 3.100e+01 1.500e+01 4.200e+01 5.620e-01]
B0036,115,1.6913403148932205,69.20200943699906,24,0.583756345177665,0,[2009.       7.      31.      21.       3.       2.062]
B0036,116,1.6802787096613283,68.74941849305642,24,0.5888324873096447,0,[2.0090e+03 8.0000e+00 1.0000e+00 0.0000e+00 5.4000e+01 4.0031e+01]
B0036,117,1.673147301023026,68.45763344924161,24,0.5939086294416244,0,[2.0090e+03 8.0000e+00 1.0000e+00 4.0000e+00 4.6000e+01 4.8453e+01]
B0036,118,1.6704292090032429,68.34642139573153,24,0.5989847715736041,0,[2.0090e+03 8.0000e+00 1.0000e+00 8.0000e+00 4.0000e+01 3.9031e+01]
B0036,119,1.6659903350115992,68.16480271310775,24,0.6040609137055838,0,[2.0090e+03 8.0000e+00 1.0000e+00 1.2000e+01 3.3000e+01 3.2734e+01]
B0036,120,1.664241575272447,68.09325136007358,24,0.6091370558375635,0,[2.0090e+03 8.0000e+00 1.0000e+00 1.7000e+01 3.8000e+01 4.8781e+01]
B0036,121,1.6668450767774965,68.19977488708656,24,0.6142131979695431,0,[2.0090e+03 8.0000e+00 1.0000e+00 2.1000e+01 3.0000e+01 3.3968e+01]
B0036,122,1.6594501560667536,67.89720811900062,24,0.6192893401015228,0,[2.0090e+03 8.0000e+00 2.0000e+00 1.0000e+00 2.3000e+01 2.1296e+01]
B0036,123,1.662412523067319,68.0184148018449,24,0.6243654822335025,0,[2.0090e+03 8.0000e+00 2.0000e+00 5.0000e+00 1.6000e+01 4.7781e+01]
B0036,124,1.66035260832257,67.93413239081838,24,0.6294416243654822,0,[2.0090e+03 8.0000e+00 2.0000e+00 9.0000e+00 1.0000e+01 1.5046e+01]
B0036,125,1.6610231379633236,67.96156743633739,24,0.6345177664974619,0,[2.0090e+03 8.0000e+00 2.0000e+00 1.4000e+01 1.5000e+01 2.7171e+01]
B0036,126,1.6575187557321611,67.8181839374068,24,0.6395939086294417,0,[2.0090e+03 8.0000e+00 2.0000e+00 1.8000e+01 8.0000e+00 5.4375e+01]
B0036,127,1.6507877959674548,67.5427834535091,24,0.6446700507614214,0,[2.0090e+03 8.0000e+00 2.0000e+00 2.2000e+01 2.0000e+00 1.0046e+01]
B0036,128,1.653257006211014,67.64381238841479,24,0.649746192893401,0,[2.0090e+03 8.0000e+00 3.0000e+00 1.0000e+00 5.5000e+01 2.2875e+01]
B0036,129,1.6494214846772686,67.48688016428649,24,0.6548223350253807,0,[2009.       8.       3.       5.      48.      39.625]
B0036,130,1.6678591915666705,68.24126788562307,24,0.6598984771573604,0,[2009.       8.       3.      10.      53.      34.968]
B0036,131,1.670862764324967,68.36416052203343,24,0.6649746192893401,0,[2009.       8.       3.      14.      44.      14.312]
B0036,132,1.6658118164053368,68.15749853773485,24,0.6700507614213198,0,[2009.      8.      3.     18.     38.      5.89]
B0036,133,1.6532998517617,67.64556543490508,24,0.6751269035532995,0,[2009.       8.       3.      22.      31.      42.515]
B0036,134,1.6468787023528522,67.38284099200341,24,0.6802030456852792,0,[2.0090e+03 8.0000e+00 4.0000e+00 2.0000e+00 2.4000e+01 5.5453e+01]
B0036,135,1.6718953249703756,68.40640824172571,24,0.6852791878172588,0,[2009.      8.      5.     10.     47.     54.89]
B0036,136,1.6807743463585727,68.76969770895283,24,0.6903553299492385,0,[2009.       8.       5.      15.      53.      12.468]
B0036,137,1.6737717086703074,68.48318139102435,24,0.6954314720812182,0,[2009.       8.       5.      19.      44.      54.078]
B0036,138,1.6605773762487392,67.94332887955039,24,0.700507614213198,0,[2009.       8.       5.      23.      38.      49.906]
B0036,139,1.655987781146086,67.75554336955628,24,0.7055837563451777,0,[2009.       8.       6.       3.      32.      21.312]
B0036,140,1.646862318389844,67.38217063420923,24,0.7106598984771574,0,[2009.       8.       6.       7.      22.      48.562]
B0036,141,1.6574621175432849,67.81586655843428,24,0.7157360406091371,0,[2009.       8.       6.      12.      25.      17.046]
B0036,142,1.6603991175216894,67.93603533726153,24,0.7208121827411168,0,[2009.       8.       6.      16.      13.      25.921]
B0036,143,1.6460789092837111,67.35011707060747,24,0.7258883248730964,0,[2009.       8.       6.      20.       0.      59.562]
B0036,144,1.6408366462659327,67.135627336263,24,0.7309644670050761,0,[2009.      8.      6.     23.     49.     34.39]
B0036,145,1.63444089202816,66.87394194910482,24,0.7360406091370558,0,[2009.       8.       7.       3.      40.      19.734]
B0036,146,1.6374039186504212,66.99517562069074,24,0.7411167512690355,0,[2009.      8.      7.      8.     44.     36.25]
B0036,147,1.64738207540524,67.40343674462335,24,0.7461928934010152,0,[2009.       8.       7.      12.      32.      22.343]
B0036,148,1.6545646441622357,67.6973150295118,24,0.751269035532995,0,[2009.       8.       7.      16.      20.      49.765]
B0036,149,1.640896560729935,67.1380787656216,24,0.7563451776649747,0,[2009.       8.       7.      20.      14.      10.406]
B0036,150,1.6265229979339637,66.54997747134547,24,0.7614213197969543,0,[2009.       8.       8.       0.       7.       5.125]
B0036,151,1.6217349144630455,66.35407071347898,24,0.766497461928934,0,[2009.       8.       8.       5.      11.      27.593]
B0036,152,1.6248200059639546,66.48029872878729,24,0.7715736040609137,0,[2009.       8.       8.       9.       3.      54.812]
B0036,153,1.61880119736137,66.23403625514558,24,0.7766497461928934,0,[2009.       8.       8.      12.      56.      26.703]
B0036,154,1.6137350490334217,66.02675233876708,24,0.7817258883248731,0,[2009.       8.       8.      16.      48.      44.937]
B0036,155,1.612012823654141,65.95628665193861,24,0.7868020304568528,0,[2009.       8.       8.      20.      40.      51.687]
B0036,156,1.6671032556887178,68.21033840247932,24,0.7918781725888325,0,[2009.       8.      17.      13.       8.      30.968]
B0036,157,1.6850133383886254,68.94313812415727,24,0.7969543147208121,0,[2009.       8.      17.      18.      14.       9.375]
B0036,158,1.6786654987614698,68.68341318653542,24,0.8020304568527918,0,[2009.       8.      17.      22.       6.      54.109]
B0036,159,1.6729763502191373,68.4506389141739,24,0.8071065989847716,0,[2.009e+03 8.000e+00 1.800e+01 2.000e+00 1.000e+00 3.312e+00]
B0036,160,1.666489034299654,68.18520723639281,24,0.8121827411167513,0,[2009.       8.      18.       5.      55.       2.015]
B0036,161,1.6698420840710908,68.32239889432378,24,0.817258883248731,0,[2009.      8.     18.      9.     48.     49.64]
B0036,162,1.6746744228027035,68.5201163776494,24,0.8223350253807107,0,[2009.       8.      18.      14.      54.      37.937]
B0036,163,1.6665045335145643,68.1858413942894,24,0.8274111675126904,0,[2009.       8.      18.      18.      45.      24.703]
B0036,164,1.652222084834727,67.60146807827347,24,0.8324873096446701,0,[2009.       8.      18.      22.      39.      17.609]
B0036,165,1.6462718275099526,67.35801041341695,24,0.8375634517766497,0,[2.0090e+03 8.0000e+00 1.9000e+01 2.0000e+00 3.2000e+01 3.8625e+01]
B0036,166,1.642399234692521,67.19956139973368,24,0.8426395939086294,0,[2009.       8.      19.       6.      25.      55.265]
B0036,167,1.651178607099992,67.55877368057564,24,0.8477157360406091,0,[2009.       8.      19.      11.      30.      52.687]
B0036,168,1.6481683120281931,67.4356059974474,24,0.8527918781725888,0,[2009.       8.      19.      15.      24.      12.875]
B0036,169,1.6478887725428395,67.4241685038022,24,0.8578680203045685,0,[2009.       8.      19.      19.      17.      33.312]
B0036,170,1.635843650915682,66.9313365094528,24,0.8629441624365483,0,[2009.       8.      19.      23.      10.      50.875]
B0036,171,1.6332362811945516,66.82465471250244,24,0.868020304568528,0,[2009.       8.      20.       3.       3.      46.687]
B0036,172,1.629926467682987,66.68923208711765,24,0.8730964467005076,0,[2009.       8.      20.       8.       8.      26.703]
B0036,173,1.6387862629287224,67.05173490739953,24,0.8781725888324873,0,[2.009e+03 8.000e+00 2.000e+01 1.200e+01 1.000e+00 9.546e+00]
B0036,174,1.6359654863840771,66.93632146674344,24,0.883248730964467,0,[2009.       8.      20.      15.      51.      55.171]
B0036,175,1.631137043967566,66.73876340304027,24,0.8883248730964467,0,[2009.       8.      20.      19.      42.      35.546]
B0036,176,1.6220189720888465,66.36569306903229,24,0.8934010152284264,0,[2009.      8.     20.     23.     35.     23.25]
B0036,177,1.6416044978422155,67.16704435598413,24,0.8984771573604061,0,[2009.       8.      21.      17.      59.      25.484]
B0036,178,1.6253090231457803,66.50030710399929,24,0.9035532994923858,0,[2009.       8.      21.      23.       4.      26.375]
B0036,179,1.6196134522239485,66.26727005686512,24,0.9086294416243654,0,[2.009e+03 8.000e+00 2.200e+01 2.000e+00 5.700e+01 6.984e+00]
B0036,180,1.6124236174774371,65.97309448049097,24,0.9137055837563451,0,[2009.      8.     22.      6.     49.     38.89]
B0036,181,1.6077701029913394,65.78269367791654,24,0.9187817258883249,0,[2009.       8.      22.      10.      41.      58.171]
B0036,182,1.6088077531981582,65.8251496394828,24,0.9238578680203046,0,[2009.       8.      22.      14.      34.       5.875]
B0036,183,1.6083556258734268,65.80665063066876,24,0.9289340101522843,0,[2009.       8.      22.      19.      38.       7.906]
B0036,184,1.606820251901154,65.74383005979786,24,0.934010152284264,0,[2009.       8.      22.      23.      30.      19.437]
B0036,185,1.601770977206713,65.53723653631954,24,0.9390862944162437,0,[2009.       8.      23.       3.      22.      24.156]
B0036,186,1.594911734692208,65.2565873014851,24,0.9441624365482234,0,[2009.       8.      23.       7.      14.      19.109]
B0036,187,1.5938139125387372,65.21166937553272,24,0.949238578680203,0,[2009.       8.      23.      11.       6.       6.546]
B0036,188,1.5920273129504596,65.13856978671583,24,0.9543147208121827,0,[2009.       8.      23.      16.       9.      49.296]
B0036,189,1.5847361549778751,64.84024852139598,24,0.9593908629441624,0,[2.009e+03 8.000e+00 2.300e+01 2.000e+01 1.000e+00 3.250e+01]
B0036,190,1.5763429363936798,64.49683591155289,24,0.9644670050761421,0,[2009.       8.      23.      23.      53.       2.437]
B0036,191,1.5720229174642286,64.32008024145419,24,0.9695431472081218,0,[2009.       8.      24.       3.      44.      13.046]
B0036,192,1.5729874285512353,64.35954368045425,24,0.9746192893401016,0,[2009.       8.      24.       7.      35.      22.546]
B0036,193,1.596985400389019,65.34143233938568,24,0.9796954314720813,0,[2009.      8.     24.     12.     38.     30.39]
B0036,194,1.595726023703856,65.28990433140054,24,0.9847715736040609,0,[2009.       8.      24.      16.      30.      26.734]
B0036,195,1.579500338340559,64.62602254383519,24,0.9898477157360406,0,[2009.       8.      24.      20.      22.      13.218]
B0036,196,1.5629469877520186,63.94873417463172,24,0.9949238578680203,0,[2009.       8.      25.       0.      13.      33.593]
B0036,197,1.5591129431541175,63.79186238004992,24,1.0,0,[2009.       8.      25.       4.       4.      24.875]
B0038,1,0.8980573709676724,50.27074994360511,24,0.02127659574468085,0,[2010.       4.      14.      16.      43.      39.921]
B0038,2,1.1026236331914077,61.721799450683356,24,0.0425531914893617,0,[2010.       4.      14.      21.      10.      11.125]
B0038,3,1.0885801879473431,60.93568650619476,24,0.06382978723404255,0,[2010.       4.      15.       0.      37.      31.546]
B0038,4,1.0613249847591086,59.41001615546702,24,0.0851063829787234,0,[2010.       4.      15.       4.       4.      41.296]
B0038,5,1.0347062057983545,57.91997106013164,24,0.10638297872340426,0,[2010.      4.     15.      7.     31.     40.14]
B0038,6,1.0269978594353013,57.488479303565796,24,0.1276595744680851,0,[2010.     4.    15.    10.    58.    27.5]
B0038,7,1.078501971098942,60.37153600151433,24,0.14893617021276595,0,[2.01e+03 4.00e+00 1.60e+01 1.20e+01 1.50e+01 2.81e-01]
B0038,8,1.0638897478802845,59.5535844504305,24,0.1702127659574468,0,[2010.       4.      16.      16.      48.      31.734]
B0038,9,1.0366551223324425,58.0290659786896,24,0.19148936170212766,0,[2.01e+03 4.00e+00 1.60e+01 2.00e+01 1.50e+01 4.06e-01]
B0038,10,1.030941327482094,57.70922365966111,24,0.2127659574468085,0,[2010.       4.      16.      23.      41.      13.937]
B0038,11,1.0140084541034655,56.76136857716616,24,0.23404255319148937,0,[2010.      4.     17.      3.      7.      6.64]
B0038,12,1.008516095994519,56.45392167007371,24,0.2553191489361702,0,[2010.       4.      17.       6.      32.      52.968]
B0038,13,1.7419245088095905,97.50808159243569,44,0.2765957446808511,0,[2010.       4.      21.      13.      51.      46.531]
B0038,14,1.779741859708433,99.624991549443,44,0.2978723404255319,0,[2010    4   21   19   29   11]
B0038,15,1.7815666306452766,99.72713714329474,44,0.3191489361702128,0,[2010.       4.      21.      23.      57.       8.859]
B0038,16,1.7834859577156017,99.83457572609747,44,0.3404255319148936,0,[2010.       4.      22.       4.      30.      34.312]
B0038,17,1.7864411650415677,100.0,44,0.3617021276595745,0,[2010.       4.      22.       8.      59.      11.468]
B0038,18,1.7859997608067948,99.97529142053986,44,0.3829787234042553,0,[2010.       4.      22.      13.      28.      29.546]
B0038,19,1.7769523773001608,99.46884409477957,44,0.40425531914893614,0,[2010.       4.      23.      16.      52.      59.406]
B0038,20,1.781428917321899,99.71942833507465,44,0.425531914893617,0,[2010    4   23   22   31    1]
B0038,21,1.7859452772697195,99.97224158390704,44,0.44680851063829785,0,[2.0100e+03 4.0000e+00 2.4000e+01 2.0000e+00 5.8000e+01 5.5031e+01]
B0038,22,1.785208429691551,99.93099490908854,44,0.46808510638297873,0,[2010.       4.      24.       7.      27.      28.203]
B0038,23,1.783596609584544,99.84076970948227,44,0.48936170212765956,0,[2010.      4.     24.     11.     56.     33.14]
B0038,24,1.7796783152744713,99.62143450904306,44,0.5106382978723404,0,[2010.       4.      24.      16.      24.      41.656]
B0038,25,1.7841102592788645,99.86952238851656,44,0.5319148936170213,0,[2010.       4.      24.      22.       5.      41.156]
B0038,26,1.7833032331592191,99.82434731443979,44,0.5531914893617021,0,[2.0100e+03 4.0000e+00 2.5000e+01 2.0000e+00 3.3000e+01 5.9171e+01]
B0038,27,1.7796186141356956,99.61809260560152,44,0.574468085106383,0,[2.0100e+03 4.0000e+00 2.5000e+01 7.0000e+00 2.0000e+00 2.6234e+01]
B0038,28,1.7816592334352586,99.73232078951798,44,0.5957446808510638,0,[2010.       4.      25.      11.      31.       4.593]
B0038,29,1.7775911304124037,99.50459971465347,44,0.6170212765957447,0,[2010.       4.      25.      16.       0.      19.781]
B0038,30,1.777701881971679,99.51079927842542,44,0.6382978723404256,0,[2010.       4.      25.      21.      41.      58.937]
B0038,31,1.7789547618270618,99.58093200263151,44,0.6595744680851063,0,[2.0100e+03 4.0000e+00 2.6000e+01 2.0000e+00 1.9000e+01 2.2218e+01]
B0038,32,1.7807753731135043,99.68284475084117,44,0.6808510638297872,0,[2010.       4.      26.       6.      50.      42.203]
B0038,33,1.778415319026661,99.55073549736971,44,0.7021276595744681,0,[2010.      4.     26.     11.     20.     44.75]
B0038,34,1.7789773899108463,99.58219865972761,44,0.723404255319149,0,[2010.       4.      26.      15.      51.       7.953]
B0038,35,1.7792479347236043,99.59734300469974,44,0.7446808510638298,0,[2010.       4.      26.      21.      35.      15.343]
B0038,36,1.777920457368508,99.523034520263,44,0.7659574468085106,0,[2.0100e+03 4.0000e+00 2.7000e+01 2.0000e+00 5.0000e+00 4.1234e+01]
B0038,37,1.779227040224144,99.59617338882492,44,0.7872340425531915,0,[2010.       4.      27.       6.      36.       5.468]
B0038,38,1.7760634320079352,99.4190834136208,44,0.8085106382978723,0,[2010.       4.      27.      11.       7.      40.968]
B0038,39,1.775103937963957,99.36537360986378,44,0.8297872340425532,0,[2010.       4.      27.      15.      43.      29.625]
B0038,40,1.733064100138742,97.0121005971342,44,0.851063829787234,0,[2010.       4.      28.      13.      22.      57.656]
B0038,41,1.7394892806215223,97.3717643021872,44,0.8723404255319149,0,[2010.       4.      28.      18.       5.      58.859]
B0038,42,1.7378064360392924,97.27756335030806,44,0.8936170212765957,0,[2010.       4.      28.      21.      37.      16.375]
B0038,43,1.730028145799833,96.84215633038092,44,0.9148936170212766,0,[2.01e+03 4.00e+00 2.90e+01 1.00e+00 8.00e+00 3.35e+01]
B0038,44,1.7290404566542985,96.78686824338077,44,0.9361702127659575,0,[2010.       4.      29.       4.      39.      21.156]
B0038,45,1.7286072907068817,96.76262082029776,44,0.9574468085106383,0,[2010.       4.      29.       8.      11.       8.671]
B0038,46,1.52573884649634,85.40661043605309,44,0.9787234042553191,0,[2.010e+03 5.000e+00 4.000e+00 1.300e+01 2.200e+01 1.921e+00]
B0038,47,1.5301475534434217,85.65339756978885,44,1.0,0,[2010.       5.       4.      17.      26.      38.953]
B0039,1,0.1190383185934176,6.719358804057557,24,0.02127659574468085,0,[2010.       4.      14.      16.      43.      39.921]
B0039,2,0.4729861500927512,26.698660476532954,24,0.0425531914893617,0,[2010.       4.      14.      21.      10.      11.125]
B0039,3,0.1628079382920206,9.190023569380628,24,0.06382978723404255,0,[2010.       4.      15.       0.      37.      31.546]
B0039,4,0.4787632853388766,27.024762567330047,24,0.0851063829787234,0,[2010.       4.      15.       4.       4.      41.296]
B0039,5,0.4711383364607152,26.59435689644723,24,0.10638297872340426,0,[2010.      4.     15.      7.     31.     40.14]
B0039,6,0.4668172561120673,26.3504447711181,24,0.1276595744680851,0,[2010.     4.    15.    10.    58.    27.5]
B0039,7,0.4699932676625547,26.529721170732294,24,0.14893617021276595,0,[2.01e+03 4.00e+00 1.60e+01 1.20e+01 1.50e+01 2.81e-01]
B0039,8,0.4627052684317185,26.11833530461513,24,0.1702127659574468,0,[2010.       4.      16.      16.      48.      31.734]
B0039,9,0.4604944782656097,25.99354277946778,24,0.19148936170212766,0,[2.01e+03 4.00e+00 1.60e+01 2.00e+01 1.50e+01 4.06e-01]
B0039,10,0.4412227248835694,24.905709657433086,24,0.2127659574468085,0,[2010.       4.      16.      23.      41.      13.937]
B0039,11,0.4435442194396584,25.03675111591762,24,0.23404255319148937,0,[2010.      4.     17.      3.      7.      6.64]
B0039,12,0.4126655541164234,23.29374235916676,24,0.2553191489361702,0,[2010.       4.      17.       6.      32.      52.968]
B0039,13,1.7461791006389626,98.56661327194288,44,0.2765957446808511,0,[2010.       4.      21.      13.      51.      46.531]
B0039,14,1.7695250734505363,99.88442395512746,44,0.2978723404255319,0,[2010    4   21   19   29   11]
B0039,15,1.7715391419501945,99.99811212768454,44,0.3191489361702128,0,[2010.       4.      21.      23.      57.       8.859]
B0039,16,1.770625483958279,99.94653885325982,44,0.3404255319148936,0,[2010.       4.      22.       4.      30.      34.312]
B0039,17,1.7704040639447296,99.93404035248278,44,0.3617021276595745,0,[2010.       4.      22.       8.      59.      11.468]
B0039,18,1.769508178880176,99.88347030691206,44,0.3829787234042553,0,[2010.       4.      22.      13.      28.      29.546]
B0039,19,1.7638356274269416,99.56327165996251,44,0.40425531914893614,0,[2010.       4.      23.      16.      52.      59.406]
B0039,20,1.7715725869786123,100.0,44,0.425531914893617,0,[2010    4   23   22   31    1]
B0039,21,1.7701196454489685,99.91798577488028,44,0.44680851063829785,0,[2.0100e+03 4.0000e+00 2.4000e+01 2.0000e+00 5.8000e+01 5.5031e+01]
B0039,22,1.766756975286052,99.72817305212578,44,0.46808510638297873,0,[2010.       4.      24.       7.      27.      28.203]
B0039,23,1.7648743629092642,99.62190518646646,44,0.48936170212765956,0,[2010.      4.     24.     11.     56.     33.14]
B0039,24,1.763838685943225,99.56344430410398,44,0.5106382978723404,0,[2010.       4.      24.      16.      24.      41.656]
B0039,25,1.7657225752056789,99.66978424615891,44,0.5319148936170213,0,[2010.       4.      24.      22.       5.      41.156]
B0039,26,1.7645632809383045,99.60434553504453,44,0.5531914893617021,0,[2.0100e+03 4.0000e+00 2.5000e+01 2.0000e+00 3.3000e+01 5.9171e+01]
B0039,27,1.7608991948479125,99.39751878025483,44,0.574468085106383,0,[2.0100e+03 4.0000e+00 2.5000e+01 7.0000e+00 2.0000e+00 2.6234e+01]
B0039,28,1.7598362095817717,99.33751642562629,44,0.5957446808510638,0,[2010.       4.      25.      11.      31.       4.593]
B0039,29,1.7590955400143164,99.29570783291611,44,0.6170212765957447,0,[2010.       4.      25.      16.       0.      19.781]
B0039,30,1.7560495443976525,99.12377044581424,44,0.6382978723404256,0,[2010.       4.      25.      21.      41.      58.937]
B0039,31,1.7571677199949287,99.18688813037852,44,0.6595744680851063,0,[2.0100e+03 4.0000e+00 2.6000e+01 2.0000e+00 1.9000e+01 2.2218e+01]
B0039,32,1.7558911269459976,99.11482825214861,44,0.6808510638297872,0,[2010.       4.      26.       6.      50.      42.203]
B0039,33,1.7533419072229914,98.97093238574475,44,0.7021276595744681,0,[2010.      4.     26.     11.     20.     44.75]
B0039,34,1.7506673845335168,98.81996353980905,44,0.723404255319149,0,[2010.       4.      26.      15.      51.       7.953]
B0039,35,1.7510006664162403,98.83877631017891,44,0.7446808510638298,0,[2010.       4.      26.      21.      35.      15.343]
B0039,36,1.7496058853847871,98.76004507208542,44,0.7659574468085106,0,[2.0100e+03 4.0000e+00 2.7000e+01 2.0000e+00 5.0000e+00 4.1234e+01]
B0039,37,1.7477359172183355,98.65449093446801,44,0.7872340425531915,0,[2010.       4.      27.       6.      36.       5.468]
B0039,38,1.7444225468099093,98.4674610361291,44,0.8085106382978723,0,[2010.       4.      27.      11.       7.      40.968]
B0039,39,1.743308366083936,98.40456885016037,44,0.8297872340425532,0,[2010.       4.      27.      15.      43.      29.625]
B0039,40,1.6556691733888471,93.45759725332866,44,0.851063829787234,0,[2010.       4.      28.      13.      22.      57.656]
B0039,41,1.64297669457593,92.74114459955601,44,0.8723404255319149,0,[2010.       4.      28.      18.       5.      58.859]
B0039,42,1.6343822729361266,92.25601507661271,44,0.8936170212765957,0,[2010.       4.      28.      21.      37.      16.375]
B0039,43,1.62650670621656,91.81146277446865,44,0.9148936170212766,0,[2.01e+03 4.00e+00 2.90e+01 1.00e+00 8.00e+00 3.35e+01]
B0039,44,1.618865991735961,91.38016718224964,44,0.9361702127659575,0,[2010.       4.      29.       4.      39.      21.156]
B0039,45,1.6114968339209264,90.96420015559778,44,0.9574468085106383,0,[2010.       4.      29.       8.      11.       8.671]
B0039,46,1.3240805773461226,74.74040787706701,44,0.9787234042553191,0,[2.010e+03 5.000e+00 4.000e+00 1.300e+01 2.200e+01 1.921e+00]
B0039,47,1.3153386221697692,74.24695052507317,44,1.0,0,[2010.       5.       4.      17.      26.      38.953]
B0040,1,0.6734628137095633,38.83578242781517,24,0.02127659574468085,0,[2010.       4.      14.      16.      43.      39.921]
B0040,2,0.7913062105760345,45.63131802101664,24,0.0425531914893617,0,[2010.       4.      14.      21.      10.      11.125]
B0040,3,0.7865824034601745,45.35891583095063,24,0.06382978723404255,0,[2010.       4.      15.       0.      37.      31.546]
B0040,4,0.7795871426061582,44.9555284084796,24,0.0851063829787234,0,[2010.       4.      15.       4.       4.      41.296]
B0040,5,0.7628241523125163,43.98887690132718,24,0.10638297872340426,0,[2010.      4.     15.      7.     31.     40.14]
B0040,6,0.7405021514606399,42.70166051641357,24,0.1276595744680851,0,[2010.     4.    15.    10.    58.    27.5]
B0040,7,0.7783970881100656,44.886902945355764,24,0.14893617021276595,0,[2.01e+03 4.00e+00 1.60e+01 1.20e+01 1.50e+01 2.81e-01]
B0040,8,0.7733165409025605,44.59392904694836,24,0.1702127659574468,0,[2010.       4.      16.      16.      48.      31.734]
B0040,9,0.7589575236409498,43.7659046053648,24,0.19148936170212766,0,[2.01e+03 4.00e+00 1.60e+01 2.00e+01 1.50e+01 4.06e-01]
B0040,10,0.7407399462256391,42.715373145482296,24,0.2127659574468085,0,[2010.       4.      16.      23.      41.      13.937]
B0040,11,0.7446218752617147,42.939227749443056,24,0.23404255319148937,0,[2010.      4.     17.      3.      7.      6.64]
B0040,12,0.7149875629820736,41.23034096213723,24,0.2553191489361702,0,[2010.       4.      17.       6.      32.      52.968]
B0040,13,1.7075144448533202,98.46521310866773,44,0.2765957446808511,0,[2010.       4.      21.      13.      51.      46.531]
B0040,14,1.730880859428193,99.8126564627402,44,0.2978723404255319,0,[2010    4   21   19   29   11]
B0040,15,1.7328212845233328,99.92455265845919,44,0.3191489361702128,0,[2010.       4.      21.      23.      57.       8.859]
B0040,16,1.7317734323431513,99.86412740786238,44,0.3404255319148936,0,[2010.       4.      22.       4.      30.      34.312]
B0040,17,1.7341296392350067,100.0,44,0.3617021276595745,0,[2010.       4.      22.       8.      59.      11.468]
B0040,18,1.7334756929990074,99.96228965694354,44,0.3829787234042553,0,[2010.       4.      22.      13.      28.      29.546]
B0040,19,1.7243057179457877,99.43349556648182,44,0.40425531914893614,0,[2010.       4.      23.      16.      52.      59.406]
B0040,20,1.7318975861687205,99.8712868394735,44,0.425531914893617,0,[2010    4   23   22   31    1]
B0040,21,1.7333691208377455,99.95614408634428,44,0.44680851063829785,0,[2.0100e+03 4.0000e+00 2.4000e+01 2.0000e+00 5.8000e+01 5.5031e+01]
B0040,22,1.732175650153278,99.88732162593156,44,0.46808510638297873,0,[2010.       4.      24.       7.      27.      28.203]
B0040,23,1.7334832776102866,99.96272702973896,44,0.48936170212765956,0,[2010.      4.     24.     11.     56.     33.14]
B0040,24,1.732372495746513,99.89867288761243,44,0.5106382978723404,0,[2010.       4.      24.      16.      24.      41.656]
B0040,25,1.7338175297202416,99.98200195027502,44,0.5319148936170213,0,[2010.       4.      24.      22.       5.      41.156]
B0040,26,1.7329630786357868,99.93272933160092,44,0.5531914893617021,0,[2.0100e+03 4.0000e+00 2.5000e+01 2.0000e+00 3.3000e+01 5.9171e+01]
B0040,27,1.731883908457334,99.87049810309088,44,0.574468085106383,0,[2.0100e+03 4.0000e+00 2.5000e+01 7.0000e+00 2.0000e+00 2.6234e+01]
B0040,28,1.7306960059812662,99.80199673795696,44,0.5957446808510638,0,[2010.       4.      25.      11.      31.       4.593]
B0040,29,1.7296011601947467,99.73886156272275,44,0.6170212765957447,0,[2010.       4.      25.      16.       0.      19.781]
B0040,30,1.7296187381064656,99.73987520733854,44,0.6382978723404256,0,[2010.       4.      25.      21.      41.      58.937]
B0040,31,1.7307198617163877,99.80337239837944,44,0.6595744680851063,0,[2.0100e+03 4.0000e+00 2.6000e+01 2.0000e+00 1.9000e+01 2.2218e+01]
B0040,32,1.729274556175907,99.72002767559862,44,0.6808510638297872,0,[2010.       4.      26.       6.      50.      42.203]
B0040,33,1.7297962212599596,99.75010991813976,44,0.7021276595744681,0,[2010.      4.     26.     11.     20.     44.75]
B0040,34,1.7268942069037494,99.58276289341038,44,0.723404255319149,0,[2010.       4.      26.      15.      51.       7.953]
B0040,35,1.7272191689306016,99.60150209372733,44,0.7446808510638298,0,[2010.       4.      26.      21.      35.      15.343]
B0040,36,1.7285674981160106,99.67925459589921,44,0.7659574468085106,0,[2.0100e+03 4.0000e+00 2.7000e+01 2.0000e+00 5.0000e+00 4.1234e+01]
B0040,37,1.726636381605547,99.56789518730761,44,0.7872340425531915,0,[2010.       4.      27.       6.      36.       5.468]
B0040,38,1.7262424141835069,99.54517673459642,44,0.8085106382978723,0,[2010.       4.      27.      11.       7.      40.968]
B0040,39,1.72527259276029,99.48925119124175,44,0.8297872340425532,0,[2010.       4.      27.      15.      43.      29.625]
B0040,40,1.666802687745505,96.117536430598,44,0.851063829787234,0,[2010.       4.      28.      13.      22.      57.656]
B0040,41,1.666754853762041,96.1147780449282,44,0.8723404255319149,0,[2010.       4.      28.      18.       5.      58.859]
B0040,42,1.6583274448761054,95.62880463813877,44,0.8936170212765957,0,[2010.       4.      28.      21.      37.      16.375]
B0040,43,1.65032263550715,95.16720077716755,44,0.9148936170212766,0,[2.01e+03 4.00e+00 2.90e+01 1.00e+00 8.00e+00 3.35e+01]
B0040,44,1.6493406341242296,95.1105728665026,44,0.9361702127659575,0,[2010.       4.      29.       4.      39.      21.156]
B0040,45,1.641919055037739,94.68260145545142,44,0.9574468085106383,0,[2010.       4.      29.       8.      11.       8.671]
B0040,46,0.425812451177779,24.554822289158366,44,0.9787234042553191,0,[2.010e+03 5.000e+00 4.000e+00 1.300e+01 2.200e+01 1.921e+00]
B0040,47,0.5569902643736575,32.11929787552492,44,1.0,0,[2010.       5.       4.      17.      26.      38.953]
B0041,1,0.055620243768194,4.575352348552342,4,0.014925373134328358,0,[2010.      6.     16.     10.     39.     50.39]
B0041,2,0.0556974726122768,4.581705236443716,4,0.029850746268656716,0,[2010.       6.      16.      14.      46.      51.593]
B0041,3,0.0558390162918539,4.593348698660007,4,0.04477611940298507,0,[2010.       6.      16.      18.       7.      22.875]
B0041,4,0.056148059974053,4.618770804737929,4,0.05970149253731343,0,[2010.       6.      16.      21.      27.      32.859]
B0041,5,0.056470531599139,4.645297500905025,4,0.07462686567164178,0,[2010.       6.      17.       0.      47.      36.281]
B0041,6,0.0440922918408019,3.6270565779546335,4,0.08955223880597014,0,[2010.       6.      17.       3.      38.      47.796]
B0041,7,0.0567719130814178,4.670089310133719,4,0.1044776119402985,0,[2010.      6.     17.      8.     10.     30.89]
B0041,8,0.0569383765007572,4.68378268407499,4,0.11940298507462686,0,[2010.       6.      17.      11.      30.      34.546]
B0041,9,0.0444014841131225,3.652490907139024,4,0.13432835820895522,0,[2010.       6.      17.      14.      50.      30.921]
B0041,10,0.0446343581849161,3.6716472584800637,4,0.14925373134328357,0,[2010.       6.      17.      18.      10.       6.218]
B0041,11,0.0447987224365748,3.685167953714318,4,0.16417910447761194,0,[2010.       6.      17.      21.      29.      54.875]
B0041,12,0.0467089878078547,3.8423074511474753,4,0.1791044776119403,0,[2.0100e+03 6.0000e+00 1.8000e+01 2.0000e+00 1.0000e+00 1.1046e+01]
B0041,13,0.0449537153308952,3.697917755854583,4,0.19402985074626866,0,[2010.       6.      18.       5.      20.      59.203]
B0041,14,0.0452193290195426,3.7197672863820896,4,0.208955223880597,0,[2010.       6.      18.       8.      40.      33.875]
B0041,15,0.0454022241469497,3.7348123418156542,4,0.22388059701492538,0,[2010.       6.      18.      12.       0.       2.609]
B0041,16,0.0456790122497417,3.75758108589809,4,0.23880597014925373,0,[2010.       6.      18.      15.      19.      35.359]
B0041,17,0.0455208025703398,3.7445666692185804,4,0.2537313432835821,0,[2010.       6.      18.      19.      50.      33.234]
B0041,18,0.0457285414602425,3.7616553864446907,4,0.26865671641791045,0,[2010    6   18   23    9   59]
B0041,19,0.045860512192502,3.772511372662589,4,0.2835820895522388,0,[2.0100e+03 6.0000e+00 1.9000e+01 2.0000e+00 2.9000e+01 1.6281e+01]
B0041,20,0.045983556030275,3.7826330275491773,4,0.29850746268656714,0,[2010.       6.      19.       5.      42.      11.468]
B0041,21,0.046128762966734,3.794577831324628,4,0.31343283582089554,0,[2010.       6.      19.       8.      49.      37.406]
B0041,22,0.0463714545530443,3.8145417768985896,4,0.3283582089552239,0,[2010.       6.      21.      15.      19.      37.906]
B0041,23,0.0464238542531432,3.818852205524364,4,0.34328358208955223,0,[2010.       6.      21.      19.      51.      35.109]
B0041,24,0.0465794695305646,3.8316532052464782,4,0.3582089552238806,0,[2010.       6.      21.      23.      11.      45.359]
B0041,25,0.0467260089483965,3.8437076196846274,4,0.373134328358209,0,[2.0100e+03 6.0000e+00 2.2000e+01 2.0000e+00 3.1000e+01 3.5687e+01]
B0041,26,0.0468634724324437,3.8550154427354717,4,0.3880597014925373,0,[2010.       6.      22.       5.      44.      45.062]
B0041,27,0.0471230704848885,3.876370123665729,4,0.40298507462686567,0,[2010.       6.      22.       9.       4.      54.281]
B0041,28,0.047089685801538,3.873623880948599,4,0.417910447761194,0,[2010.       6.      22.      13.      36.       7.203]
B0041,29,0.0471681699068244,3.8800800273283733,4,0.43283582089552236,0,[2010.       6.      22.      16.      55.      44.609]
B0041,30,0.0474166233958466,3.900517950240782,4,0.44776119402985076,0,[2010.       6.      22.      20.      15.       9.718]
B0041,31,0.0474736581861432,3.905209663977606,4,0.4626865671641791,0,[2010.       6.      22.      23.      34.      40.078]
B0041,32,0.047671071688296,3.9214490090346885,4,0.47761194029850745,0,[2.010e+03 6.000e+00 2.300e+01 2.000e+00 5.400e+01 2.359e+00]
B0041,33,0.0477561486679362,3.928447488944752,4,0.4925373134328358,0,[2010.       6.      23.       7.      24.      51.046]
B0041,34,0.0478336905290522,3.934826125792279,4,0.5074626865671642,0,[2010.      6.     23.     10.     44.     16.39]
B0041,35,0.0479228171589379,3.942157732195616,4,0.5223880597014925,0,[2010.      6.     23.     14.      3.     18.14]
B0041,36,0.0481080249716144,3.9573930304124185,4,0.5373134328358209,0,[2010.       6.      23.      17.      19.      43.093]
B0041,37,0.0480878273582587,3.955731563445691,4,0.5522388059701493,0,[2010.       6.      23.      20.      32.      31.953]
B0041,38,0.0484226192632661,3.9832717327271476,4,0.5671641791044776,0,[2010.       6.      23.      23.      10.       5.078]
B0041,39,0.0479864952546282,3.947395927948267,4,0.582089552238806,0,[2010.       6.      24.       0.      22.      53.234]
B0041,40,0.0482217520049512,3.9667482797572435,4,0.5970149253731343,0,[2.010e+03 6.000e+00 2.400e+01 1.000e+00 1.800e+01 4.437e+00]
B0041,41,0.0478773156676534,3.9384147540835674,4,0.6119402985074627,0,[2.0100e+03 6.0000e+00 2.4000e+01 2.0000e+00 1.7000e+01 4.2484e+01]
B0041,42,0.0482903205557941,3.972388767084905,4,0.6268656716417911,0,[2010.     6.    24.     3.    12.    12.5]
B0041,43,1.2156494086360898,100.0,4,0.6417910447761194,0,[2010.       6.      25.      18.      45.       5.406]
B0041,44,1.1476416320946563,94.40564227989586,4,0.6567164179104478,0,[2010.       6.      26.       0.      33.      10.328]
B0041,45,1.1194574527298191,92.08719592812584,4,0.6716417910447762,0,[2010.       6.      26.       5.      11.       6.265]
B0041,46,1.0841325641850128,89.18135084698197,4,0.6865671641791045,0,[2010.       6.      26.       9.      48.      28.984]
B0041,47,1.0607784232892656,87.2602261600585,4,0.7014925373134329,0,[2010.      6.     26.     14.     25.     15.64]
B0041,48,1.0170312865626592,83.66156223476699,4,0.7164179104477612,0,[2.0100e+03 6.0000e+00 2.6000e+01 1.9000e+01 1.0000e+00 1.0906e+01]
B0041,49,1.0000374999808574,82.26364384965726,4,0.7313432835820896,0,[2010.       6.      27.       0.      48.      32.265]
B0041,50,0.991506494786248,81.56187859283202,4,0.746268656716418,0,[2010.       6.      27.       5.      23.      33.859]
B0041,51,0.9655644425371016,79.42787087112777,4,0.7611940298507462,0,[2010.       6.      27.       9.      58.      20.953]
B0041,52,0.9383311962439672,77.18764880548392,4,0.7761194029850746,0,[2010.       6.      27.      14.      32.      41.171]
B0041,53,0.9298903389240268,76.49329916322887,4,0.7910447761194029,0,[2010.       6.      27.      19.       6.      37.984]
B0041,54,0.9072117399448598,74.62774493204543,4,0.8059701492537313,0,[2010.       6.      28.       0.      51.      57.734]
B0041,55,0.9176870676937324,75.48945124921673,4,0.8208955223880597,0,[2010.      6.     28.      5.     24.     57.14]
B0041,56,0.9157430721963028,75.32953709274864,4,0.835820895522388,0,[2010.       6.      28.       9.      57.      41.468]
B0041,57,0.9111662690050432,74.95304670343528,4,0.8507462686567164,0,[2010.       6.      28.      14.      29.      46.171]
B0041,58,0.8968901443572698,73.77868470840987,4,0.8656716417910447,0,[2.010e+03 6.000e+00 2.800e+01 1.900e+01 1.000e+00 9.578e+00]
B0041,59,0.8862133472800153,72.90040541164836,4,0.8805970149253731,0,[2.01e+03 6.00e+00 2.90e+01 0.00e+00 4.40e+01 7.80e-02]
B0041,60,0.8931124136187014,73.46792646580053,4,0.8955223880597015,0,[2010.       6.      29.       5.      14.      48.968]
B0041,61,0.880898507091054,72.46320368628213,4,0.9104477611940298,0,[2010.       6.      29.       9.      44.      58.609]
B0041,62,0.8798879382023741,72.3800737245102,4,0.9253731343283582,0,[2010.       6.      29.      14.      14.      43.546]
B0041,63,0.8682347537115443,71.42147625322906,4,0.9402985074626866,0,[2.010e+03 6.000e+00 2.900e+01 1.800e+01 4.400e+01 1.531e+00]
B0041,64,0.8443569490395516,69.45727469130154,4,0.9552238805970149,0,[2010.       6.      30.       0.      24.      32.875]
B0041,65,0.8657093203148538,71.21373269009732,4,0.9701492537313433,0,[2010.     6.    30.     4.    53.    18.5]
B0041,66,0.848696904019178,69.81428181430879,4,0.9850746268656716,0,[2010.       6.      30.       9.      21.      28.343]
B0041,67,0.8364948433646345,68.81053348293472,4,1.0,0,[2010.       6.      30.      13.      49.       7.171]
B0042,1,1.7287126633755356,99.8407154724496,22,0.008928571428571428,5,[2010.       6.       3.      20.      31.       2.968]
B0042,2,1.7314706281853145,100.0,22,0.017857142857142856,4,[2010.       6.       4.       0.      29.      30.921]
B0042,3,1.7282350363146088,99.81313042115552,22,0.026785714285714284,3,[2010.       6.       4.       4.      26.      46.875]
B0042,4,1.720344742291621,99.35743143934505,22,0.03571428571428571,2,[2010.     6.     4.     8.    23.    18.5]
B0042,5,1.7221734367707635,99.46304654186973,22,0.044642857142857144,1,[2010.       6.       4.      12.      19.      17.125]
B0042,6,0.0,0.0,22,0.05357142857142857,0,[2010.      6.      4.     17.     26.      7.75]
B0042,7,1.708669577331945,98.68313961079048,22,0.0625,0,[2.01e+03 6.00e+00 4.00e+00 2.10e+01 8.00e+00 4.37e-01]
B0042,8,1.7036476485918646,98.39310126660305,22,0.07142857142857142,0,[2.0100e+03 6.0000e+00 5.0000e+00 1.0000e+00 2.0000e+00 3.3453e+01]
B0042,9,1.6958375743577971,97.94203532838077,22,0.08035714285714286,0,[2010.       6.       5.       4.      56.      47.468]
B0042,10,1.6949064846676911,97.88826082739014,22,0.08928571428571429,0,[2010.      6.      5.      8.     50.     47.75]
B0042,11,1.6874768094352457,97.45916459488679,22,0.09821428571428571,0,[2010.       6.       5.      13.      56.       3.921]
B0042,12,1.685989172917945,97.3732470810067,22,0.10714285714285714,0,[2010.       6.       5.      17.      49.      52.625]
B0042,13,1.6782864747774933,96.92838258171544,22,0.11607142857142858,0,[2010.       6.       5.      21.      43.      27.734]
B0042,14,1.6739647640901527,96.67878489192557,22,0.125,0,[2.0100e+03 6.0000e+00 6.0000e+00 1.0000e+00 3.6000e+01 5.8156e+01]
B0042,15,1.6722378801237066,96.57904979169717,22,0.13392857142857142,0,[2010.       6.       6.       5.      30.      11.906]
B0042,16,1.675989790049197,96.79573899591558,22,0.14285714285714285,0,[2010.       6.       6.      10.      34.      53.031]
B0042,17,1.6618247672847988,95.97764699170735,22,0.15178571428571427,0,[2010.       6.       6.      14.      28.      10.546]
B0042,18,1.6606710352566112,95.91101392214169,22,0.16071428571428573,0,[2010.       6.       6.      18.      21.      14.171]
B0042,19,1.6530644874507203,95.47170252510905,22,0.16964285714285715,0,[2010.       6.       6.      22.      14.       8.156]
B0042,20,1.649953986270456,95.29205748062311,22,0.17857142857142858,0,[2.010e+03 6.000e+00 7.000e+00 2.000e+00 6.000e+00 5.764e+01]
B0042,21,1.681297805444492,97.1023000954162,22,0.1875,0,[2010.       6.       7.      13.      57.      40.859]
B0042,22,1.6700520424481298,96.4528081078941,22,0.19642857142857142,0,[2.0100e+03 6.0000e+00 7.0000e+00 1.9000e+01 2.0000e+00 4.3281e+01]
B0042,23,1.667181860354792,96.28704254152431,22,0.20535714285714285,0,[2010.       6.       7.      22.      55.      54.203]
B0042,24,1.6568865613275168,95.69244400432213,22,0.21428571428571427,0,[2.010e+03 6.000e+00 8.000e+00 2.000e+00 4.900e+01 1.156e+00]
B0042,25,1.6449819446579936,95.00490033619766,22,0.22321428571428573,0,[2010.       6.       8.       6.      41.      51.625]
B0042,26,1.639214585000014,94.67181009694687,22,0.23214285714285715,0,[2010.     6.     8.    10.    34.    18.5]
B0042,27,1.6410599890208055,94.77839024856779,22,0.24107142857142858,0,[2010.       6.       8.      15.      38.       9.593]
B0042,28,1.643269651219848,94.90600790277878,22,0.25,0,[2010.      6.      8.     19.     30.     45.25]
B0042,29,1.6298673102402297,94.13196410662933,22,0.25892857142857145,0,[2010.       6.       8.      23.      23.      11.562]
B0042,30,1.6238536344658807,93.7846480345888,22,0.26785714285714285,0,[2010.       6.       9.       3.      15.      28.281]
B0042,31,1.6186308887044174,93.4830116293015,22,0.2767857142857143,0,[2010.       6.       9.       7.       7.      20.406]
B0042,32,1.6193418112441196,93.52407051462879,22,0.2857142857142857,0,[2010.       6.       9.      12.      10.      47.421]
B0042,33,1.614593271326993,93.24982157041751,22,0.29464285714285715,0,[2.0100e+03 6.0000e+00 9.0000e+00 1.6000e+01 2.0000e+00 4.7125e+01]
B0042,34,1.6072040891927848,92.82306399140201,22,0.30357142857142855,0,[2010.      6.      9.     19.     54.     38.39]
B0042,35,1.6012663590062357,92.48013410914508,22,0.3125,0,[2010.       6.       9.      23.      46.      17.078]
B0042,36,1.594040741063104,92.06282307738334,22,0.32142857142857145,0,[2010.     6.    10.     3.    37.    32.5]
B0042,37,1.5946888289374477,92.10025298602828,22,0.33035714285714285,0,[2010.       6.      10.       8.      40.      12.437]
B0042,38,1.5882100957302596,91.72607781367908,22,0.3392857142857143,0,[2010.       6.      10.      12.      31.      31.375]
B0042,39,1.587985558077698,91.71310978240518,22,0.3482142857142857,0,[2010.       6.      10.      16.      22.      38.906]
B0042,40,1.5799165406650344,91.24708874333503,22,0.35714285714285715,0,[2010.       6.      10.      20.      13.      46.031]
B0042,41,1.5655946193652834,90.41993516263807,22,0.36607142857142855,0,[2010.       6.      11.       0.       4.      38.656]
B0042,42,0.0707012773734017,4.083307924634038,4,0.375,0,[2010.       6.      11.      12.      17.      20.515]
B0042,43,0.0841687853013907,4.861115397008187,4,0.38392857142857145,0,[2010.       6.      11.      16.      49.      19.671]
B0042,44,0.0844378562146582,4.876655418818982,4,0.39285714285714285,0,[2010.      6.     11.     20.      8.     56.89]
B0042,45,0.0847891906059033,4.896946516197476,4,0.4017857142857143,0,[2010.       6.      11.      23.      28.      14.921]
B0042,46,0.0933425818344258,5.390942261160644,4,0.4107142857142857,0,[2010.      6.     16.     10.     39.     50.39]
B0042,47,0.1060318013139778,6.123800172406361,4,0.41964285714285715,0,[2010.       6.      16.      14.      46.      51.593]
B0042,48,0.106505866207118,6.151179492934428,4,0.42857142857142855,0,[2010.       6.      16.      18.       7.      22.875]
B0042,49,0.0943911158551295,5.45149968579352,4,0.4375,0,[2010.       6.      16.      21.      27.      32.859]
B0042,50,0.0945059592738711,5.4581323954030365,4,0.44642857142857145,0,[2010.       6.      17.       0.      47.      36.281]
B0042,51,0.0821145610821562,4.742474965816614,4,0.45535714285714285,0,[2010.       6.      17.       3.      38.      47.796]
B0042,52,0.0951847063194674,5.497333005251536,4,0.4642857142857143,0,[2010.      6.     17.      8.     10.     30.89]
B0042,53,0.0953912999865905,5.509264692902492,4,0.4732142857142857,0,[2010.       6.      17.      11.      30.      34.546]
B0042,54,0.0828966456585456,4.787643769933671,4,0.48214285714285715,0,[2010.       6.      17.      14.      50.      30.921]
B0042,55,0.083431990364526,4.818562267612229,4,0.49107142857142855,0,[2010.       6.      17.      18.      10.       6.218]
B0042,56,0.0962477215649569,5.558726783938016,4,0.5,0,[2010.       6.      17.      21.      29.      54.875]
B0042,57,0.0871279249656989,5.032018652087342,4,0.5089285714285714,0,[2.0100e+03 6.0000e+00 1.8000e+01 2.0000e+00 1.0000e+00 1.1046e+01]
B0042,58,0.0968191218275757,5.591727647673006,4,0.5178571428571429,0,[2010.       6.      18.       5.      20.      59.203]
B0042,59,0.084400548913451,4.874500759040185,4,0.5267857142857143,0,[2010.       6.      18.       8.      40.      33.875]
B0042,60,0.0977012171667452,5.64267251065887,4,0.5357142857142857,0,[2010.       6.      18.      12.       0.       2.609]
B0042,61,0.0851742647657266,4.919186232745649,4,0.5446428571428571,0,[2010.       6.      18.      15.      19.      35.359]
B0042,62,0.0847199354487912,4.892946728041399,4,0.5535714285714286,0,[2010.       6.      18.      19.      50.      33.234]
B0042,63,0.0854883696989364,4.937327166128909,4,0.5625,0,[2010    6   18   23    9   59]
B0042,64,0.085777499334335,4.954025666853788,4,0.5714285714285714,0,[2.0100e+03 6.0000e+00 1.9000e+01 2.0000e+00 2.9000e+01 1.6281e+01]
B0042,65,0.0859555325524583,4.964307863688388,4,0.5803571428571429,0,[2010.       6.      19.       5.      42.      11.468]
B0042,66,0.0861479697965832,4.975421956009237,4,0.5892857142857143,0,[2010.       6.      19.       8.      49.      37.406]
B0042,67,0.0865245080899333,4.997168688943699,4,0.5982142857142857,0,[2010.       6.      21.      15.      19.      37.906]
B0042,68,0.0867603642868573,5.010790415647269,4,0.6071428571428571,0,[2010.       6.      21.      19.      51.      35.109]
B0042,69,0.0866202538937107,5.002698427780663,4,0.6160714285714286,0,[2010.       6.      21.      23.      11.      45.359]
B0042,70,0.0869802394927499,5.023489170238506,4,0.625,0,[2.0100e+03 6.0000e+00 2.2000e+01 2.0000e+00 3.1000e+01 3.5687e+01]
B0042,71,0.0738778711347396,4.266770104680786,4,0.6339285714285714,0,[2010.       6.      22.       5.      44.      45.062]
B0042,72,0.0877586570223188,5.06844618636674,4,0.6428571428571429,0,[2010.       6.      22.       9.       4.      54.281]
B0042,73,0.0879057630027299,5.076942199987558,4,0.6517857142857143,0,[2010.       6.      22.      13.      36.       7.203]
B0042,74,0.0880878488220017,5.087458452259341,4,0.6607142857142857,0,[2010.       6.      22.      16.      55.      44.609]
B0042,75,0.0883425026815871,5.102165826178371,4,0.6696428571428571,0,[2010.       6.      22.      20.      15.       9.718]
B0042,76,0.0746305533274507,4.310240792572266,4,0.6785714285714286,0,[2010.       6.      22.      23.      34.      40.078]
B0042,77,0.0748569866512269,4.323318307148042,4,0.6875,0,[2.010e+03 6.000e+00 2.300e+01 2.000e+00 5.400e+01 2.359e+00]
B0042,78,0.0752757364314176,4.347502938026221,4,0.6964285714285714,0,[2010.       6.      23.       7.      24.      51.046]
B0042,79,0.0753235186048872,4.350262567481771,4,0.7053571428571429,0,[2010.      6.     23.     10.     44.     16.39]
B0042,80,0.0755376530236719,4.362629766514718,4,0.7142857142857143,0,[2010.      6.     23.     14.      3.     18.14]
B0042,81,0.0758428560612825,4.380256576501697,4,0.7232142857142857,0,[2010.       6.      23.      17.      19.      43.093]
B0042,82,0.0759921803489148,4.388880707064559,4,0.7321428571428571,0,[2010.       6.      23.      20.      32.      31.953]
B0042,83,0.0762165260959199,4.4018376549534315,4,0.7410714285714286,0,[2010.       6.      23.      23.      10.       5.078]
B0042,84,0.0621692314155252,3.590544962387396,4,0.75,0,[2010.       6.      24.       0.      22.      53.234]
B0042,85,0.0759822277461493,4.388305900734987,4,0.7589285714285714,0,[2.010e+03 6.000e+00 2.400e+01 1.000e+00 1.800e+01 4.437e+00]
B0042,86,0.0622701354894356,3.59637261388017,4,0.7678571428571429,0,[2.0100e+03 6.0000e+00 2.4000e+01 2.0000e+00 1.7000e+01 4.2484e+01]
B0042,87,0.0625944660879844,3.6151041241506454,4,0.7767857142857143,0,[2010.     6.    24.     3.    12.    12.5]
B0042,88,1.4377344766079456,83.0354528228283,4,0.7857142857142857,0,[2010.       6.      25.      18.      45.       5.406]
B0042,89,1.5246019289244055,88.05242804045022,4,0.7946428571428571,0,[2010.       6.      26.       0.      33.      10.328]
B0042,90,1.5215273965539478,87.87486035201186,4,0.8035714285714286,0,[2010.       6.      26.       5.      11.       6.265]
B0042,91,1.5155323631175952,87.52862095650819,4,0.8125,0,[2010.       6.      26.       9.      48.      28.984]
B0042,92,1.5044249661534554,86.88712021238175,4,0.8214285714285714,0,[2010.      6.     26.     14.     25.     15.64]
B0042,93,1.5001507149498807,86.640263515306,4,0.8303571428571429,0,[2.0100e+03 6.0000e+00 2.6000e+01 1.9000e+01 1.0000e+00 1.0906e+01]
B0042,94,1.489011227320312,85.99690939492778,4,0.8392857142857143,0,[2010.       6.      27.       0.      48.      32.265]
B0042,95,1.4810149357562843,85.53508859162555,4,0.8482142857142857,0,[2010.       6.      27.       5.      23.      33.859]
B0042,96,1.476262027748574,85.26058737108268,4,0.8571428571428571,0,[2010.       6.      27.       9.      58.      20.953]
B0042,97,1.466255102543896,84.68264368311114,4,0.8660714285714286,0,[2010.       6.      27.      14.      32.      41.171]
B0042,98,1.459328259381702,84.28258820140461,4,0.875,0,[2010.       6.      27.      19.       6.      37.984]
B0042,99,1.445704157754381,83.49573675815489,4,0.8839285714285714,0,[2010.       6.      28.       0.      51.      57.734]
B0042,100,1.4400686089389023,83.17025917142938,4,0.8928571428571429,0,[2010.      6.     28.      5.     24.     57.14]
B0042,101,1.4290313659547842,82.53281012641231,4,0.9017857142857143,0,[2010.       6.      28.       9.      57.      41.468]
B0042,102,1.414172188151386,81.6746276333618,4,0.9107142857142857,0,[2010.       6.      28.      14.      29.      46.171]
B0042,103,1.415603079129078,81.75726784419759,4,0.9196428571428571,0,[2.010e+03 6.000e+00 2.800e+01 1.900e+01 1.000e+00 9.578e+00]
B0042,104,1.3994410223300702,80.82383839203607,4,0.9285714285714286,0,[2.01e+03 6.00e+00 2.90e+01 0.00e+00 4.40e+01 7.80e-02]
B0042,105,1.395963528579491,80.62299792186165,4,0.9375,0,[2010.       6.      29.       5.      14.      48.968]
B0042,106,1.3929784652630588,80.45059746251567,4,0.9464285714285714,0,[2010.       6.      29.       9.      44.      58.609]
B0042,107,1.3740772023800918,79.35896688124635,4,0.9553571428571429,0,[2010.       6.      29.      14.      14.      43.546]
B0042,108,1.3752493030002435,79.42666081731849,4,0.9642857142857143,0,[2.010e+03 6.000e+00 2.900e+01 1.800e+01 4.400e+01 1.531e+00]
B0042,109,1.3671966130854505,78.9615827626458,4,0.9732142857142857,0,[2010.       6.      30.       0.      24.      32.875]
B0042,110,1.356887600783644,78.36619222387526,4,0.9821428571428571,0,[2010.     6.    30.     4.    53.    18.5]
B0042,111,1.3449320225969348,77.67570530529325,4,0.9910714285714286,0,[2010.       6.      30.       9.      21.      28.343]
B0042,112,1.3374691704584258,77.24469296139166,4,1.0,0,[2010.       6.      30.      13.      49.       7.171]
B0043,1,1.713782642126885,100.0,22,0.008928571428571428,5,[2010.       6.       3.      20.      31.       2.968]
B0043,2,1.6955681658647108,98.93717698998462,22,0.017857142857142856,4,[2010.       6.       4.       0.      29.      30.921]
B0043,3,1.6814906372051954,98.11574676228406,22,0.026785714285714284,3,[2010.       6.       4.       4.      26.      46.875]
B0043,4,1.6786372409532953,97.94924978759427,22,0.03571428571428571,2,[2010.     6.     4.     8.    23.    18.5]
B0043,5,1.6694168550864992,97.41123606052365,22,0.044642857142857144,1,[2010.       6.       4.      12.      19.      17.125]
B0043,6,0.0,0.0,22,0.05357142857142857,0,[2010.      6.      4.     17.     26.      7.75]
B0043,7,1.6611938521224778,96.93142008142048,22,0.0625,0,[2.01e+03 6.00e+00 4.00e+00 2.10e+01 8.00e+00 4.37e-01]
B0043,8,1.6506423382064332,96.31573442463558,22,0.07142857142857142,0,[2.0100e+03 6.0000e+00 5.0000e+00 1.0000e+00 2.0000e+00 3.3453e+01]
B0043,9,1.6424273190907783,95.83638430673149,22,0.08035714285714286,0,[2010.       6.       5.       4.      56.      47.468]
B0043,10,1.6353664801041328,95.42438112656842,22,0.08928571428571429,0,[2010.      6.      5.      8.     50.     47.75]
B0043,11,1.633232875930849,95.29988434845681,22,0.09821428571428571,0,[2010.       6.       5.      13.      56.       3.921]
B0043,12,1.6258840554387932,94.87107731590714,22,0.10714285714285714,0,[2010.       6.       5.      17.      49.      52.625]
B0043,13,1.617976174654771,94.40964885995031,22,0.11607142857142858,0,[2010.       6.       5.      21.      43.      27.734]
B0043,14,1.6136652707273988,94.15810564662765,22,0.125,0,[2.0100e+03 6.0000e+00 6.0000e+00 1.0000e+00 3.6000e+01 5.8156e+01]
B0043,15,1.605821026619692,93.70039041980216,22,0.13392857142857142,0,[2010.       6.       6.       5.      30.      11.906]
B0043,16,1.6033527961961531,93.55636804713559,22,0.14285714285714285,0,[2010.       6.       6.      10.      34.      53.031]
B0043,17,1.5951342406182645,93.07681157504477,22,0.15178571428571427,0,[2010.       6.       6.      14.      28.      10.546]
B0043,18,1.5878135544728509,92.64964619447304,22,0.16071428571428573,0,[2010.       6.       6.      18.      21.      14.171]
B0043,19,1.5800601969084245,92.19723423896366,22,0.16964285714285715,0,[2010.       6.       6.      22.      14.       8.156]
B0043,20,1.575565087879128,91.93494257380141,22,0.17857142857142858,0,[2.010e+03 6.000e+00 7.000e+00 2.000e+00 6.000e+00 5.764e+01]
B0043,21,1.5950169012164208,93.0699647673482,22,0.1875,0,[2010.       6.       7.      13.      57.      40.859]
B0043,22,1.5898075522577595,92.7659968760527,22,0.19642857142857142,0,[2.0100e+03 6.0000e+00 7.0000e+00 1.9000e+01 2.0000e+00 4.3281e+01]
B0043,23,1.5807953202097411,92.24012901938951,22,0.20535714285714285,0,[2010.       6.       7.      22.      55.      54.203]
B0043,24,1.5704333289187615,91.63550209434842,22,0.21428571428571427,0,[2.010e+03 6.000e+00 8.000e+00 2.000e+00 4.900e+01 1.156e+00]
B0043,25,1.5643368431897875,91.27976936727354,22,0.22321428571428573,0,[2010.       6.       8.       6.      41.      51.625]
B0043,26,1.558307017802491,90.92792630158505,22,0.23214285714285715,0,[2010.     6.     8.    10.    34.    18.5]
B0043,27,1.5537149289772467,90.65997582103022,22,0.24107142857142858,0,[2010.       6.       8.      15.      38.       9.593]
B0043,28,1.549528250585513,90.41568122445653,22,0.25,0,[2010.      6.      8.     19.     30.     45.25]
B0043,29,1.5424430535161062,90.00225673903792,22,0.25892857142857145,0,[2010.       6.       8.      23.      23.      11.562]
B0043,30,1.54256227031715,90.00921309383538,22,0.26785714285714285,0,[2010.       6.       9.       3.      15.      28.281]
B0043,31,1.5309356452520158,89.33079421040539,22,0.2767857142857143,0,[2010.       6.       9.       7.       7.      20.406]
B0043,32,1.5247733176952427,88.9712195826028,22,0.2857142857142857,0,[2010.       6.       9.      12.      10.      47.421]
B0043,33,1.5196742408779502,88.67368612112695,22,0.29464285714285715,0,[2.0100e+03 6.0000e+00 9.0000e+00 1.6000e+01 2.0000e+00 4.7125e+01]
B0043,34,1.5123696925788683,88.24746239126021,22,0.30357142857142855,0,[2010.      6.      9.     19.     54.     38.39]
B0043,35,1.499914486202397,87.52069540982936,22,0.3125,0,[2010.       6.       9.      23.      46.      17.078]
B0043,36,1.492410627118825,87.08284180464526,22,0.32142857142857145,0,[2010.     6.    10.     3.    37.    32.5]
B0043,37,1.492624987952706,87.09534985721923,22,0.33035714285714285,0,[2010.       6.      10.       8.      40.      12.437]
B0043,38,1.4924024018806028,87.08236185823782,22,0.3392857142857143,0,[2010.       6.      10.      12.      31.      31.375]
B0043,39,1.4853020201751674,86.6680513423708,22,0.3482142857142857,0,[2010.       6.      10.      16.      22.      38.906]
B0043,40,1.477208127101587,86.19576898435045,22,0.35714285714285715,0,[2010.       6.      10.      20.      13.      46.031]
B0043,41,1.4694738525181406,85.74447052949809,22,0.36607142857142855,0,[2010.       6.      11.       0.       4.      38.656]
B0043,42,0.0570343910426537,3.3279827698494677,4,0.375,0,[2010.       6.      11.      12.      17.      20.515]
B0043,43,0.0571536334895882,3.3349406210963752,4,0.38392857142857145,0,[2010.       6.      11.      16.      49.      19.671]
B0043,44,0.0572936600593766,3.3431112354057024,4,0.39285714285714285,0,[2010.      6.     11.     20.      8.     56.89]
B0043,45,0.0574420318527805,3.351768797324976,4,0.4017857142857143,0,[2010.       6.      11.      23.      28.      14.921]
B0043,46,0.0671306210772112,3.917102404182303,4,0.4107142857142857,0,[2010.      6.     16.     10.     39.     50.39]
B0043,47,0.0671478192023473,3.918105922639857,4,0.41964285714285715,0,[2010.       6.      16.      14.      46.      51.593]
B0043,48,0.0673200121169029,3.9281534578594868,4,0.42857142857142855,0,[2010.       6.      16.      18.       7.      22.875]
B0043,49,0.0678403805161331,3.958517191651562,4,0.4375,0,[2010.       6.      16.      21.      27.      32.859]
B0043,50,0.0679960492721063,3.9676005346699044,4,0.44642857142857145,0,[2010.       6.      17.       0.      47.      36.281]
B0043,51,0.0682801114788655,3.984175694189939,4,0.45535714285714285,0,[2010.       6.      17.       3.      38.      47.796]
B0043,52,0.0684463294312597,3.9938745876381723,4,0.4642857142857143,0,[2010.      6.     17.      8.     10.     30.89]
B0043,53,0.0685136191478808,3.9978009733400133,4,0.4732142857142857,0,[2010.       6.      17.      11.      30.      34.546]
B0043,54,0.0688740243561668,4.01883078187155,4,0.48214285714285715,0,[2010.       6.      17.      14.      50.      30.921]
B0043,55,0.0565443893216957,3.2993909456056487,4,0.49107142857142855,0,[2010.       6.      17.      18.      10.       6.218]
B0043,56,0.0691835316418984,4.0368906733725805,4,0.5,0,[2010.       6.      17.      21.      29.      54.875]
B0043,57,0.0591220864554366,3.4498007508153608,4,0.5089285714285714,0,[2.0100e+03 6.0000e+00 1.8000e+01 2.0000e+00 1.0000e+00 1.1046e+01]
B0043,58,0.0695612008414022,4.058927843677625,4,0.5178571428571429,0,[2010.       6.      18.       5.      20.      59.203]
B0043,59,0.0701789780437661,4.094975425627529,4,0.5267857142857143,0,[2010.       6.      18.       8.      40.      33.875]
B0043,60,0.0702814818386252,4.1009565688798535,4,0.5357142857142857,0,[2010.       6.      18.      12.       0.       2.609]
B0043,61,0.0578736420287837,3.376953448248244,4,0.5446428571428571,0,[2010.       6.      18.      15.      19.      35.359]
B0043,62,0.0705661855429337,4.117569160074917,4,0.5535714285714286,0,[2010.       6.      18.      19.      50.      33.234]
B0043,63,0.057989410208958,3.383708574442697,4,0.5625,0,[2010    6   18   23    9   59]
B0043,64,0.0712926644680078,4.159959537198384,4,0.5714285714285714,0,[2.0100e+03 6.0000e+00 1.9000e+01 2.0000e+00 2.9000e+01 1.6281e+01]
B0043,65,0.0714654655766428,4.170042560820361,4,0.5803571428571429,0,[2010.       6.      19.       5.      42.      11.468]
B0043,66,0.0716254973792324,4.17938048960175,4,0.5892857142857143,0,[2010.       6.      19.       8.      49.      37.406]
B0043,67,0.0719259635627201,4.196912828656999,4,0.5982142857142857,0,[2010.       6.      21.      15.      19.      37.906]
B0043,68,0.0588400951113647,3.43334642707907,4,0.6071428571428571,0,[2010.       6.      21.      19.      51.      35.109]
B0043,69,0.0721385348010396,4.209316457512505,4,0.6160714285714286,0,[2010.       6.      21.      23.      11.      45.359]
B0043,70,0.0723183571187791,4.219809171892919,4,0.625,0,[2.0100e+03 6.0000e+00 2.2000e+01 2.0000e+00 3.1000e+01 3.5687e+01]
B0043,71,0.0593817062666809,3.4649496853921575,4,0.6339285714285714,0,[2010.       6.      22.       5.      44.      45.062]
B0043,72,0.0729448848562527,4.256367351563595,4,0.6428571428571429,0,[2010.       6.      22.       9.       4.      54.281]
B0043,73,0.0730691773407958,4.2636198748117495,4,0.6517857142857143,0,[2010.       6.      22.      13.      36.       7.203]
B0043,74,0.0731705412812827,4.269534507040788,4,0.6607142857142857,0,[2010.       6.      22.      16.      55.      44.609]
B0043,75,0.0734743029330489,4.287259138175412,4,0.6696428571428571,0,[2010.       6.      22.      20.      15.       9.718]
B0043,76,0.0601069759183187,3.5072695008582366,4,0.6785714285714286,0,[2010.       6.      22.      23.      34.      40.078]
B0043,77,0.0738316250995573,4.308109049810937,4,0.6875,0,[2.010e+03 6.000e+00 2.300e+01 2.000e+00 5.400e+01 2.359e+00]
B0043,78,0.0604952153074282,3.529923446555089,4,0.6964285714285714,0,[2010.       6.      23.       7.      24.      51.046]
B0043,79,0.0606040102376181,3.536271680427669,4,0.7053571428571429,0,[2010.      6.     23.     10.     44.     16.39]
B0043,80,0.0607343843223521,3.543879067824953,4,0.7142857142857143,0,[2010.      6.     23.     14.      3.     18.14]
B0043,81,0.0609965304823779,3.5591754160071507,4,0.7232142857142857,0,[2010.       6.      23.      17.      19.      43.093]
B0043,82,0.0611304592598731,3.5669902213507845,4,0.7321428571428571,0,[2010.       6.      23.      20.      32.      31.953]
B0043,83,0.0612912441098759,3.576372090792715,4,0.7410714285714286,0,[2010.       6.      23.      23.      10.       5.078]
B0043,84,0.0613032906580409,3.577075012380837,4,0.75,0,[2010.       6.      24.       0.      22.      53.234]
B0043,85,0.0611516615740909,3.5682273860703133,4,0.7589285714285714,0,[2.010e+03 6.000e+00 2.400e+01 1.000e+00 1.800e+01 4.437e+00]
B0043,86,0.0614053871920573,3.58303239177696,4,0.7678571428571429,0,[2.0100e+03 6.0000e+00 2.4000e+01 2.0000e+00 1.7000e+01 4.2484e+01]
B0043,87,0.0617578076594285,3.6035962870288007,4,0.7767857142857143,0,[2010.     6.    24.     3.    12.    12.5]
B0043,88,1.5250840516518187,88.98935105090793,4,0.7857142857142857,0,[2010.       6.      25.      18.      45.       5.406]
B0043,89,1.552568811301301,90.59309933110829,4,0.7946428571428571,0,[2010.       6.      26.       0.      33.      10.328]
B0043,90,1.5427752626774387,90.02164129535015,4,0.8035714285714286,0,[2010.       6.      26.       5.      11.       6.265]
B0043,91,1.533193283126468,89.46252841163702,4,0.8125,0,[2010.       6.      26.       9.      48.      28.984]
B0043,92,1.515272194917202,88.41682472852438,4,0.8214285714285714,0,[2010.      6.     26.     14.     25.     15.64]
B0043,93,1.5074989761997712,87.96325386566491,4,0.8303571428571429,0,[2.0100e+03 6.0000e+00 2.6000e+01 1.9000e+01 1.0000e+00 1.0906e+01]
B0043,94,1.4896288908647644,86.92052622356267,4,0.8392857142857143,0,[2010.       6.      27.       0.      48.      32.265]
B0043,95,1.4780778852088083,86.24651976720013,4,0.8482142857142857,0,[2010.       6.      27.       5.      23.      33.859]
B0043,96,1.4700035345334466,85.77537771704252,4,0.8571428571428571,0,[2010.       6.      27.       9.      58.      20.953]
B0043,97,1.4565623180137075,84.99107659335638,4,0.8660714285714286,0,[2010.       6.      27.      14.      32.      41.171]
B0043,98,1.445976962830235,84.37341628315885,4,0.875,0,[2010.       6.      27.      19.       6.      37.984]
B0043,99,1.4325855992469252,83.59202410108549,4,0.8839285714285714,0,[2010.       6.      28.       0.      51.      57.734]
B0043,100,1.4197344854662963,82.84215574177709,4,0.8928571428571429,0,[2010.      6.     28.      5.     24.     57.14]
B0043,101,1.401262575071573,81.76431133253516,4,0.9017857142857143,0,[2010.       6.      28.       9.      57.      41.468]
B0043,102,1.3862945308535968,80.8909191152234,4,0.9107142857142857,0,[2010.       6.      28.      14.      29.      46.171]
B0043,103,1.384130256052478,80.7646326919677,4,0.9196428571428571,0,[2.010e+03 6.000e+00 2.800e+01 1.900e+01 1.000e+00 9.578e+00]
B0043,104,1.3651743201871416,79.65854517541945,4,0.9285714285714286,0,[2.01e+03 6.00e+00 2.90e+01 0.00e+00 4.40e+01 7.80e-02]
B0043,105,1.361508332192898,79.44463310138339,4,0.9375,0,[2010.       6.      29.       5.      14.      48.968]
B0043,106,1.351001663879717,78.83156420601041,4,0.9464285714285714,0,[2010.       6.      29.       9.      44.      58.609]
B0043,107,1.3282588067265129,77.5045081025025,4,0.9553571428571429,0,[2010.       6.      29.      14.      14.      43.546]
B0043,108,1.3257206687421472,77.3564065917289,4,0.9642857142857143,0,[2.010e+03 6.000e+00 2.900e+01 1.800e+01 4.400e+01 1.531e+00]
B0043,109,1.314290971597844,76.68947854243329,4,0.9732142857142857,0,[2010.       6.      30.       0.      24.      32.875]
B0043,110,1.300326009481109,75.87461662392282,4,0.9821428571428571,0,[2010.     6.    30.     4.    53.    18.5]
B0043,111,1.2881071401556836,75.16164001737596,4,0.9910714285714286,0,[2010.       6.      30.       9.      21.      28.343]
B0043,112,1.2767801501201566,74.50070497479263,4,1.0,0,[2010.       6.      30.      13.      49.       7.171]
B0044,1,1.686525555152074,100.0,22,0.008928571428571428,5,[2010.       6.       3.      20.      31.       2.968]
B0044,2,1.6624606531639186,98.573107776835,22,0.017857142857142856,4,[2010.       6.       4.       0.      29.      30.921]
B0044,3,1.6534010755700512,98.03593372891193,22,0.026785714285714284,3,[2010.       6.       4.       4.      26.      46.875]
B0044,4,1.6452145903490936,97.55052838204664,22,0.03571428571428571,2,[2010.     6.     4.     8.    23.    18.5]
B0044,5,1.635664062367341,96.9842441681741,22,0.044642857142857144,1,[2010.       6.       4.      12.      19.      17.125]
B0044,6,0.0,0.0,22,0.05357142857142857,0,[2010.      6.      4.     17.     26.      7.75]
B0044,7,1.6267769765146465,96.45729775899898,22,0.0625,0,[2.01e+03 6.00e+00 4.00e+00 2.10e+01 8.00e+00 4.37e-01]
B0044,8,1.6159715504743064,95.81660624932508,22,0.07142857142857142,0,[2.0100e+03 6.0000e+00 5.0000e+00 1.0000e+00 2.0000e+00 3.3453e+01]
B0044,9,1.6076028386649623,95.32039605056592,22,0.08035714285714286,0,[2010.       6.       5.       4.      56.      47.468]
B0044,10,1.6003360401431612,94.88952214535871,22,0.08928571428571429,0,[2010.      6.      5.      8.     50.     47.75]
B0044,11,1.5978700914991917,94.7433074238304,22,0.09821428571428571,0,[2010.       6.       5.      13.      56.       3.921]
B0044,12,1.5900310265163515,94.27850183823503,22,0.10714285714285714,0,[2010.       6.       5.      17.      49.      52.625]
B0044,13,1.5816311155652092,93.78044173321723,22,0.11607142857142858,0,[2010.       6.       5.      21.      43.      27.734]
B0044,14,1.5714556311034702,93.17710166341192,22,0.125,0,[2.0100e+03 6.0000e+00 6.0000e+00 1.0000e+00 3.6000e+01 5.8156e+01]
B0044,15,1.563220798569978,92.68882963525698,22,0.13392857142857142,0,[2010.       6.       6.       5.      30.      11.906]
B0044,16,1.5606775388245586,92.53803086807258,22,0.14285714285714285,0,[2010.       6.       6.      10.      34.      53.031]
B0044,17,1.5523886011314287,92.04655075573106,22,0.15178571428571427,0,[2010.       6.       6.      14.      28.      10.546]
B0044,18,1.5444592876561969,91.57639402131284,22,0.16071428571428573,0,[2010.       6.       6.      18.      21.      14.171]
B0044,19,1.536558134180655,91.10790699178605,22,0.16964285714285715,0,[2010.       6.       6.      22.      14.       8.156]
B0044,20,1.5307255867941072,90.76207485371201,22,0.17857142857142858,0,[2.010e+03 6.000e+00 7.000e+00 2.000e+00 6.000e+00 5.764e+01]
B0044,21,1.545242808242328,91.62285169779082,22,0.1875,0,[2010.       6.       7.      13.      57.      40.859]
B0044,22,1.5397144491816253,91.29505594967337,22,0.19642857142857142,0,[2.0100e+03 6.0000e+00 7.0000e+00 1.9000e+01 2.0000e+00 4.3281e+01]
B0044,23,1.5305357077773765,90.75081626257173,22,0.20535714285714285,0,[2010.       6.       7.      22.      55.      54.203]
B0044,24,1.5199735224097084,90.12454734328958,22,0.21428571428571427,0,[2.010e+03 6.000e+00 8.000e+00 2.000e+00 4.900e+01 1.156e+00]
B0044,25,1.5136629526844203,89.75037158852498,22,0.22321428571428573,0,[2010.       6.       8.       6.      41.      51.625]
B0044,26,1.501287000699295,89.01655810154173,22,0.23214285714285715,0,[2010.     6.     8.    10.    34.    18.5]
B0044,27,1.5023814734911674,89.08145322207689,22,0.24107142857142858,0,[2010.       6.       8.      15.      38.       9.593]
B0044,28,1.4980955154277502,88.82732377527876,22,0.25,0,[2010.      6.      8.     19.     30.     45.25]
B0044,29,1.4906542391377111,88.38610447283136,22,0.25892857142857145,0,[2010.       6.       8.      23.      23.      11.562]
B0044,30,1.484397163943621,88.01510059595707,22,0.26785714285714285,0,[2010.       6.       9.       3.      15.      28.281]
B0044,31,1.4725321936230114,87.31158499938847,22,0.2767857142857143,0,[2010.       6.       9.       7.       7.      20.406]
B0044,32,1.4663149382113208,86.94294217671093,22,0.2857142857142857,0,[2010.       6.       9.      12.      10.      47.421]
B0044,33,1.4671298468877776,86.99126096286673,22,0.29464285714285715,0,[2.0100e+03 6.0000e+00 9.0000e+00 1.6000e+01 2.0000e+00 4.7125e+01]
B0044,34,1.4593858997633138,86.53209524783756,22,0.30357142857142855,0,[2010.      6.      9.     19.     54.     38.39]
B0044,35,1.4467901368505207,85.7852484020062,22,0.3125,0,[2010.       6.       9.      23.      46.      17.078]
B0044,36,1.4390669859638228,85.32731576866395,22,0.32142857142857145,0,[2010.     6.    10.     3.    37.    32.5]
B0044,37,1.4389892550462602,85.32270683064192,22,0.33035714285714285,0,[2010.       6.      10.       8.      40.      12.437]
B0044,38,1.4386198779578576,85.30080517090875,22,0.3392857142857143,0,[2010.       6.      10.      12.      31.      31.375]
B0044,39,1.4313412096653504,84.86922746547333,22,0.3482142857142857,0,[2010.       6.      10.      16.      22.      38.906]
B0044,40,1.422973037663468,84.37304927378693,22,0.35714285714285715,0,[2010.       6.      10.      20.      13.      46.031]
B0044,41,1.4150153099745095,83.90120776123773,22,0.36607142857142855,0,[2010.       6.      11.       0.       4.      38.656]
B0044,42,0.0572172710622218,3.3926121597998864,4,0.375,0,[2010.       6.      11.      12.      17.      20.515]
B0044,43,0.0573587470253984,3.40100076457047,4,0.38392857142857145,0,[2010.       6.      11.      16.      49.      19.671]
B0044,44,0.0574968754544523,3.4091908823325126,4,0.39285714285714285,0,[2010.      6.     11.     20.      8.     56.89]
B0044,45,0.0576308880988852,3.417136960826462,4,0.4017857142857143,0,[2010.       6.      11.      23.      28.      14.921]
B0044,46,0.0551169133397871,3.2680746029263226,4,0.4107142857142857,0,[2010.      6.     16.     10.     39.     50.39]
B0044,47,0.0674075526574801,3.9968296034151676,4,0.41964285714285715,0,[2010.       6.      16.      14.      46.      51.593]
B0044,48,0.0675676530317139,4.006322514669594,4,0.42857142857142855,0,[2010.       6.      16.      18.       7.      22.875]
B0044,49,0.0556373104491564,3.2989307680036664,4,0.4375,0,[2010.       6.      16.      21.      27.      32.859]
B0044,50,0.0682243327610682,4.0452593530322405,4,0.44642857142857145,0,[2010.       6.      17.       0.      47.      36.281]
B0044,51,0.0560524534315144,3.3235460476885663,4,0.45535714285714285,0,[2010.       6.      17.       3.      38.      47.796]
B0044,52,0.0686822013010505,4.0724079804920255,4,0.4642857142857143,0,[2010.      6.     17.      8.     10.     30.89]
B0044,53,0.0687475535334652,4.076282942968287,4,0.4732142857142857,0,[2010.       6.      17.      11.      30.      34.546]
B0044,54,0.0565143989134748,3.350936411300266,4,0.48214285714285715,0,[2010.       6.      17.      14.      50.      30.921]
B0044,55,0.0567330718538736,3.3639022949022546,4,0.49107142857142855,0,[2010.       6.      17.      18.      10.       6.218]
B0044,56,0.0694133756360175,4.115761864619864,4,0.5,0,[2010.       6.      17.      21.      29.      54.875]
B0044,57,0.0593176644466495,3.5171518311977685,4,0.5089285714285714,0,[2.0100e+03 6.0000e+00 1.8000e+01 2.0000e+00 1.0000e+00 1.1046e+01]
B0044,58,0.0698170725362273,4.1396984660533,4,0.5178571428571429,0,[2010.       6.      18.       5.      20.      59.203]
B0044,59,0.0574643508969407,3.4072623875396384,4,0.5267857142857143,0,[2010.       6.      18.       8.      40.      33.875]
B0044,60,0.0705377438399369,4.182429588715987,4,0.5357142857142857,0,[2010.       6.      18.      12.       0.       2.609]
B0044,61,0.0580546605234449,3.4422639103271764,4,0.5446428571428571,0,[2010.       6.      18.      15.      19.      35.359]
B0044,62,0.0708399201529106,4.20034667939099,4,0.5535714285714286,0,[2010.       6.      18.      19.      50.      33.234]
B0044,63,0.0581718361305258,3.4492116619768893,4,0.5625,0,[2010    6   18   23    9   59]
B0044,64,0.0583051571279828,3.457116730302105,4,0.5714285714285714,0,[2.0100e+03 6.0000e+00 1.9000e+01 2.0000e+00 2.9000e+01 1.6281e+01]
B0044,65,0.0584559266936776,3.466056385277046,4,0.5803571428571429,0,[2010.       6.      19.       5.      42.      11.468]
B0044,66,0.058629861106387,3.4763695650671806,4,0.5892857142857143,0,[2010.       6.      19.       8.      49.      37.406]
B0044,67,0.0589003321838338,3.4924067414159503,4,0.5982142857142857,0,[2010.       6.      21.      15.      19.      37.906]
B0044,68,0.0590646770201104,3.502151321672949,4,0.6071428571428571,0,[2010.       6.      21.      19.      51.      35.109]
B0044,69,0.0724057998284407,4.293193163142545,4,0.6160714285714286,0,[2010.       6.      21.      23.      11.      45.359]
B0044,70,0.0725563284689165,4.302118532818444,4,0.625,0,[2.0100e+03 6.0000e+00 2.2000e+01 2.0000e+00 3.1000e+01 3.5687e+01]
B0044,71,0.0595922298890959,3.5334317767703483,4,0.6339285714285714,0,[2010.       6.      22.       5.      44.      45.062]
B0044,72,0.0732170902276858,4.3412974089849365,4,0.6428571428571429,0,[2010.       6.      22.       9.       4.      54.281]
B0044,73,0.0598410084998697,3.5481827308850855,4,0.6517857142857143,0,[2010.       6.      22.      13.      36.       7.203]
B0044,74,0.0734434705697157,4.354720291391808,4,0.6607142857142857,0,[2010.       6.      22.      16.      55.      44.609]
B0044,75,0.0737373960592326,4.372148161880874,4,0.6696428571428571,0,[2010.       6.      22.      20.      15.       9.718]
B0044,76,0.0603231248972743,3.576769098635743,4,0.6785714285714286,0,[2010.       6.      22.      23.      34.      40.078]
B0044,77,0.0740961197823434,4.393418146318107,4,0.6875,0,[2.010e+03 6.000e+00 2.300e+01 2.000e+00 5.400e+01 2.359e+00]
B0044,78,0.0607171505329549,3.6001322569630463,4,0.6964285714285714,0,[2010.       6.      23.       7.      24.      51.046]
B0044,79,0.0608284422939796,3.6067311347971067,4,0.7053571428571429,0,[2010.      6.     23.     10.     44.     16.39]
B0044,80,0.0609288444479822,3.612684329736602,4,0.7142857142857143,0,[2010.      6.     23.     14.      3.     18.14]
B0044,81,0.0612203873656202,3.6299709292042106,4,0.7232142857142857,0,[2010.       6.      23.      17.      19.      43.093]
B0044,82,0.061336775826916,3.6368720082267156,4,0.7321428571428571,0,[2010.       6.      23.      20.      32.      31.953]
B0044,83,0.0615021959933087,3.6466803485680392,4,0.7410714285714286,0,[2010.       6.      23.      23.      10.       5.078]
B0044,84,0.0615436456229027,3.649138042106532,4,0.75,0,[2010.       6.      24.       0.      22.      53.234]
B0044,85,0.0613682829819075,3.638740177665077,4,0.7589285714285714,0,[2.010e+03 6.000e+00 2.400e+01 1.000e+00 1.800e+01 4.437e+00]
B0044,86,0.0616335088887399,3.6544663494993648,4,0.7678571428571429,0,[2.0100e+03 6.0000e+00 2.4000e+01 2.0000e+00 1.7000e+01 4.2484e+01]
B0044,87,0.0619810308759487,3.675072143828848,4,0.7767857142857143,0,[2010.     6.    24.     3.    12.    12.5]
B0044,88,1.4779954511171076,87.63552064788232,4,0.7857142857142857,0,[2010.       6.      25.      18.      45.       5.406]
B0044,89,1.494119871447679,88.5915939360287,4,0.7946428571428571,0,[2010.       6.      26.       0.      33.      10.328]
B0044,90,1.488007820113173,88.22918903111429,4,0.8035714285714286,0,[2010.       6.      26.       5.      11.       6.265]
B0044,91,1.4748338592717107,87.44805880742939,4,0.8125,0,[2010.       6.      26.       9.      48.      28.984]
B0044,92,1.4604378044785566,86.59446635819693,4,0.8214285714285714,0,[2010.      6.     26.     14.     25.     15.64]
B0044,93,1.452380841576719,86.11674084272964,4,0.8303571428571429,0,[2.0100e+03 6.0000e+00 2.6000e+01 1.9000e+01 1.0000e+00 1.0906e+01]
B0044,94,1.441102888364986,85.44803154406053,4,0.8392857142857143,0,[2010.       6.      27.       0.      48.      32.265]
B0044,95,1.4300355978410688,84.79181317309613,4,0.8482142857142857,0,[2010.       6.      27.       5.      23.      33.859]
B0044,96,1.413943296719903,83.83764434523543,4,0.8571428571428571,0,[2010.       6.      27.       9.      58.      20.953]
B0044,97,1.3972667497450315,82.8488335368888,4,0.8660714285714286,0,[2010.       6.      27.      14.      32.      41.171]
B0044,98,1.3865375876825874,82.2126639852524,4,0.875,0,[2010.       6.      27.      19.       6.      37.984]
B0044,99,1.3724753685724698,81.37886582149736,4,0.8839285714285714,0,[2010.       6.      28.       0.      51.      57.734]
B0044,100,1.3598593948812812,80.63082060791321,4,0.8928571428571429,0,[2010.      6.     28.      5.     24.     57.14]
B0044,101,1.3486733410392264,79.96756034435639,4,0.9017857142857143,0,[2010.       6.      28.       9.      57.      41.468]
B0044,102,1.3334258933205057,79.06348583020852,4,0.9107142857142857,0,[2010.       6.      28.      14.      29.      46.171]
B0044,103,1.3387793081075827,79.38090852034941,4,0.9196428571428571,0,[2.010e+03 6.000e+00 2.800e+01 1.900e+01 1.000e+00 9.578e+00]
B0044,104,1.3153320403016997,77.9906379884707,4,0.9285714285714286,0,[2.01e+03 6.00e+00 2.90e+01 0.00e+00 4.40e+01 7.80e-02]
B0044,105,1.322963328110081,78.44312373854243,4,0.9375,0,[2010.       6.      29.       5.      14.      48.968]
B0044,106,1.3086991524155074,77.59735086240671,4,0.9464285714285714,0,[2010.       6.      29.       9.      44.      58.609]
B0044,107,1.2897499583900436,76.47378686021433,4,0.9553571428571429,0,[2010.       6.      29.      14.      14.      43.546]
B0044,108,1.2906172590904164,76.52521215274686,4,0.9642857142857143,0,[2.010e+03 6.000e+00 2.900e+01 1.800e+01 4.400e+01 1.531e+00]
B0044,109,1.2752011253442166,75.61113565392917,4,0.9732142857142857,0,[2010.       6.      30.       0.      24.      32.875]
B0044,110,1.268607265737458,75.22016265108226,4,0.9821428571428571,0,[2010.     6.    30.     4.    53.    18.5]
B0044,111,1.2565759973225976,74.50678665875847,4,0.9910714285714286,0,[2010.       6.      30.       9.      21.      28.343]
B0044,112,1.2486254509320869,74.03537095051598,4,1.0,0,[2010.       6.      30.      13.      49.       7.171]
B0045,1,1.0819793880779518,100.0,4,0.013888888888888888,16,[2010.       7.      21.      15.       0.      35.093]
B0045,2,0.927952404748273,85.76433294137931,4,0.027777777777777776,15,[2.0100e+03 7.0000e+00 2.1000e+01 2.1000e+01 2.0000e+00 5.6984e+01]
B0045,3,0.885193608411576,81.81242805226174,4,0.041666666666666664,14,[2.010e+03 7.000e+00 2.200e+01 1.000e+00 4.000e+01 6.218e+00]
B0045,4,0.8581010699478283,79.30844888571998,4,0.05555555555555555,13,[2010.       7.      22.       6.      16.      21.781]
B0045,5,0.8409352213456689,77.72192618562926,4,0.06944444444444445,12,[2010.       7.      22.      10.      51.      48.203]
B0045,6,0.8245471942901911,76.20729224379514,4,0.08333333333333333,11,[2010.       7.      22.      15.      26.      29.359]
B0045,7,0.7935960418803983,73.34668761945244,4,0.09722222222222222,10,[2010.       7.      23.       9.      59.       8.718]
B0045,8,0.8183676087159205,75.6361551553846,4,0.1111111111111111,9,[2010.       7.      23.      15.      44.      51.671]
B0045,9,0.7977644276409412,73.73194318036916,4,0.125,8,[2010.       7.      23.      20.      19.       2.359]
B0045,10,0.7993777411831636,73.88105078445099,4,0.1388888888888889,7,[2010.       7.      24.       0.      52.      14.625]
B0045,11,0.7783107440628891,71.93397144519497,4,0.1527777777777778,6,[2010.       7.      24.       5.      24.      46.453]
B0045,12,0.7803738231239117,72.124647818863,4,0.16666666666666666,5,[2010    7   24    9   56   39]
B0045,13,0.7713058245640294,71.28655435240697,4,0.18055555555555555,4,[2010.       7.      27.      16.      12.       5.718]
B0045,14,0.795279016979026,73.50223356766291,4,0.19444444444444445,3,[2010.       7.      27.      21.      56.      24.312]
B0045,15,0.7824128169919247,72.31309816186214,4,0.20833333333333334,2,[2.0100e+03 7.0000e+00 2.8000e+01 2.0000e+00 2.9000e+01 3.7343e+01]
B0045,16,0.7649414992231182,70.69834302314894,4,0.2222222222222222,1,[2.0100e+03 7.0000e+00 2.8000e+01 7.0000e+00 1.0000e+00 5.7687e+01]
B0045,17,0.7544899426779375,69.73237669695607,4,0.2361111111111111,0,[2.010e+03 7.000e+00 2.800e+01 1.100e+01 3.300e+01 1.828e+00]
B0045,18,0.7504048978314295,69.35482377020718,4,0.25,0,[2010.       7.      28.      16.       3.      39.015]
B0045,19,0.7407258109620256,68.46025156522295,4,0.2638888888888889,0,[2010.     7.    28.    21.    45.    15.5]
B0045,20,0.0,0.0,4,0.2777777777777778,0,[2.0100e+03 7.0000e+00 2.9000e+01 2.0000e+00 1.4000e+01 2.9703e+01]
B0045,21,0.7308525593793626,67.54773403564208,4,0.2916666666666667,0,[2010.       7.      29.       5.      57.      18.515]
B0045,22,0.7287255851177903,67.3511522629199,4,0.3055555555555556,0,[2010.       7.      29.      10.      29.      29.765]
B0045,23,0.7161023377036263,66.1844713119465,4,0.3194444444444444,0,[2010.       7.      29.      14.      57.      39.921]
B0045,24,0.7129204834988017,65.89039415669895,4,0.3333333333333333,0,[2010.       7.      29.      20.      36.      49.093]
B0045,25,0.7141991829499618,66.0085756549095,4,0.3472222222222222,0,[2.0100e+03 7.0000e+00 3.0000e+01 1.0000e+00 3.0000e+00 4.8203e+01]
B0045,26,0.7190570819844222,66.45755824071367,4,0.3611111111111111,0,[2010.       7.      30.       5.      30.      13.453]
B0045,27,0.7173975428775917,66.30417832191702,4,0.375,0,[2010.       7.      30.       9.      56.       7.796]
B0045,28,0.7071027496463946,65.35270056322469,4,0.3888888888888889,0,[2010.       7.      30.      14.      21.       3.875]
B0045,29,0.703531206505542,65.02260710856127,4,0.4027777777777778,0,[2010.       7.      30.      19.      57.      28.859]
B0045,30,0.6941108278958862,64.15194554943578,4,0.4166666666666667,0,[2010.       7.      31.       0.      21.      41.812]
B0045,31,0.6914114388869608,63.90245937265006,4,0.4305555555555556,0,[2010.       7.      31.       4.      45.      24.171]
B0045,32,0.6971551798505504,64.4333143063834,4,0.4444444444444444,0,[2010.       7.      31.       9.       8.      38.406]
B0045,33,0.6832460217432723,63.1477853711246,4,0.4583333333333333,0,[2010.       7.      31.      13.      31.       7.296]
B0045,34,0.6822029317493292,63.05137965347076,4,0.4722222222222222,0,[2010.       8.       3.      15.      52.      53.046]
B0045,35,0.7289529213213379,67.37216340287807,4,0.4861111111111111,0,[2010.       8.       3.      21.      29.      43.953]
B0045,36,0.7139321758287004,65.98389800169325,4,0.5,0,[2.0100e+03 8.0000e+00 4.0000e+00 1.0000e+00 5.6000e+01 1.2734e+01]
B0045,37,0.6957731747455482,64.3055849688165,4,0.5138888888888888,0,[2010.       8.       4.       6.      20.      57.078]
B0045,38,0.7018312962317095,64.86549595722481,4,0.5277777777777778,0,[2010.      8.      4.     10.     44.     49.39]
B0045,39,0.6911808244378487,63.88114524673849,4,0.5416666666666666,0,[2010.       8.       4.      15.       7.      58.828]
B0045,40,0.6843279752855028,63.247782982368605,4,0.5555555555555556,0,[2010.     8.     4.    20.    41.    59.5]
B0045,41,0.6741394908812485,62.306130625907976,4,0.5694444444444444,0,[2.010e+03 8.000e+00 5.000e+00 1.000e+00 4.000e+00 3.312e+00]
B0045,42,0.6670070174301739,61.64692458837479,4,0.5833333333333334,0,[2010.       8.       5.       5.      25.       7.906]
B0045,43,0.6804085117374855,62.88553360948731,4,0.5972222222222222,0,[2010.      8.      5.      9.     45.     36.39]
B0045,44,0.6617864063235485,61.164418991304274,4,0.6111111111111112,0,[2010.       8.       5.      14.       5.      44.828]
B0045,45,0.6623168733492338,61.21344645259701,4,0.625,0,[2010.       8.       5.      19.      37.       8.125]
B0045,46,0.6679358357181778,61.73276894901958,4,0.6388888888888888,0,[2010.       8.       5.      23.      56.      22.437]
B0045,47,0.6488990885270688,59.97333180993264,4,0.6527777777777778,0,[2010.       8.       6.       4.      15.       3.234]
B0045,48,0.6503639129625527,60.10871557524503,4,0.6666666666666666,0,[2010.      8.      6.      8.     33.     24.75]
B0045,49,0.6572077690202801,60.74124666901059,4,0.6805555555555556,0,[2010    8    6   12   51   21]
B0045,50,0.6363517458476216,58.81366621762071,4,0.6944444444444444,0,[2010.       8.       6.      18.      20.      37.375]
B0045,51,0.6536449360948587,60.41195824035112,4,0.7083333333333334,0,[2010.       8.       6.      22.      37.      51.968]
B0045,52,0.6391428272150887,59.07162689582044,4,0.7222222222222222,0,[2.0100e+03 8.0000e+00 7.0000e+00 2.0000e+00 5.4000e+01 4.6296e+01]
B0045,53,0.6482206049496236,59.910624184914894,4,0.7361111111111112,0,[2010.       8.       7.       7.      11.       8.671]
B0045,54,0.6287957471922729,58.11531662440237,4,0.75,0,[2010.       8.       7.      11.      26.      50.984]
B0045,55,0.6380571850193401,58.97128836740565,4,0.7638888888888888,0,[2010.       8.      10.      15.      39.      28.921]
B0045,56,0.6554825047832906,60.58179222320509,4,0.7777777777777778,0,[2010.      8.     10.     21.     13.     49.64]
B0045,57,0.6484934835397033,59.93584449808227,4,0.7916666666666666,0,[2.010e+03 8.000e+00 1.100e+01 1.000e+00 3.500e+01 2.781e+00]
B0045,58,0.6454071687844921,59.650597404725545,4,0.8055555555555556,0,[2010.       8.      11.       5.      54.      59.281]
B0045,59,0.6427008031845645,59.400466429057396,4,0.8194444444444444,0,[2010.       8.      11.      10.      14.       4.421]
B0045,60,0.6352454880802477,58.711422332056586,4,0.8333333333333334,0,[2010.       8.      11.      14.      32.      46.656]
B0045,61,0.6156760019587869,56.90274775497204,4,0.8472222222222222,0,[2010.       8.      12.      12.      34.      22.109]
B0045,62,0.6170833682807023,57.03282105742334,4,0.8611111111111112,0,[2010.       8.      12.      18.       4.      47.218]
B0045,63,0.6434227390858672,59.46719005699871,4,0.875,0,[2010.       8.      12.      22.      24.      12.484]
B0045,64,0.6278124433742752,58.02443653658993,4,0.8888888888888888,0,[2.0100e+03 8.0000e+00 1.3000e+01 2.0000e+00 4.2000e+01 3.2031e+01]
B0045,65,0.6290078315253372,58.13491813764755,4,0.9027777777777778,0,[2010.       8.      13.       6.      59.      39.343]
B0045,66,0.0,0.0,4,0.9166666666666666,0,[2010.       8.      13.      11.      16.      29.328]
B0045,67,0.6266355568292261,57.91566491320995,4,0.9305555555555556,0,[2010.       8.      16.      10.      57.       7.937]
B0045,68,0.6495813516716594,60.03638875464973,4,0.9444444444444444,0,[2010.       8.      16.      16.      33.      48.968]
B0045,69,0.6337485177966306,58.57306754451517,4,0.9583333333333334,0,[2010.       8.      16.      20.      54.      56.609]
B0045,70,0.6298550929085645,58.213224747973314,4,0.9722222222222222,0,[2.0100e+03 8.0000e+00 1.7000e+01 1.0000e+00 1.4000e+01 4.2109e+01]
B0045,71,0.6183063778386736,57.1458555173629,4,0.9861111111111112,0,[2010.       8.      17.       5.      33.      53.718]
B0045,72,0.6069476168507777,56.09604245132347,4,1.0,0,[2010.       8.      17.       9.      52.       5.375]
B0046,1,1.7282392323598248,100.0,4,0.013888888888888888,19,[2010.       7.      21.      15.       0.      35.093]
B0046,2,1.5161488467923143,87.72794983493625,4,0.027777777777777776,18,[2.0100e+03 7.0000e+00 2.1000e+01 2.1000e+01 2.0000e+00 5.6984e+01]
B0046,3,1.503121190703977,86.9741389131376,4,0.041666666666666664,17,[2.010e+03 7.000e+00 2.200e+01 1.000e+00 4.000e+01 6.218e+00]
B0046,4,1.48586566102824,85.97569324932893,4,0.05555555555555555,16,[2010.       7.      22.       6.      16.      21.781]
B0046,5,1.4694562316392716,85.02620494460146,4,0.06944444444444445,15,[2010.       7.      22.      10.      51.      48.203]
B0046,6,1.458955459264481,84.41860547699463,4,0.08333333333333333,14,[2010.       7.      22.      15.      26.      29.359]
B0046,7,1.4556853555098297,84.22938955749567,4,0.09722222222222222,13,[2010.       7.      23.       9.      59.       8.718]
B0046,8,1.456232262380321,84.26103487952349,4,0.1111111111111111,12,[2010.       7.      23.      15.      44.      51.671]
B0046,9,1.4440592236675138,83.55667413565902,4,0.125,11,[2010.       7.      23.      20.      19.       2.359]
B0046,10,1.428294264765868,82.64447641404387,4,0.1388888888888889,10,[2010.       7.      24.       0.      52.      14.625]
B0046,11,1.4199848948034668,82.1636766609301,4,0.1527777777777778,9,[2010.       7.      24.       5.      24.      46.453]
B0046,12,1.4043226018516568,81.2574194334267,4,0.16666666666666666,8,[2010    7   24    9   56   39]
B0046,13,1.4234351301615986,82.36331542005146,4,0.18055555555555555,7,[2010.       7.      27.      16.      12.       5.718]
B0046,14,1.4339948857967295,82.97432779828061,4,0.19444444444444445,6,[2010.       7.      27.      21.      56.      24.312]
B0046,15,1.4185177047756572,82.0787815838865,4,0.20833333333333334,5,[2.0100e+03 7.0000e+00 2.8000e+01 2.0000e+00 2.9000e+01 3.7343e+01]
B0046,16,1.4056313337829422,81.33314575110198,4,0.2222222222222222,4,[2.0100e+03 7.0000e+00 2.8000e+01 7.0000e+00 1.0000e+00 5.7687e+01]
B0046,17,1.3890214025155618,80.37205593457811,4,0.2361111111111111,3,[2.010e+03 7.000e+00 2.800e+01 1.100e+01 3.300e+01 1.828e+00]
B0046,18,1.3723339082737365,79.40647814133249,4,0.25,2,[2010.       7.      28.      16.       3.      39.015]
B0046,19,1.3615778905990563,78.78410957838801,4,0.2638888888888889,1,[2010.     7.    28.    21.    45.    15.5]
B0046,20,0.0,0.0,4,0.2777777777777778,0,[2.0100e+03 7.0000e+00 2.9000e+01 2.0000e+00 1.4000e+01 2.9703e+01]
B0046,21,1.4100282016237429,81.58755889937873,4,0.2916666666666667,0,[2010.       7.      29.       5.      57.      18.515]
B0046,22,1.3395671374926488,77.51051546628393,4,0.3055555555555556,0,[2010.       7.      29.      10.      29.      29.765]
B0046,23,1.3291515487117478,76.90784492242184,4,0.3194444444444444,0,[2010.       7.      29.      14.      57.      39.921]
B0046,24,1.3181687033905718,76.27235157662044,4,0.3333333333333333,0,[2010.       7.      29.      20.      36.      49.093]
B0046,25,1.312423708466101,75.93993261419321,4,0.3472222222222222,0,[2.0100e+03 7.0000e+00 3.0000e+01 1.0000e+00 3.0000e+00 4.8203e+01]
B0046,26,1.2993237532162487,75.1819382923096,4,0.3611111111111111,0,[2010.       7.      30.       5.      30.      13.453]
B0046,27,1.2877483042174591,74.51215549939245,4,0.375,0,[2010.       7.      30.       9.      56.       7.796]
B0046,28,1.2865282739749122,74.4415616707313,4,0.3888888888888889,0,[2010.       7.      30.      14.      21.       3.875]
B0046,29,1.2719636386987183,73.59881750641172,4,0.4027777777777778,0,[2010.       7.      30.      19.      57.      28.859]
B0046,30,1.2714495345417192,73.56907022678904,4,0.4166666666666667,0,[2010.       7.      31.       0.      21.      41.812]
B0046,31,1.2615423884659074,72.99581937758316,4,0.4305555555555556,0,[2010.       7.      31.       4.      45.      24.171]
B0046,32,1.2421201619204132,71.8720035202742,4,0.4444444444444444,0,[2010.       7.      31.       9.       8.      38.406]
B0046,33,1.2402537441669796,71.76400818499386,4,0.4583333333333333,0,[2010.       7.      31.      13.      31.       7.296]
B0046,34,1.2851130012242886,74.35967064985157,4,0.4722222222222222,0,[2010.       8.       3.      15.      52.      53.046]
B0046,35,1.3043327841699193,75.47177264277919,4,0.4861111111111111,0,[2010.       8.       3.      21.      29.      43.953]
B0046,36,1.2778639041619957,73.94022078859626,4,0.5,0,[2.0100e+03 8.0000e+00 4.0000e+00 1.0000e+00 5.6000e+01 1.2734e+01]
B0046,37,1.272346459165154,73.62096840191668,4,0.5138888888888888,0,[2010.       8.       4.       6.      20.      57.078]
B0046,38,1.2477883952768762,72.19998087724714,4,0.5277777777777778,0,[2010.      8.      4.     10.     44.     49.39]
B0046,39,1.2352499196655526,71.47447509213643,4,0.5416666666666666,0,[2010.       8.       4.      15.       7.      58.828]
B0046,40,1.229251291851949,71.12738033226265,4,0.5555555555555556,0,[2010.     8.     4.    20.    41.    59.5]
B0046,41,1.223890910501634,70.81721601878415,4,0.5694444444444444,0,[2.010e+03 8.000e+00 5.000e+00 1.000e+00 4.000e+00 3.312e+00]
B0046,42,1.205423323571373,69.74863786221466,4,0.5833333333333334,0,[2010.       8.       5.       5.      25.       7.906]
B0046,43,1.1957824090008151,69.19079179611226,4,0.5972222222222222,0,[2010.      8.      5.      9.     45.     36.39]
B0046,44,1.190072949669846,68.8604290069761,4,0.6111111111111112,0,[2010.       8.       5.      14.       5.      44.828]
B0046,45,1.179201763233652,68.2313965077341,4,0.625,0,[2010.       8.       5.      19.      37.       8.125]
B0046,46,1.169504032514554,67.67026292521172,4,0.6388888888888888,0,[2010.       8.       5.      23.      56.      22.437]
B0046,47,1.16772376849918,67.56725264850695,4,0.6527777777777778,0,[2010.       8.       6.       4.      15.       3.234]
B0046,48,1.1579256145829042,67.00030834283368,4,0.6666666666666666,0,[2010.      8.      6.      8.     33.     24.75]
B0046,49,1.1499812813376982,66.54063047553063,4,0.6805555555555556,0,[2010    8    6   12   51   21]
B0046,50,1.150285902223034,66.5582565587506,4,0.6944444444444444,0,[2010.       8.       6.      18.      20.      37.375]
B0046,51,1.1349452274085248,65.6706089155732,4,0.7083333333333334,0,[2010.       8.       6.      22.      37.      51.968]
B0046,52,1.1380960963513609,65.85292562750975,4,0.7222222222222222,0,[2.0100e+03 8.0000e+00 7.0000e+00 2.0000e+00 5.4000e+01 4.6296e+01]
B0046,53,1.123711172150547,65.0205799700644,4,0.7361111111111112,0,[2010.       8.       7.       7.      11.       8.671]
B0046,54,0.0,0.0,4,0.75,0,[2010.       8.       7.      11.      26.      50.984]
B0046,55,1.214119211354098,70.25180244845376,4,0.7638888888888888,0,[2010.       8.      10.      15.      39.      28.921]
B0046,56,1.211944797522819,70.12598573335063,4,0.7777777777777778,0,[2010.      8.     10.     21.     13.     49.64]
B0046,57,1.1971248679331925,69.26846963765415,4,0.7916666666666666,0,[2.010e+03 8.000e+00 1.100e+01 1.000e+00 3.500e+01 2.781e+00]
B0046,58,1.1822892151870987,68.41004376302357,4,0.8055555555555556,0,[2010.       8.      11.       5.      54.      59.281]
B0046,59,1.1645336676778395,67.38266588750717,4,0.8194444444444444,0,[2010.       8.      11.      10.      14.       4.421]
B0046,60,1.1535559567518647,66.74746962992741,4,0.8333333333333334,0,[2010.       8.      11.      14.      32.      46.656]
B0046,61,1.1601987101282063,67.13183501476311,4,0.8472222222222222,0,[2010.       8.      12.      12.      34.      22.109]
B0046,62,1.1711716308206082,67.76675409812515,4,0.8611111111111112,0,[2010.       8.      12.      18.       4.      47.218]
B0046,63,1.1563410270783216,66.90862037076866,4,0.875,0,[2010.       8.      12.      22.      24.      12.484]
B0046,64,1.141082456193516,66.0257234546993,4,0.8888888888888888,0,[2.0100e+03 8.0000e+00 1.3000e+01 2.0000e+00 4.2000e+01 3.2031e+01]
B0046,65,1.1352383596118123,65.68757023654074,4,0.9027777777777778,0,[2010.       8.      13.       6.      59.      39.343]
B0046,66,0.0,0.0,4,0.9166666666666666,0,[2010.       8.      13.      11.      16.      29.328]
B0046,67,1.2530847858282803,72.50644253210565,4,0.9305555555555556,0,[2010.       8.      16.      10.      57.       7.937]
B0046,68,1.2050453590356518,69.72676794231909,4,0.9444444444444444,0,[2010.       8.      16.      16.      33.      48.968]
B0046,69,1.19119860196273,68.92556190477215,4,0.9583333333333334,0,[2010.       8.      16.      20.      54.      56.609]
B0046,70,1.17463817374538,67.96733645153222,4,0.9722222222222222,0,[2.0100e+03 8.0000e+00 1.7000e+01 1.0000e+00 1.4000e+01 4.2109e+01]
B0046,71,1.1555432048235512,66.86245649253746,4,0.9861111111111112,0,[2010.       8.      17.       5.      33.      53.718]
B0046,72,1.1538041170229467,66.76182876878015,4,1.0,0,[2010.       8.      17.       9.      52.       5.375]
B0047,1,1.6743047446975208,100.0,4,0.013888888888888888,19,[2010.       7.      21.      15.       0.      35.093]
B0047,2,1.5243662105099025,91.04472858585216,4,0.027777777777777776,18,[2.0100e+03 7.0000e+00 2.1000e+01 2.1000e+01 2.0000e+00 5.6984e+01]
B0047,3,1.5080762969973425,90.07179259172385,4,0.041666666666666664,17,[2.010e+03 7.000e+00 2.200e+01 1.000e+00 4.000e+01 6.218e+00]
B0047,4,1.4835577960067696,88.60739364832826,4,0.05555555555555555,16,[2010.       7.      22.       6.      16.      21.781]
B0047,5,1.4671391666146525,87.62676993307483,4,0.06944444444444445,15,[2010.       7.      22.      10.      51.      48.203]
B0047,6,1.448858156982267,86.53491316743637,4,0.08333333333333333,14,[2010.       7.      22.      15.      26.      29.359]
B0047,7,1.4458534180949325,86.35545128053374,4,0.09722222222222222,13,[2010.       7.      23.       9.      59.       8.718]
B0047,8,1.431118266178283,85.47537541839961,4,0.1111111111111111,12,[2010.       7.      23.      15.      44.      51.671]
B0047,9,1.419274551657853,84.76799436617847,4,0.125,11,[2010.       7.      23.      20.      19.       2.359]
B0047,10,1.3999974221808271,83.61664306420813,4,0.1388888888888889,10,[2010.       7.      24.       0.      52.      14.625]
B0047,11,1.3885156686114437,82.93088059439815,4,0.1527777777777778,9,[2010.       7.      24.       5.      24.      46.453]
B0047,12,1.3652234669528964,81.53972395267488,4,0.16666666666666666,8,[2010    7   24    9   56   39]
B0047,13,1.4060442272970963,83.97779626140351,4,0.18055555555555555,7,[2010.       7.      27.      16.      12.       5.718]
B0047,14,1.405754161352578,83.96047170054104,4,0.19444444444444445,6,[2010.       7.      27.      21.      56.      24.312]
B0047,15,1.3867662881727878,82.82639660220997,4,0.20833333333333334,5,[2.0100e+03 7.0000e+00 2.8000e+01 2.0000e+00 2.9000e+01 3.7343e+01]
B0047,16,1.3705053061420225,81.85518857796808,4,0.2222222222222222,4,[2.0100e+03 7.0000e+00 2.8000e+01 7.0000e+00 1.0000e+00 5.7687e+01]
B0047,17,1.34974311148236,80.61513985174807,4,0.2361111111111111,3,[2.010e+03 7.000e+00 2.800e+01 1.100e+01 3.300e+01 1.828e+00]
B0047,18,1.3251533367939785,79.14648399526456,4,0.25,2,[2010.       7.      28.      16.       3.      39.015]
B0047,19,1.3111943869635805,78.31276779905801,4,0.2638888888888889,1,[2010.     7.    28.    21.    45.    15.5]
B0047,20,0.0,0.0,4,0.2777777777777778,0,[2.0100e+03 7.0000e+00 2.9000e+01 2.0000e+00 1.4000e+01 2.9703e+01]
B0047,21,1.3394234405932892,79.99878426165894,4,0.2916666666666667,0,[2010.       7.      29.       5.      57.      18.515]
B0047,22,1.2849157142560723,76.74324034052742,4,0.3055555555555556,0,[2010.       7.      29.      10.      29.      29.765]
B0047,23,1.281719159327807,76.55232199436679,4,0.3194444444444444,0,[2010.       7.      29.      14.      57.      39.921]
B0047,24,1.2600051642942829,75.25542576909527,4,0.3333333333333333,0,[2010.       7.      29.      20.      36.      49.093]
B0047,25,1.266070385993126,75.61767892032425,4,0.3472222222222222,0,[2.0100e+03 7.0000e+00 3.0000e+01 1.0000e+00 3.0000e+00 4.8203e+01]
B0047,26,1.2413590294280803,74.14176143019554,4,0.3611111111111111,0,[2010.       7.      30.       5.      30.      13.453]
B0047,27,1.2298873703485311,73.4566018667481,4,0.375,0,[2010.       7.      30.       9.      56.       7.796]
B0047,28,1.228088614506696,73.34916886522723,4,0.3888888888888889,0,[2010.       7.      30.      14.      21.       3.875]
B0047,29,1.2139857189070042,72.50685532318207,4,0.4027777777777778,0,[2010.       7.      30.      19.      57.      28.859]
B0047,30,1.2173435064564189,72.70740349459761,4,0.4166666666666667,0,[2010.       7.      31.       0.      21.      41.812]
B0047,31,1.2073445944515917,72.11020564059322,4,0.4305555555555556,0,[2010.       7.      31.       4.      45.      24.171]
B0047,32,1.18804049227045,70.95724335924766,4,0.4444444444444444,0,[2010.       7.      31.       9.       8.      38.406]
B0047,33,1.186304749886542,70.85357391738499,4,0.4583333333333333,0,[2010.       7.      31.      13.      31.       7.296]
B0047,34,1.2613935471028506,75.33834871445302,4,0.4722222222222222,0,[2010.       8.       3.      15.      52.      53.046]
B0047,35,1.2648246158850651,75.5432737015607,4,0.4861111111111111,0,[2010.       8.       3.      21.      29.      43.953]
B0047,36,1.24664945489822,74.45773888214354,4,0.5,0,[2.0100e+03 8.0000e+00 4.0000e+00 1.0000e+00 5.6000e+01 1.2734e+01]
B0047,37,1.2333924152795082,73.66594517429576,4,0.5138888888888888,0,[2010.       8.       4.       6.      20.      57.078]
B0047,38,1.2129250072037692,72.44350295518608,4,0.5277777777777778,0,[2010.      8.      4.     10.     44.     49.39]
B0047,39,1.1999106597943647,71.66620435105678,4,0.5416666666666666,0,[2010.       8.       4.      15.       7.      58.828]
B0047,40,1.1902559038393383,71.08956165888245,4,0.5555555555555556,0,[2010.     8.     4.    20.    41.    59.5]
B0047,41,1.1892563795455853,71.02986378745739,4,0.5694444444444444,0,[2.010e+03 8.000e+00 5.000e+00 1.000e+00 4.000e+00 3.312e+00]
B0047,42,1.167069685125939,69.70473498459693,4,0.5833333333333334,0,[2010.       8.       5.       5.      25.       7.906]
B0047,43,1.1615348403090369,69.374159273429,4,0.5972222222222222,0,[2010.      8.      5.      9.     45.     36.39]
B0047,44,1.1555563844349988,69.01708832245835,4,0.6111111111111112,0,[2010.       8.       5.      14.       5.      44.828]
B0047,45,1.1488524666097713,68.6166882252563,4,0.625,0,[2010.       8.       5.      19.      37.       8.125]
B0047,46,1.143572986788779,68.30136451625336,4,0.6388888888888888,0,[2010.       8.       5.      23.      56.      22.437]
B0047,47,1.1418015379428537,68.19556246011422,4,0.6527777777777778,0,[2010.       8.       6.       4.      15.       3.234]
B0047,48,1.136058647502255,67.85256095702546,4,0.6666666666666666,0,[2010.      8.      6.      8.     33.     24.75]
B0047,49,1.1236364680969286,67.11063034704141,4,0.6805555555555556,0,[2010    8    6   12   51   21]
B0047,50,1.1320498900328944,67.61313277156185,4,0.6944444444444444,0,[2010.       8.       6.      18.      20.      37.375]
B0047,51,1.117010176215815,66.71486655899155,4,0.7083333333333334,0,[2010.       8.       6.      22.      37.      51.968]
B0047,52,1.120043039721982,66.89600822485447,4,0.7222222222222222,0,[2.0100e+03 8.0000e+00 7.0000e+00 2.0000e+00 5.4000e+01 4.6296e+01]
B0047,53,1.1059773445917065,66.05591652859539,4,0.7361111111111112,0,[2010.       8.       7.       7.      11.       8.671]
B0047,54,0.0,0.0,4,0.75,0,[2010.       8.       7.      11.      26.      50.984]
B0047,55,1.1907902374762016,71.12147542121009,4,0.7638888888888888,0,[2010.       8.      10.      15.      39.      28.921]
B0047,56,1.2012387088454022,71.74552378530214,4,0.7777777777777778,0,[2010.      8.     10.     21.     13.     49.64]
B0047,57,1.1906909549024802,71.11554564205633,4,0.7916666666666666,0,[2.010e+03 8.000e+00 1.100e+01 1.000e+00 3.500e+01 2.781e+00]
B0047,58,1.1764375730308343,70.26424411425586,4,0.8055555555555556,0,[2010.       8.      11.       5.      54.      59.281]
B0047,59,1.1628110372792353,69.45038177558939,4,0.8194444444444444,0,[2010.       8.      11.      10.      14.       4.421]
B0047,60,1.1516152840582583,68.78170104369552,4,0.8333333333333334,0,[2010.       8.      11.      14.      32.      46.656]
B0047,61,1.1583673498348623,69.18497683909584,4,0.8472222222222222,0,[2010.       8.      12.      12.      34.      22.109]
B0047,62,1.1692285288386206,69.83367469640976,4,0.8611111111111112,0,[2010.       8.      12.      18.       4.      47.218]
B0047,63,1.1588148476218465,69.2117042188277,4,0.875,0,[2010.       8.      12.      22.      24.      12.484]
B0047,64,1.1439588147705455,68.3244085877098,4,0.8888888888888888,0,[2.0100e+03 8.0000e+00 1.3000e+01 2.0000e+00 4.2000e+01 3.2031e+01]
B0047,65,1.1383941068159398,67.99204926231046,4,0.9027777777777778,0,[2010.       8.      13.       6.      59.      39.343]
B0047,66,0.0,0.0,4,0.9166666666666666,0,[2010.       8.      13.      11.      16.      29.328]
B0047,67,1.2213102850395667,72.94432443719845,4,0.9305555555555556,0,[2010.       8.      16.      10.      57.       7.937]
B0047,68,1.2031062978889062,71.8570679381464,4,0.9444444444444444,0,[2010.       8.      16.      16.      33.      48.968]
B0047,69,1.1897147112197684,71.05723823500851,4,0.9583333333333334,0,[2010.       8.      16.      20.      54.      56.609]
B0047,70,1.177422568842014,70.32307425341058,4,0.9722222222222222,0,[2.0100e+03 8.0000e+00 1.7000e+01 1.0000e+00 1.4000e+01 4.2109e+01]
B0047,71,1.158443027293818,69.18949677247087,4,0.9861111111111112,0,[2010.       8.      17.       5.      33.      53.718]
B0047,72,1.1567087516841796,69.08591493558421,4,1.0,0,[2010.       8.      17.       9.      52.       5.375]
B0048,1,1.6579955793677608,100.0,4,0.013888888888888888,19,[2010.       7.      21.      15.       0.      35.093]
B0048,2,1.5076933476098775,90.93470250293444,4,0.027777777777777776,18,[2.0100e+03 7.0000e+00 2.1000e+01 2.1000e+01 2.0000e+00 5.6984e+01]
B0048,3,1.4989223343608031,90.40568943690329,4,0.041666666666666664,17,[2.010e+03 7.000e+00 2.200e+01 1.000e+00 4.000e+01 6.218e+00]
B0048,4,1.4782919502497789,89.16139274710805,4,0.05555555555555555,16,[2010.       7.      22.       6.      16.      21.781]
B0048,5,1.461856891390611,88.17013203063286,4,0.06944444444444445,15,[2010.       7.      22.      10.      51.      48.203]
B0048,6,1.4509592706473475,87.51285520318686,4,0.08333333333333333,14,[2010.       7.      22.      15.      26.      29.359]
B0048,7,1.451746997147108,87.56036597520355,4,0.09722222222222222,13,[2010.       7.      23.       9.      59.       8.718]
B0048,8,1.444392866287476,87.1168104584611,4,0.1111111111111111,12,[2010.       7.      23.      15.      44.      51.671]
B0048,9,1.432738323965376,86.41388082058207,4,0.125,11,[2010.       7.      23.      20.      19.       2.359]
B0048,10,1.417241201438662,85.47919060068271,4,0.1388888888888889,10,[2010.       7.      24.       0.      52.      14.625]
B0048,11,1.4057559944573452,84.78647421927377,4,0.1527777777777778,9,[2010.       7.      24.       5.      24.      46.453]
B0048,12,1.3902706269897065,83.85249299155882,4,0.16666666666666666,8,[2010    7   24    9   56   39]
B0048,13,1.4196659307880326,85.62543522156977,4,0.18055555555555555,7,[2010.       7.      27.      16.      12.       5.718]
B0048,14,1.4190563985232272,85.58867201952084,4,0.19444444444444445,6,[2010.       7.      27.      21.      56.      24.312]
B0048,15,1.404272356704056,84.69699040087572,4,0.20833333333333334,5,[2.0100e+03 7.0000e+00 2.8000e+01 2.0000e+00 2.9000e+01 3.7343e+01]
B0048,16,1.3916140490958342,83.93351987262203,4,0.2222222222222222,4,[2.0100e+03 7.0000e+00 2.8000e+01 7.0000e+00 1.0000e+00 5.7687e+01]
B0048,17,1.3749618350294734,82.92916170221541,4,0.2361111111111111,3,[2.010e+03 7.000e+00 2.800e+01 1.100e+01 3.300e+01 1.828e+00]
B0048,18,1.3545155713071164,81.69597001118846,4,0.25,2,[2010.       7.      28.      16.       3.      39.015]
B0048,19,1.3440223073315984,81.06308147360146,4,0.2638888888888889,1,[2010.     7.    28.    21.    45.    15.5]
B0048,20,0.0,0.0,4,0.2777777777777778,0,[2.0100e+03 7.0000e+00 2.9000e+01 2.0000e+00 1.4000e+01 2.9703e+01]
B0048,21,1.372384475860572,82.7737113981872,4,0.2916666666666667,0,[2010.       7.      29.       5.      57.      18.515]
B0048,22,1.318410575267441,79.51834080101634,4,0.3055555555555556,0,[2010.       7.      29.      10.      29.      29.765]
B0048,23,1.3112727599578604,79.08783209529936,4,0.3194444444444444,0,[2010.       7.      29.      14.      57.      39.921]
B0048,24,1.2970172419001187,78.22802774870527,4,0.3333333333333333,0,[2010.       7.      29.      20.      36.      49.093]
B0048,25,1.2995219526631718,78.3790963519164,4,0.3472222222222222,0,[2.0100e+03 7.0000e+00 3.0000e+01 1.0000e+00 3.0000e+00 4.8203e+01]
B0048,26,1.2826154066729571,77.35939845883387,4,0.3611111111111111,0,[2010.       7.      30.       5.      30.      13.453]
B0048,27,1.2752890152407,76.91751601213574,4,0.375,0,[2010.       7.      30.       9.      56.       7.796]
B0048,28,1.2735572473264072,76.81306652289445,4,0.3888888888888889,0,[2010.       7.      30.      14.      21.       3.875]
B0048,29,1.2594114333938535,75.9598788480547,4,0.4027777777777778,0,[2010.       7.      30.      19.      57.      28.859]
B0048,30,1.2631632585495876,76.18616564896189,4,0.4166666666666667,0,[2010.       7.      31.       0.      21.      41.812]
B0048,31,1.2491717310136363,75.3422835717077,4,0.4305555555555556,0,[2010.       7.      31.       4.      45.      24.171]
B0048,32,1.233984347835307,74.4262749063456,4,0.4444444444444444,0,[2010.       7.      31.       9.       8.      38.406]
B0048,33,1.240031992028868,74.79103125846248,4,0.4583333333333333,0,[2010.       7.      31.      13.      31.       7.296]
B0048,34,1.30370857198071,78.63160723732749,4,0.4722222222222222,0,[2010.       8.       3.      15.      52.      53.046]
B0048,35,1.315055963470538,79.31601144389089,4,0.4861111111111111,0,[2010.       8.       3.      21.      29.      43.953]
B0048,36,1.2888738300982074,77.73686770562382,4,0.5,0,[2.0100e+03 8.0000e+00 4.0000e+00 1.0000e+00 5.6000e+01 1.2734e+01]
B0048,37,1.2877137595885193,77.66689945455462,4,0.5138888888888888,0,[2010.       8.       4.       6.      20.      57.078]
B0048,38,1.2673379985315465,76.4379600466014,4,0.5277777777777778,0,[2010.      8.      4.     10.     44.     49.39]
B0048,39,1.250594345697306,75.42808685739632,4,0.5416666666666666,0,[2010.       8.       4.      15.       7.      58.828]
B0048,40,1.2487131179395878,75.31462287829238,4,0.5555555555555556,0,[2010.     8.     4.    20.    41.    59.5]
B0048,41,1.248002326082933,75.27175232631383,4,0.5694444444444444,0,[2.010e+03 8.000e+00 5.000e+00 1.000e+00 4.000e+00 3.312e+00]
B0048,42,1.2300895244599586,74.19136334060828,4,0.5833333333333334,0,[2010.       8.       5.       5.      25.       7.906]
B0048,43,1.2244197121500937,73.84939546201917,4,0.5972222222222222,0,[2010.      8.      5.      9.     45.     36.39]
B0048,44,1.2186682845116386,73.50250505350263,4,0.6111111111111112,0,[2010.       8.       5.      14.       5.      44.828]
B0048,45,1.2037865236033616,72.60492962607286,4,0.625,0,[2010.       8.       5.      19.      37.       8.125]
B0048,46,1.1947642300832226,72.06076089411644,4,0.6388888888888888,0,[2010.       8.       5.      23.      56.      22.437]
B0048,47,1.2052091893871495,72.69073599380337,4,0.6527777777777778,0,[2010.       8.       6.       4.      15.       3.234]
B0048,48,1.1955746593628465,72.10964095686865,4,0.6666666666666666,0,[2010.      8.      6.      8.     33.     24.75]
B0048,49,1.1888497102149884,71.70403377482644,4,0.6805555555555556,0,[2010    8    6   12   51   21]
B0048,50,1.1915605250807406,71.8675332979546,4,0.6944444444444444,0,[2010.       8.       6.      18.      20.      37.375]
B0048,51,1.1726587153109655,70.72749348090134,4,0.7083333333333334,0,[2010.       8.       6.      22.      37.      51.968]
B0048,52,1.1841133872494156,71.41836817809553,4,0.7222222222222222,0,[2.0100e+03 8.0000e+00 7.0000e+00 2.0000e+00 5.4000e+01 4.6296e+01]
B0048,53,1.1576825122317769,69.82422188804827,4,0.7361111111111112,0,[2010.       8.       7.       7.      11.       8.671]
B0048,54,0.0,0.0,4,0.75,0,[2010.       8.       7.      11.      26.      50.984]
B0048,55,1.259355851168598,75.95652647329885,4,0.7638888888888888,0,[2010.       8.      10.      15.      39.      28.921]
B0048,56,1.265883375278026,76.35022620269845,4,0.7777777777777778,0,[2010.      8.     10.     21.     13.     49.64]
B0048,57,1.247259867318412,75.22697182305073,4,0.7916666666666666,0,[2.010e+03 8.000e+00 1.100e+01 1.000e+00 3.500e+01 2.781e+00]
B0048,58,1.232808747256218,74.3553699779056,4,0.8055555555555556,0,[2010.       8.      11.       5.      54.      59.281]
B0048,59,1.2319592783041904,74.3041352844843,4,0.8194444444444444,0,[2010.       8.      11.      10.      14.       4.421]
B0048,60,1.220785786262778,73.63021961302799,4,0.8333333333333334,0,[2010.       8.      11.      14.      32.      46.656]
B0048,61,1.2275441303266783,74.03784096907994,4,0.8472222222222222,0,[2010.       8.      12.      12.      34.      22.109]
B0048,62,1.2386788414290355,74.70941761505647,4,0.8611111111111112,0,[2010.       8.      12.      18.       4.      47.218]
B0048,63,1.2283577755407058,74.08691499702988,4,0.875,0,[2010.       8.      12.      22.      24.      12.484]
B0048,64,1.2095481507570451,72.95243520602625,4,0.8888888888888888,0,[2.0100e+03 8.0000e+00 1.3000e+01 2.0000e+00 4.2000e+01 3.2031e+01]
B0048,65,1.2082142070681048,72.87198000424283,4,0.9027777777777778,0,[2010.       8.      13.       6.      59.      39.343]
B0048,66,0.0,0.0,4,0.9166666666666666,0,[2010.       8.      13.      11.      16.      29.328]
B0048,67,1.2998734542832149,78.40029674740703,4,0.9305555555555556,0,[2010.       8.      16.      10.      57.       7.937]
B0048,68,1.2691220651743778,76.54556387046152,4,0.9444444444444444,0,[2010.       8.      16.      16.      33.      48.968]
B0048,69,1.2555144634690785,75.7248378157824,4,0.9583333333333334,0,[2010.       8.      16.      20.      54.      56.609]
B0048,70,1.2519876926897655,75.512124897654,4,0.9722222222222222,0,[2.0100e+03 8.0000e+00 1.7000e+01 1.0000e+00 1.4000e+01 4.2109e+01]
B0048,71,1.2374982003019996,74.63820867205759,4,0.9861111111111112,0,[2010.       8.      17.       5.      33.      53.718]
B0048,72,1.2231273969878986,73.77145103452632,4,1.0,0,[2010.       8.      17.       9.      52.       5.375]
B0049,1,0.8583727215167135,36.08664511147571,4,0.04,0,[2010.       8.      23.      17.      51.       9.218]
B0049,2,1.4209057149417377,59.73596199721703,4,0.08,0,[2010.       8.      23.      22.      33.      35.875]
B0049,3,1.372852133389263,57.7157527100959,4,0.12,0,[2.0100e+03 8.0000e+00 2.4000e+01 2.0000e+00 2.8000e+01 5.4312e+01]
B0049,4,1.3643742487429145,57.3593359614506,4,0.16,0,[2010.       8.      24.       6.      23.      38.343]
B0049,5,2.378643730568756,100.0,4,0.2,0,[2010.       8.      26.      11.       4.       3.078]
B0049,6,1.0605357965671216,44.58573526324338,4,0.24,0,[2010.       8.      26.      16.      34.      25.921]
B0049,7,1.0069932376659496,42.33476517415107,4,0.28,0,[2010.       8.      26.      21.       7.      22.031]
B0049,8,0.9298775334359536,39.09276204274657,4,0.32,0,[2010.       8.      27.       0.      53.      58.484]
B0049,9,0.9232377029483808,38.81361849542832,4,0.36,0,[2010.       8.      27.       4.      41.      33.375]
B0049,10,0.9053279121173716,38.060677203681074,4,0.4,0,[2010.       8.      27.       8.      27.      50.125]
B0049,11,0.8595848360639872,36.137603333242865,4,0.44,0,[2010.       8.      27.      13.      31.      30.812]
B0049,12,0.8369614294820705,35.18649803356408,4,0.48,0,[2010.       8.      27.      17.       6.      22.093]
B0049,13,0.8456824187653132,35.553135086905286,4,0.52,0,[2010.       8.      27.      20.      53.      17.296]
B0049,14,0.8071214007577537,33.93200042466063,4,0.56,0,[2010.       8.      28.       0.      43.      32.531]
B0049,15,0.7820744360746734,32.879006890522106,4,0.6,0,[2010.      8.     28.      4.     17.     39.25]
B0049,16,0.7953019444133349,33.43510144846999,4,0.64,0,[2.0100e+03 8.0000e+00 2.8000e+01 9.0000e+00 1.0000e+00 3.9734e+01]
B0049,17,0.0,0.0,4,0.68,0,[2010.       8.      28.      12.      33.      15.671]
B0049,18,0.7752051154719997,32.59021540340725,4,0.72,0,[2010    8   28   15   39   50]
B0049,19,0.7711865903845158,32.42127353809802,4,0.76,0,[2010.       8.      28.      19.      14.       4.468]
B0049,20,0.7585098914517947,31.888335428459808,4,0.8,0,[2010.       8.      28.      22.      55.       5.671]
B0049,21,0.7349386490499009,30.897382386649813,4,0.84,0,[2010.       8.      29.       3.      37.      19.781]
B0049,22,0.7366758033690756,30.970413681620556,4,0.88,0,[2010.       8.      29.       7.       9.      53.921]
B0049,23,0.7093946599203638,29.823493564996422,4,0.92,0,[2010.       8.      29.      10.      39.      41.562]
B0049,24,0.7186465009220309,30.212448030214084,4,0.96,0,[2010.       8.      29.      14.      11.      14.562]
B0049,25,0.6913885231046639,29.06650181443299,4,1.0,0,[2010.       8.      29.      17.      40.      44.937]
B0050,1,0.8631448527758341,32.69303417865207,4,0.047619047619047616,0,[2010.       8.      23.      17.      51.       9.218]
B0050,2,1.648789607776492,62.4506243964621,4,0.09523809523809523,0,[2010.       8.      23.      22.      33.      35.875]
B0050,3,1.601636485397804,60.66462215524041,4,0.14285714285714285,0,[2.0100e+03 8.0000e+00 2.4000e+01 2.0000e+00 2.8000e+01 5.4312e+01]
B0050,4,1.5517564797427017,58.77533471470332,4,0.19047619047619047,0,[2010.       8.      24.       6.      23.      38.343]
B0050,5,0.0325584171083419,1.2332037199812558,4,0.23809523809523808,0,[2010.       8.      26.      11.       4.       3.078]
B0050,6,2.6401491157387014,100.0,4,0.2857142857142857,0,[2010.       8.      26.      16.      34.      25.921]
B0050,7,1.359027658891632,51.47541291475055,4,0.3333333333333333,0,[2010.       8.      26.      21.       7.      22.031]
B0050,8,1.3742172692238257,52.050744445899454,4,0.38095238095238093,0,[2010.       8.      27.       0.      53.      58.484]
B0050,9,1.3528030430821978,51.2396453297938,4,0.42857142857142855,0,[2010.       8.      27.       4.      41.      33.375]
B0050,10,1.3607406193458431,51.54029411574028,4,0.47619047619047616,0,[2010.       8.      27.       8.      27.      50.125]
B0050,11,0.5268786924650971,19.95639902777533,4,0.5238095238095238,0,[2010.       8.      27.      13.      31.      30.812]
B0050,12,1.4002714246164416,53.037588531231584,4,0.5714285714285714,0,[2010.       8.      27.      17.       6.      22.093]
B0050,13,1.4289274755270829,54.12298369848991,4,0.6190476190476191,0,[2010.       8.      27.      20.      53.      17.296]
B0050,14,0.076583541740148,2.9007278900881435,4,0.6666666666666666,0,[2010.       8.      28.       0.      43.      32.531]
B0050,15,0.5736933387569048,21.729580929234295,4,0.7142857142857143,0,[2010.      8.     28.      4.     17.     39.25]
B0050,16,0.3014742035427856,11.41883243433523,4,0.7619047619047619,0,[2.0100e+03 8.0000e+00 2.8000e+01 9.0000e+00 1.0000e+00 3.9734e+01]
B0050,17,0.0,0.0,4,0.8095238095238095,0,[2010.       8.      28.      12.      33.      15.671]
B0050,18,0.1795654263232146,6.801336532575851,4,0.8571428571428571,0,[2010    8   28   15   39   50]
B0050,19,1.179168781562907,44.66296144159195,4,0.9047619047619048,0,[2010.       8.      28.      19.      14.       4.468]
B0050,20,0.0961913170505672,3.643404703057968,4,0.9523809523809523,0,[2010.       8.      28.      22.      55.       5.671]
B0050,21,0.2780851770910449,10.532934501058968,4,1.0,0,[2010.       8.      29.       3.      37.      19.781]
B0051,1,0.6434735598158292,27.60654173953881,4,0.04,0,[2010.       8.      23.      17.      51.       9.218]
B0051,2,1.293180461998278,55.48050864922784,4,0.08,0,[2010.       8.      23.      22.      33.      35.875]
B0051,3,1.2288940261191657,52.722468092144425,4,0.12,0,[2.0100e+03 8.0000e+00 2.4000e+01 2.0000e+00 2.8000e+01 5.4312e+01]
B0051,4,1.2039031789717949,51.650301482722604,4,0.16,0,[2010.       8.      24.       6.      23.      38.343]
B0051,5,2.330873478782131,100.0,4,0.2,0,[2010.       8.      26.      11.       4.       3.078]
B0051,6,1.0092808819126011,43.30054338427434,4,0.24,0,[2010.       8.      26.      16.      34.      25.921]
B0051,7,0.9565659895125322,41.03894948482287,4,0.28,0,[2010.       8.      26.      21.       7.      22.031]
B0051,8,0.901956291365404,38.69606392521449,4,0.32,0,[2010.       8.      27.       0.      53.      58.484]
B0051,9,0.8897906666138162,38.17412977210274,4,0.36,0,[2010.       8.      27.       4.      41.      33.375]
B0051,10,0.8830717036634559,37.885870327241285,4,0.4,0,[2010.       8.      27.       8.      27.      50.125]
B0051,11,0.8431270354481757,36.17214933041776,4,0.44,0,[2010.       8.      27.      13.      31.      30.812]
B0051,12,0.826559103449663,35.46134575616416,4,0.48,0,[2010.       8.      27.      17.       6.      22.093]
B0051,13,0.8352681546837963,35.83498470797392,4,0.52,0,[2010.       8.      27.      20.      53.      17.296]
B0051,14,0.8025719464987874,34.432239836463665,4,0.56,0,[2010.       8.      28.       0.      43.      32.531]
B0051,15,0.7839218784699513,33.63210768863981,4,0.6,0,[2010.      8.     28.      4.     17.     39.25]
B0051,16,0.7910763493036002,33.93905145451882,4,0.64,0,[2.0100e+03 8.0000e+00 2.8000e+01 9.0000e+00 1.0000e+00 3.9734e+01]
B0051,17,0.0,0.0,4,0.68,0,[2010.       8.      28.      12.      33.      15.671]
B0051,18,0.7654538269480236,32.839784480621795,4,0.72,0,[2010    8   28   15   39   50]
B0051,19,0.773177347633947,33.171141834688,4,0.76,0,[2010.       8.      28.      19.      14.       4.468]
B0051,20,0.7605293776416485,32.628513926848626,4,0.8,0,[2010.       8.      28.      22.      55.       5.671]
B0051,21,0.7376430319247004,31.646635419701756,4,0.84,0,[2010.       8.      29.       3.      37.      19.781]
B0051,22,0.739179500257907,31.7125535549928,4,0.88,0,[2010.       8.      29.       7.       9.      53.921]
B0051,23,0.7014575429842594,30.094192128813756,4,0.92,0,[2010.       8.      29.      10.      39.      41.562]
B0051,24,0.7047349480541781,30.23480057881127,4,0.96,0,[2010.       8.      29.      14.      11.      14.562]
B0051,25,0.677848893570423,29.081325080098104,4,1.0,0,[2010.       8.      29.      17.      40.      44.937]
B0052,1,0.8606591508342232,60.6820404075842,4,0.25,0,[2010.       8.      23.      17.      51.       9.218]
B0052,2,1.4183095114360322,100.0,4,0.5,0,[2010.       8.      23.      22.      33.      35.875]
B0052,3,1.3707123028693164,96.64408874205999,4,0.75,0,[2.0100e+03 8.0000e+00 2.4000e+01 2.0000e+00 2.8000e+01 5.4312e+01]
B0052,4,1.3515647352626494,95.29406130078026,4,1.0,0,[2010.       8.      24.       6.      23.      38.343]
B0053,1,1.06914178861943,92.64075842474394,4,0.017857142857142856,55,[2010.       9.      17.      15.      17.      48.765]
B0053,2,1.1540727934432229,100.0,4,0.03571428571428571,54,[2010.       9.      17.      20.      11.      19.796]
B0053,3,1.1501525413826983,99.66031154336214,4,0.05357142857142857,53,[2010.      9.     17.     23.     56.     44.39]
B0053,4,1.1305863853936766,97.96491103654964,4,0.07142857142857142,52,[2010.       9.      18.       3.      41.      26.687]
B0053,5,1.121790272357562,97.2027309482494,4,0.08928571428571429,51,[2010.      9.     18.      7.     25.     38.64]
B0053,6,1.1135982401443856,96.49289424993029,4,0.10714285714285714,50,[2010.       9.      18.      11.       9.      35.656]
B0053,7,1.0864654057095062,94.14184372789802,4,0.125,49,[2010.       9.      18.      16.       5.       6.281]
B0053,8,1.0647493568993147,92.26015576734912,4,0.14285714285714285,48,[2010.       9.      18.      19.      49.      23.328]
B0053,9,1.0809288094959644,93.66209962120062,4,0.16071428571428573,47,[2010.       9.      18.      23.      33.      26.125]
B0053,10,1.0852752041846463,94.03871318607935,4,0.17857142857142858,46,[2010.       9.      19.       3.      17.      11.312]
B0053,11,1.0504799933740894,91.02372045700339,4,0.19642857142857142,45,[2010.       9.      19.       7.       0.      37.453]
B0053,12,1.0853550177054303,94.04562899946976,4,0.21428571428571427,44,[2010.       9.      19.      11.      55.      48.484]
B0053,13,1.0508395690790722,91.05487756485878,4,0.23214285714285715,43,[2010.       9.      19.      15.      38.      44.765]
B0053,14,1.060906788333118,91.92719855806146,4,0.25,42,[2010.       9.      19.      19.      22.      11.656]
B0053,15,1.070582461063814,92.7655921832875,4,0.26785714285714285,41,[2010.       9.      19.      23.       5.      17.437]
B0053,16,1.024036665663697,88.73241544915396,4,0.2857142857142857,40,[2.0100e+03 9.0000e+00 2.0000e+01 2.0000e+00 4.8000e+01 1.1609e+01]
B0053,17,1.0670957253433857,92.46346776442606,4,0.30357142857142855,39,[2010.       9.      20.       7.      42.      50.203]
B0053,18,1.0279237850447498,89.06923297081613,4,0.32142857142857145,38,[2010.       9.      20.      11.      25.      31.156]
B0053,19,1.0325426399701008,89.469455118985,4,0.3392857142857143,37,[2010.       9.      20.      15.       8.      29.703]
B0053,20,1.055948784653705,91.49758929012086,4,0.35714285714285715,36,[2010.       9.      20.      18.      51.      21.781]
B0053,21,1.0445313831308718,90.50827548013416,4,0.375,35,[2010.       9.      20.      22.      33.      25.109]
B0053,22,1.035313906812183,89.70958441220004,4,0.39285714285714285,34,[2010.       9.      21.      16.      21.       5.187]
B0053,23,1.076341053101982,93.26457214979264,4,0.4107142857142857,33,[2010.       9.      21.      21.      16.      13.531]
B0053,24,1.0352223140423542,89.70164793103964,4,0.42857142857142855,32,[2010.      9.     22.      0.     59.     48.89]
B0053,25,1.0514287056908256,91.1059260442182,4,0.44642857142857145,31,[2010.       9.      22.       4.      42.      50.281]
B0053,26,1.060332934638968,91.87747433811535,4,0.4642857142857143,30,[2010.       9.      22.       8.      25.      42.578]
B0053,27,1.0236966462748538,88.70295288918591,4,0.48214285714285715,29,[2010    9   22   12    7   52]
B0053,28,1.0465884668750889,90.6865210601274,4,0.5,28,[2.0100e+03 9.0000e+00 2.2000e+01 1.7000e+01 2.0000e+00 1.1859e+01]
B0053,29,1.0031121684812232,86.91931515761648,4,0.5178571428571429,27,[2010.       9.      22.      20.      44.      38.687]
B0053,30,1.0461578935615607,90.6492120345638,4,0.5357142857142857,26,[2010.       9.      23.       0.      27.      12.937]
B0053,31,1.0156263513525603,88.00366468413124,4,0.5535714285714286,25,[2010.       9.      23.       4.       9.       8.968]
B0053,32,1.0250054893129452,88.81636367622876,4,0.5714285714285714,24,[2010.       9.      23.       7.      51.      17.218]
B0053,33,0.9801331625592912,84.92819240933878,4,0.5892857142857143,23,[2010.       9.      23.      12.      44.      52.046]
B0053,34,1.036777776420363,89.83642819679463,4,0.6071428571428571,22,[2010.       9.      23.      16.      27.       6.734]
B0053,35,1.026830062058722,88.97446226031661,4,0.625,21,[2010.       9.      23.      20.       8.      35.109]
B0053,36,1.0150379662805102,87.95268132542172,4,0.6428571428571429,20,[2010.       9.      23.      23.      50.      11.265]
B0053,37,0.9904614739486176,85.82313694386086,4,0.6607142857142857,19,[2010.       9.      24.       3.      31.      49.968]
B0053,38,1.0145765174582757,87.91269694793216,4,0.6785714285714286,18,[2010.       9.      24.       8.      25.      18.515]
B0053,39,0.9811308944080388,85.01464552169149,4,0.6964285714285714,17,[2010.       9.      24.      12.       7.       3.171]
B0053,40,1.0041687429386437,87.01086696123089,4,0.7142857142857143,16,[2010.       9.      24.      15.      48.      49.406]
B0053,41,1.007820487960787,87.32728937781418,4,0.7321428571428571,15,[2010.       9.      24.      19.      30.      22.281]
B0053,42,0.982454133084564,85.12930368572093,4,0.75,14,[2010.       9.      24.      23.      11.      34.281]
B0053,43,1.1096775355538029,96.15316658172273,4,0.7678571428571429,13,[2010.       9.      28.      11.      41.      33.437]
B0053,44,1.1136801589914762,96.4999924891017,4,0.7857142857142857,12,[2010.       9.      28.      16.      37.      32.109]
B0053,45,1.0385009100572404,89.98573711791879,4,0.8035714285714286,11,[2010.       9.      28.      20.      21.      33.968]
B0053,46,1.0768815902180078,93.31140950000979,4,0.8214285714285714,10,[2010.       9.      29.       0.       5.      26.906]
B0053,47,1.0721705505837382,92.90319957936744,4,0.8392857142857143,9,[2010.       9.      29.       3.      48.      21.015]
B0053,48,1.0124588999851116,87.72920614170269,4,0.8571428571428571,8,[2010.       9.      29.       7.      31.      12.015]
B0053,49,1.0279944857549583,89.0753591623883,4,0.875,7,[2010.       9.      29.      12.      25.      41.906]
B0053,50,1.0304147279049998,89.28507228999963,4,0.8928571428571429,6,[2010.       9.      29.      16.       8.      13.421]
B0053,51,1.0556163273995052,91.46878198644916,4,0.9107142857142857,5,[2010.       9.      29.      19.      50.      59.781]
B0053,52,1.0011115418162628,86.74596156360346,4,0.9285714285714286,4,[2.01e+03 9.00e+00 2.90e+01 2.30e+01 3.30e+01 8.90e-01]
B0053,53,1.0466839215498662,90.69479217398778,4,0.9464285714285714,3,[2010.       9.      30.       3.      15.      20.437]
B0053,54,1.047181656018543,90.73792068992755,4,0.9642857142857143,2,[2010.       9.      30.       8.       8.      36.328]
B0053,55,1.0102740078425778,87.53988600912984,4,0.9821428571428571,1,[2010.       9.      30.      11.      50.      17.687]
B0053,56,0.0,0.0,4,1.0,0,[2010.       9.      30.      15.      32.      33.078]
B0054,1,0.7399351039859233,63.429676795928515,4,0.009708737864077669,0,[2010.       9.       3.      12.      10.      27.156]
B0054,2,1.1665440238116096,100.0,4,0.019417475728155338,0,[2010.       9.       3.      17.       8.      51.656]
B0054,3,1.1052521456138635,94.74585811194002,4,0.02912621359223301,0,[2010.       9.       3.      20.      58.      26.281]
B0054,4,1.0960302257185877,93.95532473239865,4,0.038834951456310676,0,[2010.       9.       4.       0.      47.      52.687]
B0054,5,1.0754450685609742,92.19069718835169,4,0.04854368932038835,0,[2010.      9.      4.      4.     35.     34.64]
B0054,6,1.0655493528023796,91.34240380579584,4,0.05825242718446602,0,[2010.       9.       4.       8.      24.      28.609]
B0054,7,1.0568368579972396,90.59554002463544,4,0.06796116504854369,0,[2010.       9.       4.      13.      22.      53.125]
B0054,8,1.0449064445364842,89.57282564633246,4,0.07766990291262135,0,[2010.       9.       4.      17.       7.      33.062]
B0054,9,1.0458363976936966,89.65254429717035,4,0.08737864077669903,0,[2010.       9.       4.      20.      50.      47.984]
B0054,10,1.018187920878015,87.28242570315946,4,0.0970873786407767,0,[2010.       9.       5.       0.      38.      30.421]
B0054,11,1.0226409233672231,87.664151758783,4,0.10679611650485436,0,[2010.       9.       5.       4.      25.      36.515]
B0054,12,1.03890961861509,89.0587579558736,4,0.11650485436893204,0,[2010.       9.       5.       9.      19.      29.796]
B0054,13,1.0173250354350074,87.20845631791602,4,0.1262135922330097,0,[2010.       9.       5.      13.       6.      35.671]
B0054,14,1.033183911994548,88.56793150580671,4,0.13592233009708737,0,[2010.       9.       5.      16.      52.      47.406]
B0054,15,1.0095232119739597,86.53965828699766,4,0.14563106796116504,0,[2010.       9.       5.      20.      39.      20.328]
B0054,16,0.9862483259626476,84.54445831715316,4,0.1553398058252427,0,[2010.       9.       6.       0.      25.      33.421]
B0054,17,1.0080048320000436,86.40949774929632,4,0.1650485436893204,0,[2010.      9.      6.      5.     23.     13.75]
B0054,18,1.0153387761254196,87.03818762088925,4,0.17475728155339806,0,[2010.       9.       6.       9.       8.      34.203]
B0054,19,1.0106786853355956,86.63870927333426,4,0.18446601941747573,0,[2010.       9.       6.      12.      53.      22.312]
B0054,20,1.010409656585336,86.61564724183197,4,0.1941747572815534,0,[2010.       9.       6.      16.      38.      35.375]
B0054,21,0.9801433323963482,84.02111813952732,4,0.20388349514563106,0,[2010.      9.      6.     20.     24.     10.25]
B0054,22,1.1016641723624383,94.43828521471652,4,0.21359223300970873,0,[2.0100e+03 9.0000e+00 9.0000e+00 1.6000e+01 2.0000e+00 5.5593e+01]
B0054,23,1.0826512239001271,92.80843258384985,4,0.22330097087378642,0,[2.01e+03 9.00e+00 9.00e+00 2.10e+01 2.00e+00 1.09e-01]
B0054,24,1.0575008387868343,90.65245864716846,4,0.23300970873786409,0,[2010.       9.      10.       0.      49.      20.093]
B0054,25,1.0385517331615322,89.02807883479008,4,0.24271844660194175,0,[2010.       9.      10.       4.      36.       5.546]
B0054,26,1.0073294901291132,86.35160521741196,4,0.2524271844660194,0,[2010.       9.      10.       8.      21.      56.953]
B0054,27,1.0160400308540347,87.09830148837311,4,0.2621359223300971,0,[2010.       9.      10.      12.       7.      58.578]
B0054,28,1.0158319636440951,87.08046528110681,4,0.27184466019417475,0,[2010.       9.      10.      17.       5.      18.031]
B0054,29,1.0015383803216271,85.85517219051565,4,0.2815533980582524,0,[2010.       9.      10.      20.      50.      57.921]
B0054,30,0.981248861591824,84.11588774726691,4,0.2912621359223301,0,[2010.       9.      11.       0.      36.      11.406]
B0054,31,0.9987416030110134,85.61542321803576,4,0.30097087378640774,0,[2010.       9.      11.       4.      20.      54.625]
B0054,32,0.9584014230949642,82.15732998772283,4,0.3106796116504854,0,[2010.       9.      11.       8.       5.      50.875]
B0054,33,0.9800846133894624,84.01608455265128,4,0.32038834951456313,0,[2.0100e+03 9.0000e+00 1.1000e+01 1.3000e+01 2.0000e+00 1.9546e+01]
B0054,34,0.9720372198962766,83.32623544889508,4,0.3300970873786408,0,[2010.       9.      11.      16.      46.      28.437]
B0054,35,0.9693202807518412,83.09333046725898,4,0.33980582524271846,0,[2010.       9.      11.      20.      31.      10.015]
B0054,36,0.9479786388506264,81.2638545567415,4,0.34951456310679613,0,[2010.       9.      12.       0.      15.      17.875]
B0054,37,0.9638519569071228,82.62456771736714,4,0.3592233009708738,0,[2010.       9.      12.       3.      59.      48.265]
B0054,38,0.9682336695484696,83.00018257217818,4,0.36893203883495146,0,[2010.       9.      12.       8.      55.       6.671]
B0054,39,0.9407020864603765,80.64008449391316,4,0.3786407766990291,0,[2010.       9.      12.      12.      39.      18.218]
B0054,40,0.9618442077038964,82.4524568358021,4,0.3883495145631068,0,[2010.       9.      12.      16.      23.      34.703]
B0054,41,0.9332340144199704,79.99989673520308,4,0.39805825242718446,0,[2010.       9.      12.      20.       7.      24.765]
B0054,42,0.9313454737145216,79.83800479911667,4,0.4077669902912621,0,[2010.       9.      12.      23.      51.      17.062]
B0054,43,0.9976429099116704,85.52123962299636,4,0.4174757281553398,0,[2010.       9.      14.      12.       6.       5.296]
B0054,44,0.9833315262972036,84.29442063268469,4,0.42718446601941745,0,[2010.       9.      14.      17.       3.       4.921]
B0054,45,0.9904370062777442,84.90352580450015,4,0.4368932038834951,0,[2010.       9.      14.      20.      48.       6.968]
B0054,46,0.9499871340436294,81.43602938700984,4,0.44660194174757284,0,[2010.       9.      15.       0.      32.      54.453]
B0054,47,0.9526027840900876,81.66025153320126,4,0.4563106796116505,0,[2010.       9.      15.       4.      17.      21.781]
B0054,48,0.8850175175465715,75.86661964585204,4,0.46601941747572817,0,[2010.       9.      17.      15.      17.      48.765]
B0054,49,0.9937402750241768,85.18669289284023,4,0.47572815533980584,0,[2010.       9.      17.      20.      11.      19.796]
B0054,50,0.995507330519279,85.3381707161399,4,0.4854368932038835,0,[2010.      9.     17.     23.     56.     44.39]
B0054,51,0.975407870968116,83.61517877233915,4,0.49514563106796117,0,[2010.       9.      18.       3.      41.      26.687]
B0054,52,0.965960558373922,82.80532398749139,4,0.5048543689320388,0,[2010.      9.     18.      7.     25.     38.64]
B0054,53,0.9573702621688754,82.06893547323898,4,0.5145631067961165,0,[2010.       9.      18.      11.       9.      35.656]
B0054,54,0.9294756591964932,79.67771813355913,4,0.5242718446601942,0,[2010.       9.      18.      16.       5.       6.281]
B0054,55,0.9323553879823946,79.92457798000471,4,0.5339805825242718,0,[2010.       9.      18.      19.      49.      23.328]
B0054,56,0.954568378404969,81.82874875874607,4,0.5436893203883495,0,[2010.       9.      18.      23.      33.      26.125]
B0054,57,0.9330242104372936,79.98191164605133,4,0.5533980582524272,0,[2010.       9.      19.       3.      17.      11.312]
B0054,58,0.923294184000959,79.14782169850334,4,0.5631067961165048,0,[2010.       9.      19.       7.       0.      37.453]
B0054,59,0.9257799164262976,79.3609068778536,4,0.5728155339805825,0,[2010.       9.      19.      11.      55.      48.484]
B0054,60,0.9162765793280084,78.54624948779319,4,0.5825242718446602,0,[2010.       9.      19.      15.      38.      44.765]
B0054,61,0.9387011679112468,80.46855915853904,4,0.5922330097087378,0,[2010.       9.      19.      19.      22.      11.656]
B0054,62,0.9158990586877171,78.51388717376257,4,0.6019417475728155,0,[2010.       9.      19.      23.       5.      17.437]
B0054,63,0.9202608990433788,78.88779851072263,4,0.6116504854368932,0,[2.0100e+03 9.0000e+00 2.0000e+01 2.0000e+00 4.8000e+01 1.1609e+01]
B0054,64,0.9111253917360888,78.10467270313927,4,0.6213592233009708,0,[2010.       9.      20.       7.      42.      50.203]
B0054,65,0.8980507043695345,76.98386739278043,4,0.6310679611650486,0,[2010.       9.      20.      11.      25.      31.156]
B0054,66,0.9278864624016372,79.54148694447264,4,0.6407766990291263,0,[2010.       9.      20.      15.       8.      29.703]
B0054,67,0.9118415396987224,78.16606326774854,4,0.6504854368932039,0,[2010.       9.      20.      18.      51.      21.781]
B0054,68,0.8936491649329469,76.60655291970929,4,0.6601941747572816,0,[2010.       9.      20.      22.      33.      25.109]
B0054,69,0.9100864492604256,78.0156111285689,4,0.6699029126213593,0,[2010.       9.      21.      16.      21.       5.187]
B0054,70,0.911490473146094,78.13596868533568,4,0.6796116504854369,0,[2010.       9.      21.      21.      16.      13.531]
B0054,71,0.9337172811638196,80.04132395389219,4,0.6893203883495146,0,[2010.      9.     22.      0.     59.     48.89]
B0054,72,0.8981517756068776,76.99253155249323,4,0.6990291262135923,0,[2010.       9.      22.       4.      42.      50.281]
B0054,73,0.9139367135371254,78.34566847729367,4,0.7087378640776699,0,[2010.       9.      22.       8.      25.      42.578]
B0054,74,0.8764848617154279,75.13517225449996,4,0.7184466019417476,0,[2010    9   22   12    7   52]
B0054,75,0.8854917958581964,75.90727634649461,4,0.7281553398058253,0,[2.0100e+03 9.0000e+00 2.2000e+01 1.7000e+01 2.0000e+00 1.1859e+01]
B0054,76,0.8819074622846708,75.60001545446123,4,0.7378640776699029,0,[2010.       9.      22.      20.      44.      38.687]
B0054,77,0.9045809105944796,77.54365820149832,4,0.7475728155339806,0,[2010.       9.      23.       0.      27.      12.937]
B0054,78,0.8734606349455996,74.87592556443961,4,0.7572815533980582,0,[2010.       9.      23.       4.       9.       8.968]
B0054,79,0.903131190986828,77.41938345677717,4,0.7669902912621359,0,[2010.       9.      23.       7.      51.      17.218]
B0054,80,0.8712217754060124,74.68400314283467,4,0.7766990291262136,0,[2010.       9.      23.      12.      44.      52.046]
B0054,81,0.8936499043476617,76.60661630477661,4,0.7864077669902912,0,[2010.       9.      23.      16.      27.       6.734]
B0054,82,0.8835064014687892,75.7370817932775,4,0.7961165048543689,0,[2010.       9.      23.      20.       8.      35.109]
B0054,83,0.8779403705367915,75.25994326970844,4,0.8058252427184466,0,[2010.       9.      23.      23.      50.      11.265]
B0054,84,0.8599389109365094,73.71679879913258,4,0.8155339805825242,0,[2010.       9.      24.       3.      31.      49.968]
B0054,85,0.8697358119609565,74.55662145686959,4,0.8252427184466019,0,[2010.       9.      24.       8.      25.      18.515]
B0054,86,0.8638271814812677,74.05011417046795,4,0.8349514563106796,0,[2010.       9.      24.      12.       7.       3.171]
B0054,87,0.8865694537789144,75.99965673666598,4,0.8446601941747572,0,[2010.       9.      24.      15.      48.      49.406]
B0054,88,0.8690078572313327,74.49421877726516,4,0.8543689320388349,0,[2010.       9.      24.      19.      30.      22.281]
B0054,89,0.8474446088377652,72.6457460275518,4,0.8640776699029126,0,[2010.       9.      24.      23.      11.      34.281]
B0054,90,0.8799727721580702,75.43416743783182,4,0.8737864077669902,0,[2010.       9.      28.      11.      41.      33.437]
B0054,91,0.9110444582768508,78.09773482016307,4,0.883495145631068,0,[2010.       9.      28.      16.      37.      32.109]
B0054,92,0.912172429335506,78.19442821840875,4,0.8932038834951457,0,[2010.       9.      28.      20.      21.      33.968]
B0054,93,0.8872043975884799,76.0540862135314,4,0.9029126213592233,0,[2010.       9.      29.       0.       5.      26.906]
B0054,94,0.8961236767959215,76.81867623545774,4,0.912621359223301,0,[2010.       9.      29.       3.      48.      21.015]
B0054,95,0.8851334001128452,75.87655348151605,4,0.9223300970873787,0,[2010.       9.      29.       7.      31.      12.015]
B0054,96,0.8793386645436118,75.37980964236803,4,0.9320388349514563,0,[2010.       9.      29.      12.      25.      41.906]
B0054,97,0.8461224238450626,72.53240397052573,4,0.941747572815534,0,[2010.       9.      29.      16.       8.      13.421]
B0054,98,0.8705933152969343,74.6301294701528,4,0.9514563106796117,0,[2010.       9.      29.      19.      50.      59.781]
B0054,99,0.8440520909609104,72.35492820948352,4,0.9611650485436893,0,[2.01e+03 9.00e+00 2.90e+01 2.30e+01 3.30e+01 8.90e-01]
B0054,100,0.8536244678403578,73.1755039172198,4,0.970873786407767,0,[2010.       9.      30.       3.      15.      20.437]
B0054,101,0.8524519337958137,73.07499043289258,4,0.9805825242718447,0,[2010.       9.      30.       8.       8.      36.328]
B0054,102,0.8373919001793014,71.78399469598891,4,0.9902912621359223,0,[2010.       9.      30.      11.      50.      17.687]
B0054,103,0.0,0.0,4,1.0,0,[2010.       9.      30.      15.      32.      33.078]
B0055,1,0.7989997927037011,60.535233033349186,4,0.00980392156862745,0,[2010.       9.       3.      12.      10.      27.156]
B0055,2,1.319892156462878,100.0,4,0.0196078431372549,0,[2010.       9.       3.      17.       8.      51.656]
B0055,3,1.2769832801132015,96.74906194876813,4,0.029411764705882353,0,[2010.       9.       3.      20.      58.      26.281]
B0055,4,1.2572591312230863,95.25468615499321,4,0.0392156862745098,0,[2010.       9.       4.       0.      47.      52.687]
B0055,5,1.206763751299412,91.4289660250248,4,0.049019607843137254,0,[2010.      9.      4.      4.     35.     34.64]
B0055,6,1.2077322536103197,91.50234340712117,4,0.058823529411764705,0,[2010.       9.       4.       8.      24.      28.609]
B0055,7,1.2009614290093835,90.98936023892954,4,0.06862745098039216,0,[2010.       9.       4.      13.      22.      53.125]
B0055,8,1.189059086549973,90.0875939543789,4,0.0784313725490196,0,[2010.       9.       4.      17.       7.      33.062]
B0055,9,1.169708782604433,88.62154206136697,4,0.08823529411764706,0,[2010.       9.       4.      20.      50.      47.984]
B0055,10,1.1483647194613424,87.00443546378784,4,0.09803921568627451,0,[2010.       9.       5.       0.      38.      30.421]
B0055,11,1.1527726060972296,87.33839355379573,4,0.10784313725490197,0,[2010.       9.       5.       4.      25.      36.515]
B0055,12,1.1318370471727228,85.75223677409252,4,0.11764705882352941,0,[2010.       9.       5.       9.      19.      29.796]
B0055,13,1.1326525803383347,85.81402463771597,4,0.12745098039215685,0,[2010.       9.       5.      13.       6.      35.671]
B0055,14,1.1160565716574584,84.55664852561365,4,0.13725490196078433,0,[2010.       9.       5.      16.      52.      47.406]
B0055,15,1.0984641825068853,83.22378287712627,4,0.14705882352941177,0,[2010.       9.       5.      20.      39.      20.328]
B0055,16,1.092569410309668,82.77717273793016,4,0.1568627450980392,0,[2010.       9.       6.       0.      25.      33.421]
B0055,17,1.109167680712031,84.03472020656912,4,0.16666666666666666,0,[2010.      9.      6.      5.     23.     13.75]
B0055,18,1.107503502890571,83.90863582813628,4,0.17647058823529413,0,[2010.       9.       6.       9.       8.      34.203]
B0055,19,1.106751675424531,83.85167454820453,4,0.18627450980392157,0,[2010.       9.       6.      12.      53.      22.312]
B0055,20,1.0726694124582823,81.26947396466714,4,0.19607843137254902,0,[2010.       9.       6.      16.      38.      35.375]
B0055,21,1.0776844021506693,81.64942846836132,4,0.20588235294117646,0,[2010.      9.      6.     20.     24.     10.25]
B0055,22,1.1981714734535909,90.7779827000805,4,0.21568627450980393,0,[2.0100e+03 9.0000e+00 9.0000e+00 1.6000e+01 2.0000e+00 5.5593e+01]
B0055,23,1.162538155268093,88.07826833243169,4,0.22549019607843138,0,[2.01e+03 9.00e+00 9.00e+00 2.10e+01 2.00e+00 1.09e-01]
B0055,24,1.1556827465844224,87.55887675561968,4,0.23529411764705882,0,[2010.       9.      10.       0.      49.      20.093]
B0055,25,1.137444098422356,86.17704809084881,4,0.24509803921568626,0,[2010.       9.      10.       4.      36.       5.546]
B0055,26,1.1126375352125493,84.29760944971886,4,0.2549019607843137,0,[2010.       9.      10.       8.      21.      56.953]
B0055,27,1.098656067845981,83.23832083298547,4,0.2647058823529412,0,[2010.       9.      10.      12.       7.      58.578]
B0055,28,1.098530275888464,83.22879036059794,4,0.27450980392156865,0,[2010.       9.      10.      17.       5.      18.031]
B0055,29,1.1029370400968537,83.56266341127194,4,0.28431372549019607,0,[2010.       9.      10.      20.      50.      57.921]
B0055,30,1.0949644922735318,82.95863316650656,4,0.29411764705882354,0,[2010.       9.      11.       0.      36.      11.406]
B0055,31,1.0890679714830998,82.51189054730395,4,0.30392156862745096,0,[2010.       9.      11.       4.      20.      54.625]
B0055,32,1.073323391636053,81.31902188981908,4,0.3137254901960784,0,[2010.       9.      11.       8.       5.      50.875]
B0055,33,1.095373856745309,82.9896481604038,4,0.3235294117647059,0,[2.0100e+03 9.0000e+00 1.1000e+01 1.3000e+01 2.0000e+00 1.9546e+01]
B0055,34,1.0639517466243125,80.60899077357583,4,0.3333333333333333,0,[2010.       9.      11.      16.      46.      28.437]
B0055,35,1.085798072407703,82.26415068011967,4,0.3431372549019608,0,[2010.       9.      11.      20.      31.      10.015]
B0055,36,1.0588748965507555,80.22434949446087,4,0.35294117647058826,0,[2010.       9.      12.       0.      15.      17.875]
B0055,37,1.0813260035191288,81.92532990096157,4,0.3627450980392157,0,[2010.       9.      12.       3.      59.      48.265]
B0055,38,1.061601862588323,80.4309547102139,4,0.37254901960784315,0,[2010.       9.      12.       8.      55.       6.671]
B0055,39,1.0593920670581127,80.26353227957136,4,0.38235294117647056,0,[2010.       9.      12.      12.      39.      18.218]
B0055,40,1.0742513141424723,81.38932479311886,4,0.39215686274509803,0,[2010.       9.      12.      16.      23.      34.703]
B0055,41,1.04056147341315,78.83685559596823,4,0.4019607843137255,0,[2010.       9.      12.      20.       7.      24.765]
B0055,42,1.0575656535324895,80.12515631327139,4,0.4117647058823529,0,[2010.       9.      12.      23.      51.      17.062]
B0055,43,1.0983528970914622,83.21535147499404,4,0.4215686274509804,0,[2010.       9.      14.      12.       6.       5.296]
B0055,44,1.109758993739737,84.07952030821458,4,0.43137254901960786,0,[2010.       9.      14.      17.       3.       4.921]
B0055,45,1.0793315779206871,81.77422470735345,4,0.4411764705882353,0,[2010.       9.      14.      20.      48.       6.968]
B0055,46,1.0716159094756148,81.18965661159712,4,0.45098039215686275,0,[2010.       9.      15.       0.      32.      54.453]
B0055,47,1.0746464211019795,81.419259584198,4,0.46078431372549017,0,[2010.       9.      15.       4.      17.      21.781]
B0055,48,1.08643683065179,82.31254541001934,4,0.47058823529411764,0,[2010.       9.      17.      15.      17.      48.765]
B0055,49,1.1340138347387958,85.9171583970762,4,0.4803921568627451,0,[2010.       9.      17.      20.      11.      19.796]
B0055,50,1.1176964717951587,84.68089353530407,4,0.49019607843137253,0,[2010.      9.     17.     23.     56.     44.39]
B0055,51,1.1046468529644289,83.6922052726432,4,0.5,0,[2010.       9.      18.       3.      41.      26.687]
B0055,52,1.089700148407426,82.55978665163572,4,0.5098039215686274,0,[2010.      9.     18.      7.     25.     38.64]
B0055,53,1.075533547538172,81.48647162359445,4,0.5196078431372549,0,[2010.       9.      18.      11.       9.      35.656]
B0055,54,1.0609866776144368,80.38434598003288,4,0.5294117647058824,0,[2010.       9.      18.      16.       5.       6.281]
B0055,55,1.0518218041615568,79.68998065571422,4,0.5392156862745098,0,[2010.       9.      18.      19.      49.      23.328]
B0055,56,1.0553857898132757,79.96000162934209,4,0.5490196078431373,0,[2010.       9.      18.      23.      33.      26.125]
B0055,57,1.0533102333691788,79.80274965735833,4,0.5588235294117647,0,[2010.       9.      19.       3.      17.      11.312]
B0055,58,1.0315365260084348,78.15309159596833,4,0.5686274509803921,0,[2010.       9.      19.       7.       0.      37.453]
B0055,59,1.0533401053259417,79.80501286928944,4,0.5784313725490197,0,[2010.       9.      19.      11.      55.      48.484]
B0055,60,1.0317876798810788,78.17211995911256,4,0.5882352941176471,0,[2010.       9.      19.      15.      38.      44.765]
B0055,61,1.0354207912157296,78.44737815478115,4,0.5980392156862745,0,[2010.       9.      19.      19.      22.      11.656]
B0055,62,1.0322251791310608,78.2052665497518,4,0.6078431372549019,0,[2010.       9.      19.      23.       5.      17.437]
B0055,63,1.011543397303472,76.6383368785419,4,0.6176470588235294,0,[2.0100e+03 9.0000e+00 2.0000e+01 2.0000e+00 4.8000e+01 1.1609e+01]
B0055,64,1.0413760568150228,78.89857150191433,4,0.6274509803921569,0,[2010.       9.      20.       7.      42.      50.203]
B0055,65,1.02174193386881,77.4110164126539,4,0.6372549019607843,0,[2010.       9.      20.      11.      25.      31.156]
B0055,66,1.0133135547969283,76.77245067600549,4,0.6470588235294118,0,[2010.       9.      20.      15.       8.      29.703]
B0055,67,1.029994255962691,78.03624340968341,4,0.6568627450980392,0,[2010.       9.      20.      18.      51.      21.781]
B0055,68,1.0189349807814327,77.1983510768056,4,0.6666666666666666,0,[2010.       9.      20.      22.      33.      25.109]
B0055,69,1.0290879520854015,77.9675784151343,4,0.6764705882352942,0,[2010.       9.      21.      16.      21.       5.187]
B0055,70,1.0567629241900045,80.0643385155025,4,0.6862745098039216,0,[2010.       9.      21.      21.      16.      13.531]
B0055,71,1.0291668536316647,77.97355629339327,4,0.696078431372549,0,[2010.      9.     22.      0.     59.     48.89]
B0055,72,1.032129844490102,78.1980436383577,4,0.7058823529411765,0,[2010.       9.      22.       4.      42.      50.281]
B0055,73,1.0409230283951276,78.86424836288536,4,0.7156862745098039,0,[2010.       9.      22.       8.      25.      42.578]
B0055,74,1.011161098766987,76.60937250182272,4,0.7254901960784313,0,[2010    9   22   12    7   52]
B0055,75,1.0337876112911784,78.32364229374474,4,0.7352941176470589,0,[2.0100e+03 9.0000e+00 2.2000e+01 1.7000e+01 2.0000e+00 1.1859e+01]
B0055,76,1.003994224020383,76.06638308321672,4,0.7450980392156863,0,[2010.       9.      22.      20.      44.      38.687]
B0055,77,1.0334195479955004,78.29575643247375,4,0.7549019607843137,0,[2010.       9.      23.       0.      27.      12.937]
B0055,78,1.009893656411646,76.5133462962623,4,0.7647058823529411,0,[2010.       9.      23.       4.       9.       8.968]
B0055,79,1.0126262447940628,76.72037748203279,4,0.7745098039215687,0,[2010.       9.      23.       7.      51.      17.218]
B0055,80,0.9948742055727694,75.37541614300443,4,0.7843137254901961,0,[2010.       9.      23.      12.      44.      52.046]
B0055,81,1.0240799556179332,77.58815374449385,4,0.7941176470588235,0,[2010.       9.      23.      16.      27.       6.734]
B0055,82,1.0208889510043029,77.34639121882041,4,0.803921568627451,0,[2010.       9.      23.      20.       8.      35.109]
B0055,83,1.016100815944114,76.98362407631232,4,0.8137254901960784,0,[2010.       9.      23.      23.      50.      11.265]
B0055,84,0.9987875345106276,75.671904679488,4,0.8235294117647058,0,[2010.       9.      24.       3.      31.      49.968]
B0055,85,1.0158868294923784,76.96741165693489,4,0.8333333333333334,0,[2010.       9.      24.       8.      25.      18.515]
B0055,86,0.9963437517762594,75.48675449714906,4,0.8431372549019608,0,[2010.       9.      24.      12.       7.       3.171]
B0055,87,1.0053777381419529,76.17120332287004,4,0.8529411764705882,0,[2010.       9.      24.      15.      48.      49.406]
B0055,88,1.009132291002791,76.4556623858665,4,0.8627450980392157,0,[2010.       9.      24.      19.      30.      22.281]
B0055,89,0.9984581240784204,75.64694730470595,4,0.8725490196078431,0,[2010.       9.      24.      23.      11.      34.281]
B0055,90,1.0892389324114138,82.52484319100873,4,0.8823529411764706,0,[2010.       9.      28.      11.      41.      33.437]
B0055,91,1.0793936031703524,81.77892397383228,4,0.8921568627450981,0,[2010.       9.      28.      16.      37.      32.109]
B0055,92,1.032614295314224,78.23474745705607,4,0.9019607843137255,0,[2010.       9.      28.      20.      21.      33.968]
B0055,93,1.0498572649026638,79.54113976373122,4,0.9117647058823529,0,[2010.       9.      29.       0.       5.      26.906]
B0055,94,1.0453902697248565,79.20270338800654,4,0.9215686274509803,0,[2010.       9.      29.       3.      48.      21.015]
B0055,95,1.0001607736713514,75.77594644941591,4,0.9313725490196079,0,[2010.       9.      29.       7.      31.      12.015]
B0055,96,1.0084094786878155,76.40089940303974,4,0.9411764705882353,0,[2010.       9.      29.      12.      25.      41.906]
B0055,97,1.003655158082039,76.04069417093068,4,0.9509803921568627,0,[2010.       9.      29.      16.       8.      13.421]
B0055,98,1.028526967659532,77.92507612257027,4,0.9607843137254902,0,[2010.       9.      29.      19.      50.      59.781]
B0055,99,0.9816844358987022,74.376109524696,4,0.9705882352941176,0,[2.01e+03 9.00e+00 2.90e+01 2.30e+01 3.30e+01 8.90e-01]
B0055,100,1.0127121434171131,76.72688548517756,4,0.9803921568627451,0,[2010.       9.      30.       3.      15.      20.437]
B0055,101,1.0201379996149256,77.2894963137556,4,0.9901960784313726,0,[2010.       9.      30.       8.       8.      36.328]
B0055,102,0.9907591663373164,75.0636452748086,4,1.0,0,[2010.       9.      30.      11.      50.      17.687]
B0056,1,0.7852781208785192,58.41297845511308,4,0.00980392156862745,0,[2010.       9.       3.      12.      10.      27.156]
B0056,2,1.3443555553017368,100.0,4,0.0196078431372549,0,[2010.       9.       3.      17.       8.      51.656]
B0056,3,1.317502710734752,98.0025489193625,4,0.029411764705882353,0,[2010.       9.       3.      20.      58.      26.281]
B0056,4,1.2973654679476911,96.50463843670443,4,0.0392156862745098,0,[2010.       9.       4.       0.      47.      52.687]
B0056,5,1.263960414854898,94.01980077890968,4,0.049019607843137254,0,[2010.      9.      4.      4.     35.     34.64]
B0056,6,1.2589496187032136,93.64707228964036,4,0.058823529411764705,0,[2010.       9.       4.       8.      24.      28.609]
B0056,7,1.28061976902026,95.25900822664646,4,0.06862745098039216,0,[2010.       9.       4.      13.      22.      53.125]
B0056,8,1.2572786868607095,93.52277988530474,4,0.0784313725490196,0,[2010.       9.       4.      17.       7.      33.062]
B0056,9,1.2226260041048898,90.9451371910666,4,0.08823529411764706,0,[2010.       9.       4.      20.      50.      47.984]
B0056,10,1.2292772249257495,91.43988880604148,4,0.09803921568627451,0,[2010.       9.       5.       0.      38.      30.421]
B0056,11,1.2275780135689456,91.31349282767826,4,0.10784313725490197,0,[2010.       9.       5.       4.      25.      36.515]
B0056,12,1.2133872888296768,90.25791458550081,4,0.11764705882352941,0,[2010.       9.       5.       9.      19.      29.796]
B0056,13,1.230223614493081,91.51028607286565,4,0.12745098039215685,0,[2010.       9.       5.      13.       6.      35.671]
B0056,14,1.1927530108462678,88.72303209834676,4,0.13725490196078433,0,[2010.       9.       5.      16.      52.      47.406]
B0056,15,1.18671066359878,88.27357159486176,4,0.14705882352941177,0,[2010.       9.       5.      20.      39.      20.328]
B0056,16,1.1914875140242167,88.62889801179054,4,0.1568627450980392,0,[2010.       9.       6.       0.      25.      33.421]
B0056,17,1.214178606017816,90.31677678047731,4,0.16666666666666666,0,[2010.      9.      6.      5.     23.     13.75]
B0056,18,1.2094387558721402,89.96420263244161,4,0.17647058823529413,0,[2010.       9.       6.       9.       8.      34.203]
B0056,19,1.207072299940321,89.7881736107675,4,0.18627450980392157,0,[2010.       9.       6.      12.      53.      22.312]
B0056,20,1.162961249391913,86.50696944015601,4,0.19607843137254902,0,[2010.       9.       6.      16.      38.      35.375]
B0056,21,1.17887968705904,87.69106375243443,4,0.20588235294117646,0,[2010.      9.      6.     20.     24.     10.25]
B0056,22,1.2945104146044433,96.29226505586865,4,0.21568627450980393,0,[2.0100e+03 9.0000e+00 9.0000e+00 1.6000e+01 2.0000e+00 5.5593e+01]
B0056,23,1.2602567563003473,93.74430382872083,4,0.22549019607843138,0,[2.01e+03 9.00e+00 9.00e+00 2.10e+01 2.00e+00 1.09e-01]
B0056,24,1.2408721291565108,92.30237672339597,4,0.23529411764705882,0,[2010.       9.      10.       0.      49.      20.093]
B0056,25,1.252197340273113,93.14480349598145,4,0.24509803921568626,0,[2010.       9.      10.       4.      36.       5.546]
B0056,26,1.2279025700477384,91.33763498839703,4,0.2549019607843137,0,[2010.       9.      10.       8.      21.      56.953]
B0056,27,1.1917170308946994,88.64597064332597,4,0.2647058823529412,0,[2010.       9.      10.      12.       7.      58.578]
B0056,28,1.1858570240011006,88.21007354225857,4,0.27450980392156865,0,[2010.       9.      10.      17.       5.      18.031]
B0056,29,1.1840938286611429,88.07891810997697,4,0.28431372549019607,0,[2010.       9.      10.      20.      50.      57.921]
B0056,30,1.2059829135917657,89.70713951645673,4,0.29411764705882354,0,[2010.       9.      11.       0.      36.      11.406]
B0056,31,1.165428493679393,86.69049561206417,4,0.30392156862745096,0,[2010.       9.      11.       4.      20.      54.625]
B0056,32,1.1790060613193858,87.70046411232045,4,0.3137254901960784,0,[2010.       9.      11.       8.       5.      50.875]
B0056,33,1.2013113747183153,89.35964670809757,4,0.3235294117647059,0,[2.0100e+03 9.0000e+00 1.1000e+01 1.3000e+01 2.0000e+00 1.9546e+01]
B0056,34,1.165597803317432,86.70308972359747,4,0.3333333333333333,0,[2010.       9.      11.      16.      46.      28.437]
B0056,35,1.180303335055002,87.79696192724002,4,0.3431372549019608,0,[2010.       9.      11.      20.      31.      10.015]
B0056,36,1.1658134189695046,86.71912831184315,4,0.35294117647058826,0,[2010.       9.      12.       0.      15.      17.875]
B0056,37,1.176396051577376,87.50631832018108,4,0.3627450980392157,0,[2010.       9.      12.       3.      59.      48.265]
B0056,38,1.1458325512940766,85.2328498048939,4,0.37254901960784315,0,[2010.       9.      12.       8.      55.       6.671]
B0056,39,1.167557759980296,86.84888126327867,4,0.38235294117647056,0,[2010.       9.      12.      12.      39.      18.218]
B0056,40,1.145636654711916,85.21827802130673,4,0.39215686274509803,0,[2010.       9.      12.      16.      23.      34.703]
B0056,41,1.1443667002824445,85.1238123552511,4,0.4019607843137255,0,[2010.       9.      12.      20.       7.      24.765]
B0056,42,1.1605177686388095,86.32521092073254,4,0.4117647058823529,0,[2010.       9.      12.      23.      51.      17.062]
B0056,43,1.227201304260248,91.28547127436136,4,0.4215686274509804,0,[2010.       9.      14.      12.       6.       5.296]
B0056,44,1.2454797202045476,92.64511276743326,4,0.43137254901960786,0,[2010.       9.      14.      17.       3.       4.921]
B0056,45,1.1722288849037228,87.19634327993083,4,0.4411764705882353,0,[2010.       9.      14.      20.      48.       6.968]
B0056,46,1.1953514999944956,88.91632093015768,4,0.45098039215686275,0,[2010.       9.      15.       0.      32.      54.453]
B0056,47,1.1919514716203925,88.6634095362415,4,0.46078431372549017,0,[2010.       9.      15.       4.      17.      21.781]
B0056,48,1.2296223665252586,91.46556219268,4,0.47058823529411764,0,[2010.       9.      17.      15.      17.      48.765]
B0056,49,1.2774519419396988,95.02336914529864,4,0.4803921568627451,0,[2010.       9.      17.      20.      11.      19.796]
B0056,50,1.2433879751668584,92.48951813850938,4,0.49019607843137253,0,[2010.      9.     17.     23.     56.     44.39]
B0056,51,1.230802542912592,91.55334971159039,4,0.5,0,[2010.       9.      18.       3.      41.      26.687]
B0056,52,1.2162358534094664,90.46980529912607,4,0.5098039215686274,0,[2010.      9.     18.      7.     25.     38.64]
B0056,53,1.2088335726499548,89.91918602803226,4,0.5196078431372549,0,[2010.       9.      18.      11.       9.      35.656]
B0056,54,1.1946181162240357,88.86176811728255,4,0.5294117647058824,0,[2010.       9.      18.      16.       5.       6.281]
B0056,55,1.1734248134794991,87.28530252669111,4,0.5392156862745098,0,[2010.       9.      18.      19.      49.      23.328]
B0056,56,1.1404596305913128,84.83318465071838,4,0.5490196078431373,0,[2010.       9.      18.      23.      33.      26.125]
B0056,57,1.1821716406845988,87.93593599717478,4,0.5588235294117647,0,[2010.       9.      19.       3.      17.      11.312]
B0056,58,1.1480663382055174,85.39901023043247,4,0.5686274509803921,0,[2010.       9.      19.       7.       0.      37.453]
B0056,59,1.1825381935034152,87.96320205914556,4,0.5784313725490197,0,[2010.       9.      19.      11.      55.      48.484]
B0056,60,1.15520928628466,85.93033901848804,4,0.5882352941176471,0,[2010.       9.      19.      15.      38.      44.765]
B0056,61,1.1216816712671696,83.43638458171219,4,0.5980392156862745,0,[2010.       9.      19.      19.      22.      11.656]
B0056,62,1.162666262561457,86.48502682019266,4,0.6078431372549019,0,[2010.       9.      19.      23.       5.      17.437]
B0056,63,1.124695615744926,83.66057709282804,4,0.6176470588235294,0,[2.0100e+03 9.0000e+00 2.0000e+01 2.0000e+00 4.8000e+01 1.1609e+01]
B0056,64,1.1664177948797931,86.7640848642898,4,0.6274509803921569,0,[2010.       9.      20.       7.      42.      50.203]
B0056,65,1.1346745156379463,84.40285839286555,4,0.6372549019607843,0,[2010.       9.      20.      11.      25.      31.156]
B0056,66,1.1012231317092755,81.91457441198354,4,0.6470588235294118,0,[2010.       9.      20.      15.       8.      29.703]
B0056,67,1.1560733948472832,85.99461580592092,4,0.6568627450980392,0,[2010.       9.      20.      18.      51.      21.781]
B0056,68,1.1385609898764002,84.69195410293473,4,0.6666666666666666,0,[2010.       9.      20.      22.      33.      25.109]
B0056,69,1.1757265448773706,87.45651700851433,4,0.6764705882352942,0,[2010.       9.      21.      16.      21.       5.187]
B0056,70,1.1969385632452556,89.03437476230803,4,0.6862745098039216,0,[2010.       9.      21.      21.      16.      13.531]
B0056,71,1.1267457988726266,83.81308013561424,4,0.696078431372549,0,[2010.      9.     22.      0.     59.     48.89]
B0056,72,1.1601031368559531,86.29436850101544,4,0.7058823529411765,0,[2010.       9.      22.       4.      42.      50.281]
B0056,73,1.1361458729690277,84.51230543053939,4,0.7156862745098039,0,[2010.       9.      22.       8.      25.      42.578]
B0056,74,1.1397253894261876,84.77856806046965,4,0.7254901960784313,0,[2010    9   22   12    7   52]
B0056,75,1.1560010024767575,85.98923089340724,4,0.7352941176470589,0,[2.0100e+03 9.0000e+00 2.2000e+01 1.7000e+01 2.0000e+00 1.1859e+01]
B0056,76,1.126818619026835,83.8184968688528,4,0.7450980392156863,0,[2010.       9.      22.      20.      44.      38.687]
B0056,77,1.116688355680394,83.06495638572018,4,0.7549019607843137,0,[2010.       9.      23.       0.      27.      12.937]
B0056,78,1.1330613197666846,84.28286068356167,4,0.7647058823529411,0,[2010.       9.      23.       4.       9.       8.968]
B0056,79,1.0893839897995972,81.0339188545316,4,0.7745098039215687,0,[2010.       9.      23.       7.      51.      17.218]
B0056,80,1.112083645925937,82.7224346669459,4,0.7843137254901961,0,[2010.       9.      23.      12.      44.      52.046]
B0056,81,1.1279950254648337,83.90600395976779,4,0.7941176470588235,0,[2010.       9.      23.      16.      27.       6.734]
B0056,82,1.1386774565024178,84.70061748261567,4,0.803921568627451,0,[2010.       9.      23.      20.       8.      35.109]
B0056,83,1.1271136962200643,83.84044621045858,4,0.8137254901960784,0,[2010.       9.      23.      23.      50.      11.265]
B0056,84,1.110150886965375,82.57866623061669,4,0.8235294117647058,0,[2010.       9.      24.       3.      31.      49.968]
B0056,85,1.1344632260422465,84.38714159868364,4,0.8333333333333334,0,[2010.       9.      24.       8.      25.      18.515]
B0056,86,1.108458756302863,82.45279695028839,4,0.8431372549019608,0,[2010.       9.      24.      12.       7.       3.171]
B0056,87,1.0768220870214844,80.09950066965689,4,0.8529411764705882,0,[2010.       9.      24.      15.      48.      49.406]
B0056,88,1.128398212919817,83.93599509220246,4,0.8627450980392157,0,[2010.       9.      24.      19.      30.      22.281]
B0056,89,1.1066350346531368,82.31713926341129,4,0.8725490196078431,0,[2010.       9.      24.      23.      11.      34.281]
B0056,90,1.271609072217319,94.58874679414033,4,0.8823529411764706,0,[2010.       9.      28.      11.      41.      33.437]
B0056,91,1.2415767175377967,92.35478758884797,4,0.8921568627450981,0,[2010.       9.      28.      16.      37.      32.109]
B0056,92,1.174652904422814,87.37665417384068,4,0.9019607843137255,0,[2010.       9.      28.      20.      21.      33.968]
B0056,93,1.1989389885187762,89.18317656296499,4,0.9117647058823529,0,[2010.       9.      29.       0.       5.      26.906]
B0056,94,1.1461398965188565,85.2557117050488,4,0.9215686274509803,0,[2010.       9.      29.       3.      48.      21.015]
B0056,95,1.129224378671885,83.99744950051058,4,0.9313725490196079,0,[2010.       9.      29.       7.      31.      12.015]
B0056,96,1.1103432888019913,82.59297805726536,4,0.9411764705882353,0,[2010.       9.      29.      12.      25.      41.906]
B0056,97,1.153909472897475,85.8336522913749,4,0.9509803921568627,0,[2010.       9.      29.      16.       8.      13.421]
B0056,98,1.1302191455340138,84.07144531643932,4,0.9607843137254902,0,[2010.       9.      29.      19.      50.      59.781]
B0056,99,1.1258719408034097,83.74807813032103,4,0.9705882352941176,0,[2.01e+03 9.00e+00 2.90e+01 2.30e+01 3.30e+01 8.90e-01]
B0056,100,1.1430108283920968,85.02295571170912,4,0.9803921568627451,0,[2010.       9.      30.       3.      15.      20.437]
B0056,101,1.1372731775310292,84.59616007431691,4,0.9901960784313726,0,[2010.       9.      30.       8.       8.      36.328]
B0056,102,1.1290590137779504,83.98514881909617,4,1.0,0,[2010.       9.      30.      11.      50.      17.687]
