battery_id,cycle_index,local_cycle_index,session_file,session_start,discharge_capacity_Ah,SoH_pct,avg_discharge_current_A
CS2_35,1,1,CS2_35_8_17_10.xlsx,2010-08-16 13:44:57,1.138460077286744,100.0,1.0997143199737058
CS2_35,2,1,CS2_35_8_18_10.xlsx,2010-08-17 14:30:57,1.137727858609917,99.935683412055,1.0996667337417603
CS2_35,3,1,CS2_35_8_19_10.xlsx,2010-08-18 10:59:23,1.137481037299766,99.91400313401316,1.099620499610901
CS2_35,4,1,CS2_35_8_30_10.xlsx,2010-08-19 14:21:41,1.137092410671013,99.87986696740474,1.0996363925933839
CS2_35,5,2,CS2_35_8_30_10.xlsx,2010-08-19 14:21:41,1.1313490455513728,99.37538154589323,1.0997112201106163
CS2_35,6,3,CS2_35_8_30_10.xlsx,2010-08-19 14:21:41,1.1293656761380313,99.20116644139274,1.0997490882873535
CS2_35,7,4,CS2_35_8_30_10.xlsx,2010-08-19 14:21:41,1.123221100998645,98.66143955399671,1.0997549141606977
CS2_35,8,5,CS2_35_8_30_10.xlsx,2010-08-19 14:21:41,1.111035391722063,97.59107182484243,1.0996351017326604
CS2_35,9,6,CS2_35_8_30_10.xlsx,2010-08-19 14:21:41,1.106058072607449,97.15387431445838,1.0996143769045346
CS2_35,10,7,CS2_35_8_30_10.xlsx,2010-08-19 14:21:41,1.1026273850359738,96.85252974911785,1.0996147561664424
CS2_35,11,8,CS2_35_8_30_10.xlsx,2010-08-19 14:21:41,1.0981426816273636,96.45860259277009,1.0996266967994122
CS2_35,12,9,CS2_35_8_30_10.xlsx,2010-08-19 14:21:41,1.1042953570007974,96.99904098812404,1.0997105993208338
CS2_35,13,10,CS2_35_8_30_10.xlsx,2010-08-19 14:21:41,1.105798600323471,97.13108280080282,1.0997209617348969
CS2_35,14,11,CS2_35_8_30_10.xlsx,2010-08-19 14:21:41,1.105602981532538,97.11390004711336,1.099732804493826
CS2_35,15,12,CS2_35_8_30_10.xlsx,2010-08-19 14:21:41,1.1051740372707801,97.07622246224976,1.099774254150078
CS2_35,16,13,CS2_35_8_30_10.xlsx,2010-08-19 14:21:41,1.1046090719018427,97.02659706209661,1.0997609310462826
CS2_35,17,14,CS2_35_8_30_10.xlsx,2010-08-19 14:21:41,1.1041409319964224,96.98547661222226,1.0998083020819993
CS2_35,18,15,CS2_35_8_30_10.xlsx,2010-08-19 14:21:41,1.1036330935788286,96.9408691263977,1.0998083020819993
CS2_35,19,16,CS2_35_8_30_10.xlsx,2010-08-19 14:21:41,1.1028933034679547,96.87588747920309,1.0998186644960621
CS2_35,20,17,CS2_35_8_30_10.xlsx,2010-08-19 14:21:41,1.1019126464925222,96.78974858026432,1.0998038610474008
CS2_35,21,18,CS2_35_8_30_10.xlsx,2010-08-19 14:21:41,1.1011976633298275,96.72694592455778,1.0998162543478092
CS2_35,22,19,CS2_35_8_30_10.xlsx,2010-08-19 14:21:41,1.1004104501394991,96.65779873125395,1.0998147617686878
CS2_35,23,20,CS2_35_8_30_10.xlsx,2010-08-19 14:21:41,1.0997345953192728,96.59843302895924,1.0998699871961735
CS2_35,24,21,CS2_35_8_30_10.xlsx,2010-08-19 14:21:41,1.099128965152353,96.54523571629078,1.0998550614049611
CS2_35,25,22,CS2_35_8_30_10.xlsx,2010-08-19 14:21:41,1.0984861342685548,96.48877076889181,1.0998267024016577
CS2_35,26,23,CS2_35_8_30_10.xlsx,2010-08-19 14:21:41,1.0976666234363535,96.41678661691746,1.099849092073677
CS2_35,27,24,CS2_35_8_30_10.xlsx,2010-08-19 14:21:41,1.096887128875224,96.3483174121837,1.0998789436561016
CS2_35,28,25,CS2_35_8_30_10.xlsx,2010-08-19 14:21:41,1.0860915626664358,95.4000570011101,1.099729523062706
CS2_35,29,26,CS2_35_8_30_10.xlsx,2010-08-19 14:21:41,1.0785622527089522,94.73869784520295,1.0996382987799764
CS2_35,30,27,CS2_35_8_30_10.xlsx,2010-08-19 14:21:41,1.0748777462037147,94.41505834490367,1.099631237781654
CS2_35,31,28,CS2_35_8_30_10.xlsx,2010-08-19 14:21:41,1.0721584804344317,94.17620361266188,1.099638890411894
CS2_35,32,29,CS2_35_8_30_10.xlsx,2010-08-19 14:21:41,1.0691398006494026,93.91104896690359,1.099600627260693
CS2_35,33,30,CS2_35_8_30_10.xlsx,2010-08-19 14:21:41,1.0793676618171695,94.80944333064295,1.0997081113462688
CS2_35,34,31,CS2_35_8_30_10.xlsx,2010-08-19 14:21:41,1.0817534463242353,95.01900575225652,1.099767300261169
CS2_35,35,32,CS2_35_8_30_10.xlsx,2010-08-19 14:21:41,1.0737092774178976,94.31242244144697,1.099692458823576
CS2_35,36,33,CS2_35_8_30_10.xlsx,2010-08-19 14:21:41,1.0659376432701677,93.6297780252939,1.0996194252601037
CS2_35,37,34,CS2_35_8_30_10.xlsx,2010-08-19 14:21:41,1.063503833872531,93.41599719571599,1.0996086200078328
CS2_35,38,35,CS2_35_8_30_10.xlsx,2010-08-19 14:21:41,1.062146509486368,93.29677260337037,1.099597814755562
CS2_35,39,36,CS2_35_8_30_10.xlsx,2010-08-19 14:21:41,1.0597458767265806,93.08590594166812,1.0995885531107585
CS2_35,40,37,CS2_35_8_30_10.xlsx,2010-08-19 14:21:41,1.0700184071228946,93.98822395889681,1.099698580927768
CS2_35,41,38,CS2_35_8_30_10.xlsx,2010-08-19 14:21:41,1.0723960385292202,94.19707022885054,1.099764393547834
CS2_35,42,39,CS2_35_8_30_10.xlsx,2010-08-19 14:21:41,1.0671283946753434,93.7343711883685,1.0997261303966328
CS2_35,43,40,CS2_35_8_30_10.xlsx,2010-08-19 14:21:41,1.057469037064564,92.88591301196935,1.0996117072227674
CS2_35,44,41,CS2_35_8_30_10.xlsx,2010-08-19 14:21:41,1.0564280574130365,92.79447549278919,1.0995980675878196
CS2_35,45,42,CS2_35_8_30_10.xlsx,2010-08-19 14:21:41,1.0555376826751086,92.7162668005661,1.0995996245022477
CS2_35,46,43,CS2_35_8_30_10.xlsx,2010-08-19 14:21:41,1.0538653044295856,92.56936852289363,1.0995824984435378
CS2_35,47,44,CS2_35_8_30_10.xlsx,2010-08-19 14:21:41,1.0602560418785458,93.13071780307138,1.0996672770915887
CS2_35,48,45,CS2_35_8_30_10.xlsx,2010-08-19 14:21:41,1.0643488507216148,93.49022174394062,1.0997197597454755
CS2_35,49,46,CS2_35_8_30_10.xlsx,2010-08-19 14:21:41,1.0656069575135376,93.60073126614726,1.0997536798654977
CS2_35,50,47,CS2_35_8_30_10.xlsx,2010-08-19 14:21:41,1.0527904025087338,92.47495134109718,1.0995871691868222
CS2_35,51,48,CS2_35_8_30_10.xlsx,2010-08-19 14:21:41,1.0517492977423544,92.38350283208484,1.0996027383311042
CS2_35,52,49,CS2_35_8_30_10.xlsx,2010-08-19 14:21:41,1.0505610335501672,92.2791281407018,1.0995949537589633
CS2_35,53,50,CS2_35_8_30_10.xlsx,2010-08-19 14:21:41,1.0485894467906434,92.10594800036498,1.099576270785825
CS2_35,54,1,CS2_35_9_7_10.xlsx,2010-08-31 13:30:15,1.097343791451988,96.38842971703082,1.0996461003279883
CS2_35,55,2,CS2_35_9_7_10.xlsx,2010-08-31 13:30:15,1.0936053019170182,96.06004845803406,1.0996181517839432
CS2_35,56,3,CS2_35_9_7_10.xlsx,2010-08-31 13:30:15,1.0973967297804519,96.39307971130995,1.0997192367049289
CS2_35,57,4,CS2_35_9_7_10.xlsx,2010-08-31 13:30:15,1.0970198061094467,96.35997150852576,1.0997669992368084
CS2_35,58,5,CS2_35_9_7_10.xlsx,2010-08-31 13:30:15,1.0874381377899436,95.51833740025391,1.0996467471122742
CS2_35,59,6,CS2_35_9_7_10.xlsx,2010-08-31 13:30:15,0.9709384196148267,85.2852409132197,1.0995870527820053
CS2_35,60,7,CS2_35_9_7_10.xlsx,2010-08-31 13:30:15,1.0819754732428102,95.03850814175657,1.099632228122038
CS2_35,61,8,CS2_35_9_7_10.xlsx,2010-08-31 13:30:15,1.07923337313008,94.79764768758365,1.0996291927930688
CS2_35,62,9,CS2_35_9_7_10.xlsx,2010-08-31 13:30:15,1.0706666349374832,94.0451629616358,1.0995241009582908
CS2_35,63,10,CS2_35_9_7_10.xlsx,2010-08-31 13:30:15,1.0727665031450364,94.22961108146427,1.099599096734645
CS2_35,64,11,CS2_35_9_7_10.xlsx,2010-08-31 13:30:15,1.0703884801238654,94.02073041286513,1.0996082798909332
CS2_35,65,12,CS2_35_9_7_10.xlsx,2010-08-31 13:30:15,1.0622875610175662,93.30916228079624,1.0995484193166096
CS2_35,66,13,CS2_35_9_7_10.xlsx,2010-08-31 13:30:15,1.0600101970269957,93.10912329515187,1.0995175471672645
CS2_35,67,14,CS2_35_9_7_10.xlsx,2010-08-31 13:30:15,1.0579683114192964,92.92976824806357,1.0995155511231258
CS2_35,68,15,CS2_35_9_7_10.xlsx,2010-08-31 13:30:15,1.0565131419092513,92.80194914056239,1.099526449524123
CS2_35,69,16,CS2_35_9_7_10.xlsx,2010-08-31 13:30:15,1.0519714359003949,92.40301499263155,1.0995062096365567
CS2_35,70,17,CS2_35_9_7_10.xlsx,2010-08-31 13:30:15,1.0541847528234953,92.59742821512904,1.0995373479251205
CS2_35,71,18,CS2_35_9_7_10.xlsx,2010-08-31 13:30:15,1.0534118373516144,92.52953690411154,1.0995700431281124
CS2_35,72,19,CS2_35_9_7_10.xlsx,2010-08-31 13:30:15,1.0478390186484994,92.04003193030546,1.0995182317236196
CS2_35,73,20,CS2_35_9_7_10.xlsx,2010-08-31 13:30:15,1.045493634804263,91.83401822011669,1.0995025271954744
CS2_35,74,21,CS2_35_9_7_10.xlsx,2010-08-31 13:30:15,1.044527765336582,91.74917822555291,1.0994868226673291
CS2_35,75,22,CS2_35_9_7_10.xlsx,2010-08-31 13:30:15,1.0435065306858284,91.65947506677482,1.09950095674266
CS2_35,76,23,CS2_35_9_7_10.xlsx,2010-08-31 13:30:15,1.0391248004772216,91.27459286527947,1.0994971959214461
CS2_35,77,24,CS2_35_9_7_10.xlsx,2010-08-31 13:30:15,1.0429058766770964,91.60671484964332,1.099555922591168
CS2_35,78,25,CS2_35_9_7_10.xlsx,2010-08-31 13:30:15,1.04250517251333,91.57151781711133,1.0995669157608696
CS2_35,79,26,CS2_35_9_7_10.xlsx,2010-08-31 13:30:15,1.0412270852559473,91.45925325176717,1.0995669157608696
CS2_35,80,27,CS2_35_9_7_10.xlsx,2010-08-31 13:30:15,1.0396424858814086,91.3200652902257,1.0995590634967969
CS2_35,81,28,CS2_35_9_7_10.xlsx,2010-08-31 13:30:15,1.0385324020284656,91.2225577996171,1.0995573966126693
CS2_35,82,29,CS2_35_9_7_10.xlsx,2010-08-31 13:30:15,1.038428649046093,91.21344435027949,1.0995558123839528
CS2_35,83,30,CS2_35_9_7_10.xlsx,2010-08-31 13:30:15,1.0373387194023884,91.11770716410584,1.0995906654157137
CS2_35,84,31,CS2_35_9_7_10.xlsx,2010-08-31 13:30:15,1.0353626713677322,90.94413515450445,1.0995700704424005
CS2_35,85,32,CS2_35_9_7_10.xlsx,2010-08-31 13:30:15,1.0340761801268528,90.83113240047328,1.0995922496444301
CS2_35,86,33,CS2_35_9_7_10.xlsx,2010-08-31 13:30:15,1.0331409739233521,90.74898580419301,1.0995779915859825
CS2_35,87,34,CS2_35_9_7_10.xlsx,2010-08-31 13:30:15,1.0317480514975514,90.62663435300112,1.0995621492988186
CS2_35,88,35,CS2_35_9_7_10.xlsx,2010-08-31 13:30:15,1.0309682870450843,90.5581414415654,1.0995589808413857
CS2_35,89,36,CS2_35_9_7_10.xlsx,2010-08-31 13:30:15,1.0300840861261804,90.4804750449526,1.0995636914683655
CS2_35,90,37,CS2_35_9_7_10.xlsx,2010-08-31 13:30:15,1.0303020861358334,90.49962371902579,1.099600170788012
CS2_35,91,38,CS2_35_9_7_10.xlsx,2010-08-31 13:30:15,1.02852693043193,90.3436976800439,1.0995780757043214
CS2_35,92,39,CS2_35_9_7_10.xlsx,2010-08-31 13:30:15,1.0274077374765582,90.24539006454638,1.099568486213684
CS2_35,93,40,CS2_35_9_7_10.xlsx,2010-08-31 13:30:15,1.0267944920176575,90.19152384023728,1.099568486213684
CS2_35,94,41,CS2_35_9_7_10.xlsx,2010-08-31 13:30:15,1.01721006126796,89.34964708575858,1.0994926978434836
CS2_35,95,42,CS2_35_9_7_10.xlsx,2010-08-31 13:30:15,1.0136597639860412,89.03779624858385,1.0994410972510065
CS2_35,96,43,CS2_35_9_7_10.xlsx,2010-08-31 13:30:15,1.0125892781877255,88.94376696994046,1.0994513389226552
CS2_35,97,44,CS2_35_9_7_10.xlsx,2010-08-31 13:30:15,1.0108909315657968,88.79458768330475,1.0994806257454124
CS2_35,99,1,CS2_35_9_8_10.xlsx,2010-09-07 10:44:17,1.029194039936994,90.40229521177764,1.0995045562761019
CS2_35,100,2,CS2_35_9_8_10.xlsx,2010-09-07 10:44:17,1.027983620044059,90.29597440904736,1.0995093510214207
CS2_35,101,3,CS2_35_9_8_10.xlsx,2010-09-07 10:44:17,1.02551881364551,90.07947086643536,1.0995301282511347
CS2_35,102,4,CS2_35_9_8_10.xlsx,2010-09-07 10:44:17,1.0341007672711937,90.83329208484267,1.0996381922772056
CS2_35,103,5,CS2_35_9_8_10.xlsx,2010-09-07 10:44:17,1.034395454639509,90.85917681933576,1.099642944963355
CS2_35,104,6,CS2_35_9_8_10.xlsx,2010-09-07 10:44:17,1.024270292536725,89.96980333099043,1.0995572984746071
CS2_35,105,7,CS2_35_9_8_10.xlsx,2010-09-07 10:44:17,0.9167549605605103,80.52587691483953,1.0995666801929473
CS2_35,106,1,CS2_35_9_21_10.xlsx,2010-09-14 13:57:43,1.053597278617784,92.54582568488385,1.099551360154974
CS2_35,107,2,CS2_35_9_21_10.xlsx,2010-09-14 13:57:43,1.0529422433057067,92.48828872551692,1.0995560308982586
CS2_35,108,3,CS2_35_9_21_10.xlsx,2010-09-14 13:57:43,1.0601587733240323,93.12217393258754,1.0996595590542524
CS2_35,109,4,CS2_35_9_21_10.xlsx,2010-09-14 13:57:43,1.0612087680967561,93.21440332153777,1.0997058672782702
CS2_35,110,5,CS2_35_9_21_10.xlsx,2010-09-14 13:57:43,1.0471441753802821,91.97899832165463,1.0995386476102083
CS2_35,111,6,CS2_35_9_21_10.xlsx,2010-09-14 13:57:43,1.046607617174633,91.93186814850635,1.0995386476102083
CS2_35,112,7,CS2_35_9_21_10.xlsx,2010-09-14 13:57:43,1.0474560591462803,92.00639355247743,1.0995402180630227
CS2_35,113,8,CS2_35_9_21_10.xlsx,2010-09-14 13:57:43,1.0449700725551585,91.78802958515706,1.0995731975721277
CS2_35,114,9,CS2_35_9_21_10.xlsx,2010-09-14 13:57:43,1.0431277170603863,91.62620085426622,1.099522943082063
CS2_35,115,10,CS2_35_9_21_10.xlsx,2010-09-14 13:57:43,1.0521012646775691,92.41441888634418,1.0996556734216625
CS2_35,116,11,CS2_35_9_21_10.xlsx,2010-09-14 13:57:43,1.0525707583841761,92.45565825134025,1.099677470223657
CS2_35,117,12,CS2_35_9_21_10.xlsx,2010-09-14 13:57:43,1.0418410073151598,91.51317890726101,1.0995669157608696
CS2_35,118,13,CS2_35_9_21_10.xlsx,2010-09-14 13:57:43,1.0376707696214478,91.1468737748359,1.0995193751234758
CS2_35,119,14,CS2_35_9_21_10.xlsx,2010-09-14 13:57:43,1.035136641776571,90.92428117844761,1.0995272962670577
CS2_35,120,15,CS2_35_9_21_10.xlsx,2010-09-14 13:57:43,1.0336828399099804,90.7965822019446,1.0995589808413857
CS2_35,121,16,CS2_35_9_21_10.xlsx,2010-09-14 13:57:43,1.029967278414718,90.47021489496642,1.0996452021387826
CS2_35,122,17,CS2_35_9_21_10.xlsx,2010-09-14 13:57:43,1.040664993031399,91.40988022272884,1.099747517834539
CS2_35,123,18,CS2_35_9_21_10.xlsx,2010-09-14 13:57:43,1.0416093032254352,91.49282649487981,1.0997757859852002
CS2_35,124,19,CS2_35_9_21_10.xlsx,2010-09-14 13:57:43,1.0309195637447033,90.55386168671468,1.099712652072572
CS2_35,125,20,CS2_35_9_21_10.xlsx,2010-09-14 13:57:43,1.024026969668764,89.94843034894076,1.0996324161512663
CS2_35,126,21,CS2_35_9_21_10.xlsx,2010-09-14 13:57:43,1.0249816326254333,90.0322859865442,1.0996196301637498
CS2_35,127,22,CS2_35_9_21_10.xlsx,2010-09-14 13:57:43,0.9022152953708868,79.24874252254045,1.099563013423573
CS2_35,128,23,CS2_35_9_21_10.xlsx,2010-09-14 13:57:43,1.0205635599394256,89.64421153631514,1.0995330108063561
CS2_35,129,24,CS2_35_9_21_10.xlsx,2010-09-14 13:57:43,1.0262075787400455,90.13997058076676,1.0995812722012006
CS2_35,130,25,CS2_35_9_21_10.xlsx,2010-09-14 13:57:43,1.0309311048977996,90.55487543794995,1.0996350238197727
CS2_35,131,26,CS2_35_9_21_10.xlsx,2010-09-14 13:57:43,1.0312395332468292,90.58196715202784,1.0996825506812649
CS2_35,132,27,CS2_35_9_21_10.xlsx,2010-09-14 13:57:43,1.031055893823435,90.56583664143218,1.0996667083941007
CS2_35,133,28,CS2_35_9_21_10.xlsx,2010-09-14 13:57:43,1.0307421576950162,90.53827870289062,1.0997047298832943
CS2_35,134,29,CS2_35_9_21_10.xlsx,2010-09-14 13:57:43,1.0303847043661811,90.50688073505964,1.0997253248566075
CS2_35,135,30,CS2_35_9_21_10.xlsx,2010-09-14 13:57:43,1.0306239971828468,90.5278997256628,1.0997459198299206
CS2_35,136,31,CS2_35_9_21_10.xlsx,2010-09-14 13:57:43,1.0304153521914863,90.50957277722401,1.099718987941742
CS2_35,137,32,CS2_35_9_21_10.xlsx,2010-09-14 13:57:43,1.0299560514018893,90.46922873716848,1.0997395829150551
CS2_35,138,33,CS2_35_9_21_10.xlsx,2010-09-14 13:57:43,1.0292641016218553,90.40844928658967,1.0997538409735028
CS2_35,139,34,CS2_35_9_21_10.xlsx,2010-09-14 13:57:43,1.028735896725152,90.36205285097971,1.0997570795295513
CS2_35,140,35,CS2_35_9_21_10.xlsx,2010-09-14 13:57:43,1.0282907663618914,90.32295351213232,1.0997299093060788
CS2_35,141,36,CS2_35_9_21_10.xlsx,2010-09-14 13:57:43,1.0280701743192608,90.30357715919456,1.0997347040513976
CS2_35,142,37,CS2_35_9_21_10.xlsx,2010-09-14 13:57:43,1.0279604761547816,90.2939414972449,1.0997602760264305
CS2_35,143,38,CS2_35_9_21_10.xlsx,2010-09-14 13:57:43,1.027930306662661,90.29129147088715,1.0997634725233094
CS2_35,144,39,CS2_35_9_21_10.xlsx,2010-09-14 13:57:43,1.028621432947105,90.35199858730103,1.0997954374921006
CS2_35,145,40,CS2_35_9_21_10.xlsx,2010-09-14 13:57:43,1.0292194972603141,90.40453133088519,1.0998172111678541
CS2_35,146,41,CS2_35_9_21_10.xlsx,2010-09-14 13:57:43,0.9198051374285257,80.7937981998164,1.0998022065443152
CS2_35,147,42,CS2_35_9_21_10.xlsx,2010-09-14 13:57:43,1.0099036657782534,88.7078682798544,1.0995977730364412
CS2_35,148,43,CS2_35_9_21_10.xlsx,2010-09-14 13:57:43,1.0112890839116417,88.82956056938028,1.0996286869049072
CS2_35,149,44,CS2_35_9_21_10.xlsx,2010-09-14 13:57:43,1.008378852457973,88.57393180279195,1.0996156705392373
CS2_35,150,45,CS2_35_9_21_10.xlsx,2010-09-14 13:57:43,1.0074222909173614,88.48990939746602,1.0996010271278587
CS2_35,151,46,CS2_35_9_21_10.xlsx,2010-09-14 13:57:43,1.0044593491521283,88.22965066513572,1.0995408264366355
CS2_35,152,47,CS2_35_9_21_10.xlsx,2010-09-14 13:57:43,1.016144027364362,89.25600885242336,1.0996910376208169
CS2_35,153,48,CS2_35_9_21_10.xlsx,2010-09-14 13:57:43,1.0170885357634774,89.33897253450226,1.0997313505836896
CS2_35,154,49,CS2_35_9_21_10.xlsx,2010-09-14 13:57:43,1.0025271348293074,88.05992891894803,1.0995471423322505
CS2_35,155,50,CS2_35_9_21_10.xlsx,2010-09-14 13:57:43,1.000094608881028,87.84626082493135,1.0995110219175166
CS2_35,156,1,CS2_35_9_30_10.xlsx,2010-09-21 15:48:03,1.005799174166465,88.34733814852379,1.0995310641623832
CS2_35,157,2,CS2_35_9_30_10.xlsx,2010-09-21 15:48:03,0.8948509941280292,78.60187739395302,1.0996432810118704
CS2_35,158,3,CS2_35_9_30_10.xlsx,2010-09-21 15:48:03,1.0160004938941998,89.24340116656543,1.0997329631022044
CS2_35,159,4,CS2_35_9_30_10.xlsx,2010-09-21 15:48:03,1.0163862132845534,89.27728196731101,1.0997184504355704
CS2_35,160,5,CS2_35_9_30_10.xlsx,2010-09-21 15:48:03,1.0017137558337756,87.98848337493999,1.0995537096803838
CS2_35,161,6,CS2_35_9_30_10.xlsx,2010-09-21 15:48:03,1.0033471368662346,88.1319562173388,1.0995977730364412
CS2_35,162,7,CS2_35_9_30_10.xlsx,2010-09-21 15:48:03,1.0038901887697378,88.17965678359822,1.0996026541735675
CS2_35,163,8,CS2_35_9_30_10.xlsx,2010-09-21 15:48:03,1.003104591615954,88.11065153963253,1.099581502579354
CS2_35,164,9,CS2_35_9_30_10.xlsx,2010-09-21 15:48:03,1.0046296586811563,88.24461030512887,1.0996010271278587
CS2_35,165,10,CS2_35_9_30_10.xlsx,2010-09-21 15:48:03,1.0125667531680627,88.9417884183766,1.099723287991115
CS2_35,166,11,CS2_35_9_30_10.xlsx,2010-09-21 15:48:03,1.01451075235898,89.1125453232257,1.0997329631022044
CS2_35,167,12,CS2_35_9_30_10.xlsx,2010-09-21 15:48:03,1.0022372666303472,88.03446749041457,1.0996111739765515
CS2_35,168,13,CS2_35_9_30_10.xlsx,2010-09-21 15:48:03,1.0009128022733762,87.91812925568898,1.0996078903024846
CS2_35,169,14,CS2_35_9_30_10.xlsx,2010-09-21 15:48:03,0.8813006377513926,77.41164186027221,1.099618756893984
CS2_35,170,15,CS2_35_9_30_10.xlsx,2010-09-21 15:48:03,0.9989804664569437,87.74839683775143,1.0995832627469844
CS2_35,171,16,CS2_35_9_30_10.xlsx,2010-09-21 15:48:03,1.0008982356678402,87.91684975491188,1.0995881882580845
CS2_35,172,17,CS2_35_9_30_10.xlsx,2010-09-21 15:48:03,1.0085982016698765,88.59319898802572,1.0997116662360527
CS2_35,173,18,CS2_35_9_30_10.xlsx,2010-09-21 15:48:03,1.0124811984707662,88.93427346910406,1.0996426620653696
CS2_35,174,19,CS2_35_9_30_10.xlsx,2010-09-21 15:48:03,1.0132423314153307,89.0011298270695,1.0996507246579443
CS2_35,175,20,CS2_35_9_30_10.xlsx,2010-09-21 15:48:03,0.9986280978546382,87.71744550187805,1.0995241566137834
CS2_35,176,21,CS2_35_9_30_10.xlsx,2010-09-21 15:48:03,1.00166450135265,87.98415696226128,1.0995307239619168
CS2_35,177,22,CS2_35_9_30_10.xlsx,2010-09-21 15:48:03,1.005963482799043,88.36177068207117,1.099618924630655
CS2_35,178,23,CS2_35_9_30_10.xlsx,2010-09-21 15:48:03,0.9014316347689508,79.17990738132026,1.0997436702251435
CS2_35,179,24,CS2_35_9_30_10.xlsx,2010-09-21 15:48:03,1.0135036713762204,89.02408539363734,1.0997781136206217
CS2_35,180,25,CS2_35_9_30_10.xlsx,2010-09-21 15:48:03,1.014013123371459,89.0688346128153,1.099758763398443
CS2_35,181,26,CS2_35_9_30_10.xlsx,2010-09-21 15:48:03,1.0143525361133854,89.09864793246504,1.0997603759169579
CS2_35,182,27,CS2_35_9_30_10.xlsx,2010-09-21 15:48:03,1.0147125502484045,89.13027083626305,1.099808751472405
CS2_35,183,28,CS2_35_9_30_10.xlsx,2010-09-21 15:48:03,1.0150877595914665,89.1632284559941,1.0998119775738036
CS2_35,184,29,CS2_35_9_30_10.xlsx,2010-09-21 15:48:03,1.0153942816533181,89.19015272571309,1.0998006899441992
CS2_35,185,30,CS2_35_9_30_10.xlsx,2010-09-21 15:48:03,1.0165844509873452,89.29469476085089,1.0998055264353752
CS2_35,186,31,CS2_35_9_30_10.xlsx,2010-09-21 15:48:03,1.0169052738273479,89.3228751816143,1.0998393893241882
CS2_35,187,32,CS2_35_9_30_10.xlsx,2010-09-21 15:48:03,1.0171024175181245,89.34019187938085,1.099824876657554
CS2_35,188,33,CS2_35_9_30_10.xlsx,2010-09-21 15:48:03,1.0171814836716528,89.3471368882666,1.0997974638428007
CS2_35,189,34,CS2_35_9_30_10.xlsx,2010-09-21 15:48:03,1.0176641895655365,89.38953678471569,1.0998071389538902
CS2_35,190,35,CS2_35_9_30_10.xlsx,2010-09-21 15:48:03,1.0178259690774354,89.40374716548585,1.0998313267316138
CS2_35,191,36,CS2_35_9_30_10.xlsx,2010-09-21 15:48:03,1.0178926496597,89.40960425117511,1.0998200391020094
CS2_35,192,37,CS2_35_9_30_10.xlsx,2010-09-21 15:48:03,1.0179827226589993,89.41751607883567,1.0997974638428007
CS2_35,193,38,CS2_35_9_30_10.xlsx,2010-09-21 15:48:03,1.0181064880712825,89.42838737900266,1.0999248528054781
CS2_35,194,39,CS2_35_9_30_10.xlsx,2010-09-21 15:48:03,1.0180678765624265,89.42499582319616,1.0999313039439065
CS2_35,195,40,CS2_35_9_30_10.xlsx,2010-09-21 15:48:03,1.0180860320477265,89.4265905638166,1.0999103412032127
CS2_35,196,41,CS2_35_9_30_10.xlsx,2010-09-21 15:48:03,1.0180417858298227,89.42270406671526,1.0999184027314186
CS2_35,197,42,CS2_35_9_30_10.xlsx,2010-09-21 15:48:03,1.00796474638787,88.53755757427355,1.0998076619328678
CS2_35,198,43,CS2_35_9_30_10.xlsx,2010-09-21 15:48:03,1.0049758650134848,88.2750203598366,1.0997751210186932
CS2_35,199,44,CS2_35_9_30_10.xlsx,2010-09-21 15:48:03,1.0042760903073429,88.21355358378507,1.0997393260131012
CS2_35,200,45,CS2_35_9_30_10.xlsx,2010-09-21 15:48:03,1.0009381517235738,87.92035589944254,1.099622666835785
CS2_35,201,46,CS2_35_9_30_10.xlsx,2010-09-21 15:48:03,0.9986502877006203,87.71939461247267,1.0996259505098516
CS2_35,202,47,CS2_35_9_30_10.xlsx,2010-09-21 15:48:03,1.0078769490713313,88.52984563792282,1.0997019039618003
CS2_35,203,48,CS2_35_9_30_10.xlsx,2010-09-21 15:48:03,1.010826925698474,88.78896553909436,1.0997507008058685
CS2_35,204,49,CS2_35_9_30_10.xlsx,2010-09-21 15:48:03,1.0097372893208885,88.69325411281558,1.0997393260131012
CS2_35,205,50,CS2_35_9_30_10.xlsx,2010-09-21 15:48:03,0.9982085578875513,87.68059397098493,1.099609532139518
CS2_35,206,1,CS2_35_10_15_10.xlsx,2010-10-08 14:29:45,1.0415557005729,91.48811814773575,1.099508285522461
CS2_35,207,2,CS2_35_10_15_10.xlsx,2010-10-08 14:29:45,1.044341963796334,91.7328577990439,1.0995889021002727
CS2_35,208,3,CS2_35_10_15_10.xlsx,2010-10-08 14:29:45,1.047131570983558,91.97789117727815,1.0995998952699744
CS2_35,209,4,CS2_35_10_15_10.xlsx,2010-10-08 14:29:45,1.0478773629113949,92.0434000117745,1.0996737065522566
CS2_35,210,5,CS2_35_10_15_10.xlsx,2010-10-08 14:29:45,1.0479598841856932,92.05064851138768,1.0996611429297405
CS2_35,211,6,CS2_35_10_15_10.xlsx,2010-10-08 14:29:45,1.0476109398352653,92.01999795478147,1.0996972633444744
CS2_35,212,7,CS2_35_10_15_10.xlsx,2010-10-08 14:29:45,1.0475365528277853,92.01346395249504,1.0997035451557324
CS2_35,213,8,CS2_35_10_15_10.xlsx,2010-10-08 14:29:45,1.0477017356347131,92.02797327172576,1.0997333837592083
CS2_35,214,9,CS2_35_10_15_10.xlsx,2010-10-08 14:29:45,1.0472861160393236,91.99146609824805,1.099701974702918
CS2_35,215,10,CS2_35_10_15_10.xlsx,2010-10-08 14:29:45,1.0466285541659222,91.9337072109124,1.0997066860613616
CS2_35,216,11,CS2_35_10_15_10.xlsx,2010-10-08 14:29:45,1.045939634995051,91.87319396283144,1.0997537996457971
CS2_35,217,12,CS2_35_10_15_10.xlsx,2010-10-08 14:29:45,1.0446640253556438,91.76114702637257,1.0997271019479502
CS2_35,218,13,CS2_35_10_15_10.xlsx,2010-10-08 14:29:45,1.0442885729419515,91.7281680558155,1.0997113984564075
CS2_35,219,14,CS2_35_10_15_10.xlsx,2010-10-08 14:29:45,1.0437486411626793,91.68074155487406,1.0997365246648374
CS2_35,220,15,CS2_35_10_15_10.xlsx,2010-10-08 14:29:45,1.0431836278840159,91.63111194642877,1.0997553700986116
CS2_35,221,16,CS2_35_10_15_10.xlsx,2010-10-08 14:29:45,1.0429994434328993,91.61493356171496,1.099734954212023
CS2_35,222,17,CS2_35_10_15_10.xlsx,2010-10-08 14:29:45,0.9291495906679437,81.61459582160813,1.0997385677782077
CS2_35,223,18,CS2_35_10_15_10.xlsx,2010-10-08 14:29:45,1.0418744640667015,91.51611767974931,1.0997820677964583
CS2_35,224,19,CS2_35_10_15_10.xlsx,2010-10-08 14:29:45,1.0329536228489609,90.73252926978051,1.099623934218758
CS2_35,225,20,CS2_35_10_15_10.xlsx,2010-10-08 14:29:45,1.0239609148572555,89.94262822967225,1.0995477089839698
CS2_35,226,21,CS2_35_10_15_10.xlsx,2010-10-08 14:29:45,1.0253045362199416,90.06064917651901,1.0995700844621237
CS2_35,227,22,CS2_35_10_15_10.xlsx,2010-10-08 14:29:45,1.0231472639033896,89.8711587974015,1.099565289716805
CS2_35,228,23,CS2_35_10_15_10.xlsx,2010-10-08 14:29:45,1.0198552600278852,89.58199592369319,1.0995394608804159
CS2_35,229,24,CS2_35_10_15_10.xlsx,2010-10-08 14:29:45,1.0277525654534791,90.27567904733993,1.0996531933809803
CS2_35,230,25,CS2_35_10_15_10.xlsx,2010-10-08 14:29:45,1.0303233772380338,90.50149388580854,1.0996968087397123
CS2_35,231,26,CS2_35_10_15_10.xlsx,2010-10-08 14:29:45,1.0267974422951909,90.19178298656945,1.0996627828716177
CS2_35,232,27,CS2_35_10_15_10.xlsx,2010-10-08 14:29:45,1.015411165099465,89.19163573302127,1.0995410733989306
CS2_35,233,28,CS2_35_10_15_10.xlsx,2010-10-08 14:29:45,0.8869393069175011,77.90693100379204,1.0995611147004731
CS2_35,234,29,CS2_35_10_15_10.xlsx,2010-10-08 14:29:45,1.014207921607305,89.08594529062756,1.0995233356952667
CS2_35,235,30,CS2_35_10_15_10.xlsx,2010-10-08 14:29:45,1.0128507748453863,88.96673630043152,1.099532691208092
CS2_35,236,31,CS2_35_10_15_10.xlsx,2010-10-08 14:29:45,1.0099169317336134,88.70903353418565,1.0995245559795483
CS2_35,237,32,CS2_35_10_15_10.xlsx,2010-10-08 14:29:45,1.019781578447624,89.57552388468794,1.0996620122875487
CS2_35,238,33,CS2_35_10_15_10.xlsx,2010-10-08 14:29:45,1.0209312345874082,89.67650732387222,1.0996684623616082
CS2_35,239,34,CS2_35_10_15_10.xlsx,2010-10-08 14:29:45,1.0112791990451129,88.82869230296268,1.0995147937052958
CS2_35,240,35,CS2_35_10_15_10.xlsx,2010-10-08 14:29:45,1.0062259347264018,88.38482392149476,1.0995310641623832
CS2_35,241,36,CS2_35_10_15_10.xlsx,2010-10-08 14:29:45,1.0045675458489498,88.23915444124347,1.099521301888131
CS2_35,242,37,CS2_35_10_15_10.xlsx,2010-10-08 14:29:45,1.0034955745835106,88.14499468221231,1.0994962453842163
CS2_35,243,38,CS2_35_10_15_10.xlsx,2010-10-08 14:29:45,1.00101474295397,87.92708351615252,1.099481468850916
CS2_35,244,39,CS2_35_10_15_10.xlsx,2010-10-08 14:29:45,1.0109587514889569,88.80054484636327,1.0996156705392373
CS2_35,245,40,CS2_35_10_15_10.xlsx,2010-10-08 14:29:45,1.0131826534720219,88.99588783883473,1.099641049546855
CS2_35,246,41,CS2_35_10_15_10.xlsx,2010-10-08 14:29:45,1.0077417755192926,88.51797227013985,1.0995977730364412
CS2_35,247,42,CS2_35_10_15_10.xlsx,2010-10-08 14:29:45,0.9971833499723743,87.59054180880283,1.099540574984117
CS2_35,248,43,CS2_35_10_15_10.xlsx,2010-10-08 14:29:45,0.997947059245277,87.65762446616951,1.0995143055915833
CS2_35,249,44,CS2_35_10_15_10.xlsx,2010-10-08 14:29:45,0.9971159091787456,87.58461794770534,1.0995093800804832
CS2_35,250,45,CS2_35_10_15_10.xlsx,2010-10-08 14:29:45,0.9960174180269732,87.48812873620919,1.099499529058283
CS2_35,251,46,CS2_35_10_15_10.xlsx,2010-10-08 14:29:45,1.0022565020643839,88.03615709151877,1.0996013229543513
CS2_35,252,47,CS2_35_10_15_10.xlsx,2010-10-08 14:29:45,1.006045938444089,88.36901341694534,1.0996140434935286
CS2_35,253,48,CS2_35_10_15_10.xlsx,2010-10-08 14:29:45,1.006674373959079,88.42421390465044,1.099636822133451
CS2_35,254,49,CS2_35_10_15_10.xlsx,2010-10-08 14:29:45,0.9920353339352417,87.13835063057532,1.099518779220931
CS2_35,255,50,CS2_35_10_15_10.xlsx,2010-10-08 14:29:45,0.9905487375356898,87.00777104950693,1.0995552310156167
CS2_35,256,1,CS2_35_10_22_10.xlsx,2010-10-15 17:12:56,1.002042855709979,88.01739083360009,1.09951758926565
CS2_35,257,2,CS2_35_10_22_10.xlsx,2010-10-15 17:12:56,1.008426857527981,88.57814846975863,1.099617297584946
CS2_35,258,3,CS2_35_10_22_10.xlsx,2010-10-15 17:12:56,1.009077187583737,88.63527212905339,1.09959940008215
CS2_35,259,4,CS2_35_10_22_10.xlsx,2010-10-15 17:12:56,1.0089556222055456,88.62459407537222,1.0996156705392373
CS2_35,260,5,CS2_35_10_22_10.xlsx,2010-10-15 17:12:56,1.0088563315023373,88.61587258349128,1.0996563466819558
CS2_35,261,6,CS2_35_10_22_10.xlsx,2010-10-15 17:12:56,1.0089847421688374,88.62715191326858,1.0996579737276644
CS2_35,262,7,CS2_35_10_22_10.xlsx,2010-10-15 17:12:56,1.0089222798124666,88.62166534789691,1.0996514655448295
CS2_35,263,8,CS2_35_10_22_10.xlsx,2010-10-15 17:12:56,1.00885879743611,88.61608918606014,1.0996742441847518
CS2_35,264,9,CS2_35_10_22_10.xlsx,2010-10-15 17:12:56,1.0084461060386989,88.57983921949172,1.0996937687332566
CS2_35,265,10,CS2_35_10_22_10.xlsx,2010-10-15 17:12:56,1.0080422440133638,88.54436480687133,1.0997019039618003
CS2_35,266,11,CS2_35_10_22_10.xlsx,2010-10-15 17:12:56,1.0077030747726443,88.51457287586855,1.0997051580532178
CS2_35,267,12,CS2_35_10_22_10.xlsx,2010-10-15 17:12:56,1.0073682507151425,88.48516261685447,1.0997198014645964
CS2_35,268,13,CS2_35_10_22_10.xlsx,2010-10-15 17:12:56,1.0071421095949251,88.4652988443139,1.0997246826017224
CS2_35,269,14,CS2_35_10_22_10.xlsx,2010-10-15 17:12:56,1.0070252546446508,88.4550345449673,1.0997116662360527
CS2_35,270,15,CS2_35_10_22_10.xlsx,2010-10-15 17:12:56,1.0070253448720887,88.45504247036054,1.0997263096474312
CS2_35,271,16,CS2_35_10_22_10.xlsx,2010-10-15 17:12:56,1.0067996874729133,88.43522118688495,1.099721428510305
CS2_35,272,17,CS2_35_10_22_10.xlsx,2010-10-15 17:12:56,1.006649536931203,88.42203227102343,1.099732817830266
CS2_35,273,18,CS2_35_10_22_10.xlsx,2010-10-15 17:12:56,1.0062477438772994,88.38673959261338,1.0996498384991207
CS2_35,274,19,CS2_35_10_22_10.xlsx,2010-10-15 17:12:56,0.9911536144551469,87.06090219846199,1.0994657584286611
CS2_35,275,20,CS2_35_10_22_10.xlsx,2010-10-15 17:12:56,0.9884670214844995,86.8249173778919,1.0994359342330093
CS2_35,276,21,CS2_35_10_22_10.xlsx,2010-10-15 17:12:56,0.9879269275321185,86.77747663199695,1.099518779220931
CS2_35,277,22,CS2_35_10_22_10.xlsx,2010-10-15 17:12:56,0.9856695155877446,86.57919019320025,1.0995133022467296
CS2_35,278,23,CS2_35_10_22_10.xlsx,2010-10-15 17:12:56,0.9843180769452715,86.46048259251793,1.0995166467295752
CS2_35,279,24,CS2_35_10_22_10.xlsx,2010-10-15 17:12:56,0.9970330015166766,87.57733550858225,1.0996128158135847
CS2_35,280,25,CS2_35_10_22_10.xlsx,2010-10-15 17:12:56,0.9986483985033239,87.71922866925392,1.0996669964356856
CS2_35,281,26,CS2_35_10_22_10.xlsx,2010-10-15 17:12:56,0.9899178648267046,86.95235648367616,1.0995701431134426
CS2_35,282,27,CS2_35_10_22_10.xlsx,2010-10-15 17:12:56,0.9831747346072603,86.36005374474173,1.0995099577638838
CS2_35,283,28,CS2_35_10_22_10.xlsx,2010-10-15 17:12:56,0.9831127001330806,86.35460476366481,1.0995266801781125
CS2_35,284,29,CS2_35_10_22_10.xlsx,2010-10-15 17:12:56,0.9830163841089146,86.34614456149455,1.0995250079366896
CS2_35,285,30,CS2_35_10_22_10.xlsx,2010-10-15 17:12:56,0.9822815352094132,86.28159694018026,1.0995216634538438
CS2_35,286,31,CS2_35_10_22_10.xlsx,2010-10-15 17:12:56,0.990348778481728,86.99020705600806,1.0995999673090944
CS2_35,287,32,CS2_35_10_22_10.xlsx,2010-10-15 17:12:56,0.9926719389984768,87.19426871465538,1.0996115656074035
CS2_35,288,33,CS2_35_10_22_10.xlsx,2010-10-15 17:12:56,0.9947081845238053,87.37312834846716,1.0996817729689858
CS2_35,289,34,CS2_35_10_22_10.xlsx,2010-10-15 17:12:56,0.9797726030624361,86.06121748225878,1.0995099577638838
CS2_35,290,35,CS2_35_10_22_10.xlsx,2010-10-15 17:12:56,0.9781158606809157,85.91569262683576,1.0995233356952667
CS2_35,291,36,CS2_35_10_22_10.xlsx,2010-10-15 17:12:56,0.9778425650525833,85.89168689894201,1.0994982520739238
CS2_35,292,37,CS2_35_10_22_10.xlsx,2010-10-15 17:12:56,0.9788995548255812,85.98453071438058,1.099518318970998
CS2_35,293,38,CS2_35_10_22_10.xlsx,2010-10-15 17:12:56,0.9789707932244056,85.99078814933554,1.099483201901118
CS2_35,294,39,CS2_35_10_22_10.xlsx,2010-10-15 17:12:56,0.9892033407141838,86.88959414999611,1.0996248208054709
CS2_35,295,40,CS2_35_10_22_10.xlsx,2010-10-15 17:12:56,0.9903933073219733,86.99411837807668,1.0996413898030553
CS2_35,296,41,CS2_35_10_22_10.xlsx,2010-10-15 17:12:56,0.980937370285595,86.16352824803766,1.0995133022467296
CS2_35,297,42,CS2_35_10_22_10.xlsx,2010-10-15 17:12:56,0.976057455305984,85.73488651724978,1.099446959584673
CS2_35,298,43,CS2_35_10_22_10.xlsx,2010-10-15 17:12:56,0.9763281732222993,85.75866582420277,1.099536416686584
CS2_35,299,44,CS2_35_10_22_10.xlsx,2010-10-15 17:12:56,0.9753005618768142,85.66840254962803,1.0994908442007048
CS2_35,300,45,CS2_35_10_22_10.xlsx,2010-10-15 17:12:56,0.9733128023888682,85.4938018299714,1.0994975956800943
CS2_35,301,46,CS2_35_10_22_10.xlsx,2010-10-15 17:12:56,0.9826650153577603,86.31528105049718,1.0995852086279128
CS2_35,302,47,CS2_35_10_22_10.xlsx,2010-10-15 17:12:56,0.9863758437854102,86.64123261451633,1.0996264777052294
CS2_35,303,48,CS2_35_10_22_10.xlsx,2010-10-15 17:12:56,0.984601851315702,86.48540875164218,1.0996387203534443
CS2_35,304,49,CS2_35_10_22_10.xlsx,2010-10-15 17:12:56,0.9713664710330718,85.32284007253895,1.0994975956800943
CS2_35,305,50,CS2_35_10_22_10.xlsx,2010-10-15 17:12:56,0.9719080023953737,85.37040707757548,1.0995178501182628
CS2_35,306,1,CS2_35_10_29_10.xlsx,2010-10-22 13:23:55,0.976536613839718,85.77697482085335,1.0994756533720782
CS2_35,307,2,CS2_35_10_29_10.xlsx,2010-10-22 13:23:55,0.975319126717195,85.67003324715982,1.0994874684610099
CS2_35,308,3,CS2_35_10_29_10.xlsx,2010-10-22 13:23:55,0.9847805618727461,86.501106320719,1.099593569835027
CS2_35,309,4,CS2_35_10_29_10.xlsx,2010-10-22 13:23:55,0.9861335538616709,86.61995036417017,1.099618193206437
CS2_35,310,5,CS2_35_10_29_10.xlsx,2010-10-22 13:23:55,0.9863402202607858,86.63810351712108,1.099594996609819
CS2_35,311,6,CS2_35_10_29_10.xlsx,2010-10-22 13:23:55,0.9864236074890531,86.64542808035618,1.0996380760035385
CS2_35,312,7,CS2_35_10_29_10.xlsx,2010-10-22 13:23:55,0.9865137525623551,86.65334623884944,1.0996264777052294
CS2_35,313,8,CS2_35_10_29_10.xlsx,2010-10-22 13:23:55,0.9883895664641393,86.81811388764173,1.0996563019008812
CS2_35,314,9,CS2_35_10_29_10.xlsx,2010-10-22 13:23:55,0.9888008019496928,86.85423596989634,1.0996778415977408
CS2_35,315,10,CS2_35_10_29_10.xlsx,2010-10-22 13:23:55,0.9891415654420221,86.88416793669323,1.099697724394842
CS2_35,316,11,CS2_35_10_29_10.xlsx,2010-10-22 13:23:55,0.9893170198703913,86.89957949410044,1.0996910967958082
CS2_35,317,12,CS2_35_10_29_10.xlsx,2010-10-22 13:23:55,0.9894759929623707,86.91354336469644,1.0996728708984655
CS2_35,318,13,CS2_35_10_29_10.xlsx,2010-10-22 13:23:55,0.9895912570571834,86.92366792655963,1.099712636492668
CS2_35,319,14,CS2_35_10_29_10.xlsx,2010-10-22 13:23:55,0.9896373168561183,86.92771372490196,1.0997043519938758
CS2_35,320,15,CS2_35_10_29_10.xlsx,2010-10-22 13:23:55,0.98983918217953,86.94544516120254,1.099697724394842
CS2_35,321,16,CS2_35_10_29_10.xlsx,2010-10-22 13:23:55,0.9900545618115704,86.9643636666765,1.0998153642776909
CS2_35,322,17,CS2_35_10_29_10.xlsx,2010-10-22 13:23:55,0.9905339944460998,87.0064760467322,1.0998617585645902
CS2_35,323,18,CS2_35_10_29_10.xlsx,2010-10-22 13:23:55,0.9902141266731022,86.9783795170972,1.0998219929703879
CS2_35,324,19,CS2_35_10_29_10.xlsx,2010-10-22 13:23:55,0.9902335432059246,86.98008502554758,1.0998103935784156
CS2_35,325,20,CS2_35_10_29_10.xlsx,2010-10-22 13:23:55,0.9781002084180628,85.9143177641449,1.0996654762162104
CS2_35,326,21,CS2_35_10_29_10.xlsx,2010-10-22 13:23:55,0.9730173441958385,85.46784938781518,1.0996343131377317
CS2_35,327,22,CS2_35_10_29_10.xlsx,2010-10-22 13:23:55,0.9733322511312537,85.4955101676438,1.0995971800010895
CS2_35,328,23,CS2_35_10_29_10.xlsx,2010-10-22 13:23:55,0.973071519387787,85.47260802564793,1.0996376888774266
CS2_35,329,24,CS2_35_10_29_10.xlsx,2010-10-22 13:23:55,0.9711567051492445,85.30441466720305,1.0996360010075792
CS2_35,330,25,CS2_35_10_29_10.xlsx,2010-10-22 13:23:55,0.979225107022053,86.01312655212377,1.0997223324245877
CS2_35,331,26,CS2_35_10_29_10.xlsx,2010-10-22 13:23:55,0.9827692321237862,86.3244352376404,1.099717315700319
CS2_35,332,27,CS2_35_10_29_10.xlsx,2010-10-22 13:23:55,0.8600242157767326,75.54276455845525,1.0997509893618131
CS2_35,333,28,CS2_35_10_29_10.xlsx,2010-10-22 13:23:55,0.97276549935955,85.44572785353277,1.099603931480479
CS2_35,334,29,CS2_35_10_29_10.xlsx,2010-10-22 13:23:55,0.9706399206501679,85.2590213759154,1.0996140586995633
CS2_35,335,30,CS2_35_10_29_10.xlsx,2010-10-22 13:23:55,0.9716320044476774,85.34616398348702,1.0995229137278049
CS2_35,336,31,CS2_35_10_29_10.xlsx,2010-10-22 13:23:55,0.9691035367668448,85.12406856430826,1.0995195379881102
CS2_35,337,32,CS2_35_10_29_10.xlsx,2010-10-22 13:23:55,0.966571741686888,84.90168087320971,1.0995071496603623
CS2_35,338,33,CS2_35_10_29_10.xlsx,2010-10-22 13:23:55,0.9793247360368014,86.02187776059704,1.099633703629176
CS2_35,339,34,CS2_35_10_29_10.xlsx,2010-10-22 13:23:55,0.9819767057323006,86.25482134363594,1.0996621317333646
CS2_35,340,35,CS2_35_10_29_10.xlsx,2010-10-22 13:23:55,0.9756559630460799,85.69962025996819,1.0996292495281896
CS2_35,341,36,CS2_35_10_29_10.xlsx,2010-10-22 13:23:55,0.9675852637190943,84.99070657138104,1.099539521730171
CS2_35,342,37,CS2_35_10_29_10.xlsx,2010-10-22 13:23:55,0.9686986028678461,85.088500000502,1.0995313530770419
CS2_35,343,38,CS2_35_10_29_10.xlsx,2010-10-22 13:23:55,0.9697702487429396,85.18263117791204,1.0995499196453629
CS2_35,344,39,CS2_35_10_29_10.xlsx,2010-10-22 13:23:55,0.968867666704412,85.10335022142225,1.0995195379881102
CS2_35,345,40,CS2_35_10_29_10.xlsx,2010-10-22 13:23:55,0.9739495042533193,85.5497284168719,1.0994992835499415
CS2_35,346,41,CS2_35_10_29_10.xlsx,2010-10-22 13:23:55,0.980459144391709,86.12152186560695,1.0995551082823012
CS2_35,347,42,CS2_35_10_29_10.xlsx,2010-10-22 13:23:55,0.9818380591022731,86.24264290780023,1.0995985865592957
CS2_35,348,43,CS2_35_10_29_10.xlsx,2010-10-22 13:23:55,0.9707642649685866,85.2699435260109,1.0994418959751306
CS2_35,349,44,CS2_35_10_29_10.xlsx,2010-10-22 13:23:55,0.968209987463446,85.04558102476025,1.0994199536671148
CS2_35,350,45,CS2_35_10_29_10.xlsx,2010-10-22 13:23:55,0.9686145895990776,85.08112044715229,1.0994402081052834
CS2_35,351,46,CS2_35_10_29_10.xlsx,2010-10-22 13:23:55,0.9677669001129559,85.00666113996762,1.0995105572466581
CS2_35,352,47,CS2_35_10_29_10.xlsx,2010-10-22 13:23:55,0.96624004082787,84.8725449495497,1.0995310027644318
CS2_35,353,48,CS2_35_10_29_10.xlsx,2010-10-22 13:23:55,0.9722371807626686,85.3993214307322,1.0996343131377317
CS2_35,354,49,CS2_35_10_29_10.xlsx,2010-10-22 13:23:55,0.964800111597846,84.74606451701176,1.0995241875918407
CS2_35,355,50,CS2_35_10_29_10.xlsx,2010-10-22 13:23:55,0.9636871595138388,84.64830508686471,1.0994645548316668
CS2_35,356,1,CS2_35_11_01_10.xlsx,2010-10-29 09:58:03,0.970339201364411,85.23260681015621,1.0994857805911626
CS2_35,357,2,CS2_35_11_01_10.xlsx,2010-10-29 09:58:03,0.9692555396904681,85.1374201896007,1.0995094107690258
CS2_35,358,3,CS2_35_11_01_10.xlsx,2010-10-29 09:58:03,0.96711256978373,84.94918610484955,1.0994901117288842
CS2_35,359,4,CS2_35_11_01_10.xlsx,2010-10-29 09:58:03,0.975881513789004,85.71943217497726,1.0996140586995633
CS2_35,360,5,CS2_35_11_01_10.xlsx,2010-10-29 09:58:03,0.9774528114269976,85.8574517392415,1.0996119644906786
CS2_35,361,6,CS2_35_11_01_10.xlsx,2010-10-29 09:58:03,0.9781619955840108,85.9197450221736,1.0996520982848272
CS2_35,362,7,CS2_35_11_01_10.xlsx,2010-10-29 09:58:03,0.9785566728641628,85.95441266560054,1.0996520982848272
CS2_35,363,8,CS2_35_11_01_10.xlsx,2010-10-29 09:58:03,0.9787395002434325,85.97047184790453,1.0996638039747875
CS2_35,364,9,CS2_35_11_01_10.xlsx,2010-10-29 09:58:03,0.9791481026125135,86.0063626426046,1.0996755096647475
CS2_35,365,10,CS2_35_11_01_10.xlsx,2010-10-29 09:58:03,0.9224728126639281,81.02812132529307,1.0996757745742798
CS2_35,366,1,CS2_35_11_08_10.xlsx,2010-11-01 14:23:58,0.980762635387361,86.1481798926829,1.0996236701806386
CS2_35,367,2,CS2_35_11_08_10.xlsx,2010-11-01 14:23:58,0.9853194204815271,86.54843855656387,1.0996604594919417
CS2_35,368,3,CS2_35_11_08_10.xlsx,2010-11-01 14:23:58,0.9882136015743768,86.80265749235187,1.0996761846979823
CS2_35,369,4,CS2_35_11_08_10.xlsx,2010-11-01 14:23:58,0.9891625805560182,86.88601386123774,1.0996828122970161
CS2_35,370,5,CS2_35_11_08_10.xlsx,2010-11-01 14:23:58,0.980038817731498,86.08460123320211,1.0995952420764499
CS2_35,371,6,CS2_35_11_08_10.xlsx,2010-11-01 14:23:58,0.979989972164037,86.08031073866168,1.0996002588007185
CS2_35,372,7,CS2_35_11_08_10.xlsx,2010-11-01 14:23:58,0.9829042561052059,86.33629546744676,1.0995985876630854
CS2_35,373,8,CS2_35_11_08_10.xlsx,2010-11-01 14:23:58,0.9849536372937528,86.5163089109951,1.0996587872505188
CS2_35,374,9,CS2_35_11_08_10.xlsx,2010-11-01 14:23:58,0.9847636221656932,86.49961837156815,1.099657115009096
CS2_35,375,10,CS2_35_11_08_10.xlsx,2010-11-01 14:23:58,0.9891870836095222,86.88816615924036,1.0997225778912185
CS2_35,376,11,CS2_35_11_08_10.xlsx,2010-11-01 14:23:58,0.9900115823985036,86.96058844311581,1.0997060088936341
CS2_35,377,12,CS2_35_11_08_10.xlsx,2010-11-01 14:23:58,0.9851537142072004,86.53388325702964,1.0996888875961304
CS2_35,378,13,CS2_35_11_08_10.xlsx,2010-11-01 14:23:58,0.9814970884478562,86.21269274431013,1.0996504260434046
CS2_35,379,14,CS2_35_11_08_10.xlsx,2010-11-01 14:23:58,0.981311393912847,86.196381716922,1.0996219979392157
CS2_35,380,15,CS2_35_11_08_10.xlsx,2010-11-01 14:23:58,0.9839224117785115,86.42572817515594,1.0996638039747875
CS2_35,381,16,CS2_35_11_08_10.xlsx,2010-11-01 14:23:58,0.9838473982759073,86.41913914282175,1.0996922320789762
CS2_35,382,17,CS2_35_11_08_10.xlsx,2010-11-01 14:23:58,0.9853085369882031,86.5474825728152,1.0997076657933926
CS2_35,383,18,CS2_35_11_08_10.xlsx,2010-11-01 14:23:58,0.9876338304512693,86.75173158509571,1.099724234790977
CS2_35,384,19,CS2_35_11_08_10.xlsx,2010-11-01 14:23:58,0.9879773096271016,86.78190209196592,1.0997374899890444
CS2_35,385,20,CS2_35_11_08_10.xlsx,2010-11-01 14:23:58,0.9797263057369747,86.05715082007318,1.0996420648362901
CS2_35,386,21,CS2_35_11_08_10.xlsx,2010-11-01 14:23:58,0.9795257148043994,86.03953132365187,1.0996487538019817
CS2_35,387,22,CS2_35_11_08_10.xlsx,2010-11-01 14:23:58,0.9790448554746867,85.99729362561519,1.0996102922492557
CS2_35,388,23,CS2_35_11_08_10.xlsx,2010-11-01 14:23:58,0.9780910006083481,85.91350896901028,1.0996286869049072
CS2_35,389,24,CS2_35_11_08_10.xlsx,2010-11-01 14:23:58,0.976050458950148,85.73427197169164,1.0996393767472739
CS2_35,390,25,CS2_35_11_08_10.xlsx,2010-11-01 14:23:58,0.9825895795422994,86.30865492306715,1.099693904320399
CS2_35,391,26,CS2_35_11_08_10.xlsx,2010-11-01 14:23:58,0.9840596919999207,86.43778658845896,1.0997039377689362
CS2_35,392,27,CS2_35_11_08_10.xlsx,2010-11-01 14:23:58,0.9797724390620601,86.06120307680186,1.0996972488032446
CS2_35,393,28,CS2_35_11_08_10.xlsx,2010-11-01 14:23:58,0.9753873828111779,85.67602872256953,1.099617434439258
CS2_35,394,29,CS2_35_11_08_10.xlsx,2010-11-01 14:23:58,0.9763034070590422,85.75649041517866,1.0996157465694107
CS2_35,395,30,CS2_35_11_08_10.xlsx,2010-11-01 14:23:58,0.9771753570536532,85.83308071570893,1.099633703629176
CS2_35,396,31,CS2_35_11_08_10.xlsx,2010-11-01 14:23:58,0.9788001524777563,85.97579941586532,1.0996520982848272
CS2_35,397,32,CS2_35_11_08_10.xlsx,2010-11-01 14:23:58,0.9796175102927833,86.04759445122353,1.0996604594919417
CS2_35,398,33,CS2_35_11_08_10.xlsx,2010-11-01 14:23:58,0.9830974687388299,86.35326686920942,1.0997106267346277
CS2_35,399,34,CS2_35_11_08_10.xlsx,2010-11-01 14:23:58,0.9837373623081618,86.40947380892548,1.0997524327701993
CS2_35,400,35,CS2_35_11_08_10.xlsx,2010-11-01 14:23:58,0.9839873415374356,86.43143147211114,1.099769155184428
CS2_35,401,36,CS2_35_11_08_10.xlsx,2010-11-01 14:23:58,0.9841359170235933,86.44448203832087,1.099767482943005
CS2_35,402,37,CS2_35_11_08_10.xlsx,2010-11-01 14:23:58,0.9841299189569739,86.4439551804416,1.0997842053572338
CS2_35,403,38,CS2_35_11_08_10.xlsx,2010-11-01 14:23:58,0.9851883016388285,86.5369213461395,1.099812050478174
CS2_35,404,39,CS2_35_11_08_10.xlsx,2010-11-01 14:23:58,0.9855350466553858,86.56737871776589,1.099800452179865
CS2_35,405,40,CS2_35_11_08_10.xlsx,2010-11-01 14:23:58,0.9856903266912695,86.58101819788308,1.0997871969817976
CS2_35,406,41,CS2_35_11_08_10.xlsx,2010-11-01 14:23:58,0.9856877492146197,86.5807917976165,1.0998054228791403
CS2_35,407,42,CS2_35_11_08_10.xlsx,2010-11-01 14:23:58,0.9856803390142375,86.58014090080158,1.0998170211774494
CS2_35,408,43,CS2_35_11_08_10.xlsx,2010-11-01 14:23:58,0.9853698945649967,86.55287209661297,1.0998103935784156
CS2_35,409,44,CS2_35_11_08_10.xlsx,2010-11-01 14:23:58,0.9854542185801662,86.56027894528971,1.0998037659793818
CS2_35,410,45,CS2_35_11_08_10.xlsx,2010-11-01 14:23:58,0.985297622303797,86.5465238493058,1.0998219918767247
CS2_35,411,46,CS2_35_11_08_10.xlsx,2010-11-01 14:23:58,0.9853335546291078,86.54968007112048,1.099800452179865
CS2_35,412,47,CS2_35_11_08_10.xlsx,2010-11-01 14:23:58,0.9853377683630882,86.55005019687758,1.0998153642776909
CS2_35,413,48,CS2_35_11_08_10.xlsx,2010-11-01 14:23:58,0.9852932157733463,86.54613678870186,1.0997954814805897
CS2_35,414,49,CS2_35_11_08_10.xlsx,2010-11-01 14:23:58,0.985001545746897,86.52051709133448,1.0998103935784156
CS2_35,415,50,CS2_35_11_08_10.xlsx,2010-11-01 14:23:58,0.9773805009610612,85.85110013610854,1.0996872153547075
CS2_35,416,1,CS2_35_11_23_10.xlsx,2010-11-16 11:45:27,0.995719875020912,87.46199316834894,1.0996960674950835
CS2_35,417,2,CS2_35_11_23_10.xlsx,2010-11-16 11:45:27,0.993555581536314,87.27188606421964,1.0997176071919432
CS2_35,418,3,CS2_35_11_23_10.xlsx,2010-11-16 11:45:27,0.994893575792434,87.38941273755796,1.0996910967958082
CS2_35,419,4,CS2_35_11_23_10.xlsx,2010-11-16 11:45:27,1.001265742844724,87.94913083215084,1.099816404689442
CS2_35,420,5,CS2_35_11_23_10.xlsx,2010-11-16 11:45:27,1.00263829677192,88.06969315616902,1.0998164036057212
CS2_35,421,6,CS2_35_11_23_10.xlsx,2010-11-16 11:45:27,0.9948594436312188,87.38641463846814,1.0997109795929094
CS2_35,422,7,CS2_35_11_23_10.xlsx,2010-11-16 11:45:27,0.9934414749163851,87.26186317257807,1.0997093226931511
CS2_35,423,8,CS2_35_11_23_10.xlsx,2010-11-16 11:45:27,0.9939879712280604,87.30986628859227,1.0997258916907353
CS2_35,424,9,CS2_35_11_23_10.xlsx,2010-11-16 11:45:27,0.993445939253542,87.26225531080462,1.099712636492668
CS2_35,425,10,CS2_35_11_23_10.xlsx,2010-11-16 11:45:27,0.9913147160524218,87.07505303260093,1.0996695570989485
CS2_35,426,11,CS2_35_11_23_10.xlsx,2010-11-16 11:45:27,0.9976250852090605,87.62934292668997,1.0998098362575879
CS2_35,427,12,CS2_35_11_23_10.xlsx,2010-11-16 11:45:27,0.998701919449891,87.72392983951319,1.0998032689094543
CS2_35,428,13,CS2_35_11_23_10.xlsx,2010-11-16 11:45:27,0.9955553099302765,87.44753810805138,1.0997802831909873
CS2_35,429,14,CS2_35_11_23_10.xlsx,2010-11-16 11:45:27,0.9881069541713803,86.79328980303855,1.0996844691967746
CS2_35,430,15,CS2_35_11_23_10.xlsx,2010-11-16 11:45:27,0.9889495882195654,86.8673050509156,1.0996960674950835
CS2_35,431,16,CS2_35_11_23_10.xlsx,2010-11-16 11:45:27,0.988816821569559,86.85564310047437,1.0997159502921847
CS2_35,432,17,CS2_35_11_23_10.xlsx,2010-11-16 11:45:27,0.9809571841742688,86.16526865941168,1.0995969143178728
CS2_35,433,18,CS2_35_11_23_10.xlsx,2010-11-16 11:45:27,0.9816788972713013,86.22866245875795,1.0996069477664099
CS2_35,434,19,CS2_35_11_23_10.xlsx,2010-11-16 11:45:27,0.9892655330718618,86.89505699923595,1.0997557158863873
CS2_35,435,20,CS2_35_11_23_10.xlsx,2010-11-16 11:45:27,0.9903264740977349,86.98824788462927,1.099788853881556
CS2_35,436,21,CS2_35_11_23_10.xlsx,2010-11-16 11:45:27,0.9792207921052558,86.0127475386754,1.0996855431132846
CS2_35,437,22,CS2_35_11_23_10.xlsx,2010-11-16 11:45:27,0.9732387985909519,85.48730148802768,1.0996393767472739
CS2_35,438,23,CS2_35_11_23_10.xlsx,2010-11-16 11:45:27,0.9720977593639226,85.38707494080009,1.0996427524869687
CS2_35,439,24,CS2_35_11_23_10.xlsx,2010-11-16 11:45:27,0.9700858311534226,85.21035129008632,1.099576925562921
CS2_35,440,25,CS2_35_11_23_10.xlsx,2010-11-16 11:45:27,0.9681595295032572,85.04114890094709,1.0995344103507276
CS2_35,441,26,CS2_35_11_23_10.xlsx,2010-11-16 11:45:27,0.9788781701672882,85.98265232982237,1.0996537705262501
CS2_35,442,27,CS2_35_11_23_10.xlsx,2010-11-16 11:45:27,0.9813787075150309,86.20229440578363,1.0997323658731248
CS2_35,443,28,CS2_35_11_23_10.xlsx,2010-11-16 11:45:27,0.9823075093479225,86.28387845527487,1.0997340381145477
CS2_35,444,29,CS2_35_11_23_10.xlsx,2010-11-16 11:45:27,0.8611774910333061,75.6440658934412,1.0997490882873535
CS2_35,445,30,CS2_35_11_23_10.xlsx,2010-11-16 11:45:27,0.9824913092926337,86.30002306573405,1.099767482943005
CS2_35,446,31,CS2_35_11_23_10.xlsx,2010-11-16 11:45:27,0.9831632980012408,86.35904917670744,1.0996888875961304
CS2_35,447,32,CS2_35_11_23_10.xlsx,2010-11-16 11:45:27,0.9836859313429329,86.4049562183437,1.099730693631702
CS2_35,448,33,CS2_35_11_23_10.xlsx,2010-11-16 11:45:27,0.983707631528226,86.40686231814693,1.0997273491488562
CS2_35,449,34,CS2_35_11_23_10.xlsx,2010-11-16 11:45:27,0.9832480213267871,86.3664910999893,1.0997373825973935
CS2_35,450,35,CS2_35_11_23_10.xlsx,2010-11-16 11:45:27,0.9817405131429382,86.23407467064541,1.0997089544932048
CS2_35,451,36,CS2_35_11_23_10.xlsx,2010-11-16 11:45:27,0.9811430019380722,86.18159051096455,1.099730693631702
CS2_35,452,37,CS2_35_11_23_10.xlsx,2010-11-16 11:45:27,0.9805609324642006,86.13046272128757,1.0997223324245877
CS2_35,453,38,CS2_35_11_23_10.xlsx,2010-11-16 11:45:27,0.9799591251500388,86.07760120017072,1.0997574494944677
CS2_35,454,39,CS2_35_11_23_10.xlsx,2010-11-16 11:45:27,0.9798144649805849,86.06489454735609,1.0997373825973935
CS2_35,455,40,CS2_35_11_23_10.xlsx,2010-11-16 11:45:27,0.9795503114636119,86.04169184378809,1.0997340381145477
CS2_35,456,41,CS2_35_11_23_10.xlsx,2010-11-16 11:45:27,0.9792325874814765,86.01378362034887,1.0997407270802393
CS2_35,457,42,CS2_35_11_23_10.xlsx,2010-11-16 11:45:27,0.9788148413941968,85.97708966018163,1.0997390548388164
CS2_35,458,43,CS2_35_11_23_10.xlsx,2010-11-16 11:45:27,0.978454502141382,85.94543819870275,1.0997256769074335
CS2_35,459,44,CS2_35_11_23_10.xlsx,2010-11-16 11:45:27,0.9607773034528435,84.39270929399947,1.0995378179370232
CS2_35,460,45,CS2_35_11_23_10.xlsx,2010-11-16 11:45:27,0.9587713482601572,84.21651030092919,1.0995048454829626
CS2_35,461,46,CS2_35_11_23_10.xlsx,2010-11-16 11:45:27,0.952311715574929,83.6491094043933,1.0995478459766932
CS2_35,462,47,CS2_35_11_23_10.xlsx,2010-11-16 11:45:27,0.9513458804739159,83.56427242852719,1.099589126450675
CS2_35,463,48,CS2_35_11_23_10.xlsx,2010-11-16 11:45:27,0.948735987195704,83.33502475175032,1.0995598034216807
CS2_35,464,49,CS2_35_11_23_10.xlsx,2010-11-16 11:45:27,0.9633420200021447,84.61798873949516,1.0997099010449536
CS2_35,465,50,CS2_35_11_23_10.xlsx,2010-11-16 11:45:27,0.9660969305473444,84.85997443580216,1.099774645184571
CS2_35,466,1,CS2_35_11_24_10.xlsx,2010-11-23 12:25:25,0.959268694580761,84.26019618245691,1.099582246371678
CS2_35,467,2,CS2_35_11_24_10.xlsx,2010-11-23 12:25:25,0.9560470139663729,83.97721035988278,1.0995633261544364
CS2_35,468,3,CS2_35_11_24_10.xlsx,2010-11-23 12:25:25,0.9608633070281409,84.4002636717957,1.0996383417327449
CS2_35,469,4,CS2_35_11_24_10.xlsx,2010-11-23 12:25:25,0.9663064844315432,84.87838121952515,1.0997013820792145
CS2_35,470,5,CS2_35_11_24_10.xlsx,2010-11-23 12:25:25,0.9669751427153166,84.93711479280661,1.0997576072530926
CS2_35,471,6,CS2_35_11_24_10.xlsx,2010-11-23 12:25:25,0.9526530915023637,83.6790951662347,1.0995788063321794
CS2_35,472,7,CS2_35_11_24_10.xlsx,2010-11-23 12:25:25,0.9475278837165426,83.22890741805861,1.099526808812068
CS2_35,473,8,CS2_35_11_24_10.xlsx,2010-11-23 12:25:25,0.9457341980978322,83.07135374933576,1.099516389461664
CS2_35,475,1,CS2_35_12_06_10.xlsx,2010-11-29 10:34:08,0.945439167610476,83.04543887596931,1.099651841016916
CS2_35,476,2,CS2_35_12_06_10.xlsx,2010-11-29 10:34:08,0.9393260881307249,82.50847850276763,1.0996088148320762
CS2_35,477,3,CS2_35_12_06_10.xlsx,2010-11-29 10:34:08,0.942018913329528,82.74501074948645,1.0995702227720847
CS2_35,478,4,CS2_35_12_06_10.xlsx,2010-11-29 10:34:08,0.9478591269209189,83.25800314227283,1.0996448947833135
CS2_35,479,5,CS2_35_12_06_10.xlsx,2010-11-29 10:34:08,0.9557047065306752,83.9471427762646,1.099700927734375
CS2_35,480,6,CS2_35_12_06_10.xlsx,2010-11-29 10:34:08,0.9580373695284496,84.15203911337058,1.0997043677738734
CS2_35,481,7,CS2_35_12_06_10.xlsx,2010-11-29 10:34:08,0.9470525060843586,83.1871512210985,1.0995771690056875
CS2_35,482,8,CS2_35_12_06_10.xlsx,2010-11-29 10:34:08,0.9442808824367637,82.94369748012936,1.099573695888886
CS2_35,483,9,CS2_35_12_06_10.xlsx,2010-11-29 10:34:08,0.9439518387706247,82.91479495884612,1.0995511206296773
CS2_35,484,10,CS2_35_12_06_10.xlsx,2010-11-29 10:34:08,0.9416596634551784,82.71345497677936,1.099568486213684
CS2_35,485,11,CS2_35_12_06_10.xlsx,2010-11-29 10:34:08,0.9402955114801426,82.59363066301975,1.099528157595292
CS2_35,486,12,CS2_35_12_06_10.xlsx,2010-11-29 10:34:08,0.949578448237963,83.40902480314139,1.0996483679001148
CS2_35,487,13,CS2_35_12_06_10.xlsx,2010-11-29 10:34:08,0.952855528682381,83.69687683324756,1.099716407912118
CS2_35,488,14,CS2_35_12_06_10.xlsx,2010-11-29 10:34:08,0.950774452142479,83.51407933499344,1.0996734074183874
CS2_35,489,15,CS2_35_12_06_10.xlsx,2010-11-29 10:34:08,0.9399280358044688,82.5613523527825,1.0995527054499654
CS2_35,490,16,CS2_35_12_06_10.xlsx,2010-11-29 10:34:08,0.9395637773489831,82.52935663657314,1.0995877738137847
CS2_35,491,17,CS2_35_12_06_10.xlsx,2010-11-29 10:34:08,0.9367915541648237,82.28585023354087,1.0995386781044376
CS2_35,492,18,CS2_35_12_06_10.xlsx,2010-11-29 10:34:08,0.9354542956175642,82.16838818336107,1.0995176370861461
CS2_35,493,19,CS2_35_12_06_10.xlsx,2010-11-29 10:34:08,0.935087407046943,82.13616144322842,1.0995421849408196
CS2_35,494,20,CS2_35_12_06_10.xlsx,2010-11-29 10:34:08,0.9445379023197233,82.96627357990548,1.09966226036732
CS2_35,495,21,CS2_35_12_06_10.xlsx,2010-11-29 10:34:08,0.9463217466764711,83.12296281234647,1.0996657334841216
CS2_35,496,22,CS2_35_12_06_10.xlsx,2010-11-29 10:34:08,0.9361171551329761,82.2266124047138,1.0995579657045382
CS2_35,497,23,CS2_35_12_06_10.xlsx,2010-11-29 10:34:08,0.9338518794533641,82.02763523152994,1.0995579657045382
CS2_35,498,24,CS2_35_12_06_10.xlsx,2010-11-29 10:34:08,0.935295133580496,82.1544077162157,1.0995825135592119
CS2_35,499,25,CS2_35_12_06_10.xlsx,2010-11-29 10:34:08,0.9344180557142039,82.07736699394616,1.0995807601410208
CS2_35,500,26,CS2_35_12_06_10.xlsx,2010-11-29 10:34:08,0.9337472459005305,82.01844443468768,1.0996088148320762
CS2_35,501,27,CS2_35_12_06_10.xlsx,2010-11-29 10:34:08,0.9389969176361674,82.47956484113604,1.0996456366140865
CS2_35,502,28,CS2_35_12_06_10.xlsx,2010-11-29 10:34:08,0.9425448297210224,82.79120616748897,1.0997056743273368
CS2_35,503,29,CS2_35_12_06_10.xlsx,2010-11-29 10:34:08,0.9433652131212931,82.86326696405426,1.0997126205609395
CS2_35,504,30,CS2_35_12_06_10.xlsx,2010-11-29 10:34:08,0.9321229994863209,81.87577395843519,1.0996056689935572
CS2_35,505,31,CS2_35_12_06_10.xlsx,2010-11-29 10:34:08,0.9316412983446511,81.83346231736141,1.0996180632535149
CS2_35,506,32,CS2_35_12_06_10.xlsx,2010-11-29 10:34:08,0.9315777807017014,81.82788305777936,1.0996304575134725
CS2_35,507,33,CS2_35_12_06_10.xlsx,2010-11-29 10:34:08,0.9308462372590078,81.76362578101678,1.099632228122038
CS2_35,508,34,CS2_35_12_06_10.xlsx,2010-11-29 10:34:08,0.9282780969667286,81.53804560095463,1.0996021277764265
CS2_35,509,35,CS2_35_12_06_10.xlsx,2010-11-29 10:34:08,0.9368297123074854,82.28920196659001,1.099682458396097
CS2_35,510,36,CS2_35_12_06_10.xlsx,2010-11-29 10:34:08,0.9382740287697331,82.41606776461516,1.099728047269062
CS2_35,511,37,CS2_35_12_06_10.xlsx,2010-11-29 10:34:08,0.9387620195049848,82.45893187069913,1.0997368143600168
CS2_35,512,38,CS2_35_12_06_10.xlsx,2010-11-29 10:34:08,0.93870608393091,82.45401860450818,1.099729800687253
CS2_35,513,39,CS2_35_12_06_10.xlsx,2010-11-29 10:34:08,0.9386047535749853,82.44511795371274,1.0997333075236349
CS2_35,514,40,CS2_35_12_06_10.xlsx,2010-11-29 10:34:08,0.938424969942723,82.42932612790794,1.0997368143600168
CS2_35,515,41,CS2_35_12_06_10.xlsx,2010-11-29 10:34:08,0.9382935966874868,82.41778657040767,1.0997403211963988
CS2_35,516,42,CS2_35_12_06_10.xlsx,2010-11-29 10:34:08,0.8094836161050054,71.10338186247358,1.0997369128666568
CS2_35,517,43,CS2_35_12_06_10.xlsx,2010-11-29 10:34:08,0.9377656642369345,82.37141406590926,1.0997508417055444
CS2_35,518,44,CS2_35_12_06_10.xlsx,2010-11-29 10:34:08,0.9378904750347417,82.38237719059825,1.0997490882873535
CS2_35,519,45,CS2_35_12_06_10.xlsx,2010-11-29 10:34:08,0.8091009327907841,71.06976774443325,1.0997592344712674
CS2_35,520,46,CS2_35_12_06_10.xlsx,2010-11-29 10:34:08,0.937034901977583,82.30722540669049,1.099775389560218
CS2_35,521,47,CS2_35_12_06_10.xlsx,2010-11-29 10:34:08,0.9368321853779946,82.28941919603517,1.099770129305645
CS2_35,522,48,CS2_35_12_06_10.xlsx,2010-11-29 10:34:08,0.9364191769267549,82.25314138010823,1.099770129305645
CS2_35,523,49,CS2_35_12_06_10.xlsx,2010-11-29 10:34:08,0.935042208966884,82.13219133650612,1.0997683758874541
CS2_35,524,50,CS2_35_12_06_10.xlsx,2010-11-29 10:34:08,0.9345710358597188,82.0908044564068,1.0997438280327807
CS2_35,525,1,CS2_35_12_13_10.xlsx,2010-12-06 12:33:56,0.932002046154026,81.86514966561121,1.099649934207692
CS2_35,526,2,CS2_35_12_13_10.xlsx,2010-12-06 12:33:56,0.9291163192232569,81.61167332609419,1.0996145220363842
CS2_35,527,3,CS2_35_12_13_10.xlsx,2010-12-06 12:33:56,0.9312746949888249,81.80126062991181,1.0996605578590841
CS2_35,528,4,CS2_35_12_13_10.xlsx,2010-12-06 12:33:56,0.9352998331901032,82.1548205202921,1.0997490882873535
CS2_35,529,5,CS2_35_12_13_10.xlsx,2010-12-06 12:33:56,0.9353480978179562,82.15905998628796,1.0997438280327807
CS2_35,530,6,CS2_35_12_13_10.xlsx,2010-12-06 12:33:56,0.9249468582290783,81.24543641736433,1.0996286869049072
CS2_35,531,7,CS2_35_12_13_10.xlsx,2010-12-06 12:33:56,0.9223838159929514,81.02030404010651,1.0996006727218628
CS2_35,532,8,CS2_35_12_13_10.xlsx,2010-12-06 12:33:56,0.9220335876084542,80.98954069657918,1.0996060371398926
CS2_35,533,9,CS2_35_12_13_10.xlsx,2010-12-06 12:33:56,0.920049387488886,80.81525262454619,1.0996829271316528
CS2_35,534,10,CS2_35_12_13_10.xlsx,2010-12-06 12:33:56,0.9184037313390245,80.67070156099169,1.0996865034103394
CS2_35,535,11,CS2_35_12_13_10.xlsx,2010-12-06 12:33:56,0.9244328869213767,81.20029023104162,1.099765023764442
CS2_35,536,12,CS2_35_12_13_10.xlsx,2010-12-06 12:33:56,0.9262613856406237,81.36090181116874,1.0997579413301803
CS2_35,537,13,CS2_35_12_13_10.xlsx,2010-12-06 12:33:56,0.9268205733368475,81.41001971239166,1.099733152810265
CS2_35,538,14,CS2_35_12_13_10.xlsx,2010-12-06 12:33:56,0.9152078153123178,80.38997884699688,1.099609613418579
CS2_35,539,15,CS2_35_12_13_10.xlsx,2010-12-06 12:33:56,0.9133654766532882,80.22815159492315,1.0996009945869445
CS2_35,540,16,CS2_35_12_13_10.xlsx,2010-12-06 12:33:56,0.9130792400215082,80.20300915580819,1.0995305597782135
CS2_35,541,17,CS2_35_12_13_10.xlsx,2010-12-06 12:33:56,0.9111961033235048,80.03759828760353,1.0995377838611602
CS2_35,542,18,CS2_35_12_13_10.xlsx,2010-12-06 12:33:56,0.9117602857831919,80.08715491861264,1.0995269477367402
CS2_35,543,19,CS2_35_12_13_10.xlsx,2010-12-06 12:33:56,0.918676181827017,80.69463305349004,1.0995935201644897
CS2_35,544,20,CS2_35_12_13_10.xlsx,2010-12-06 12:33:56,0.9193216861925535,80.75133283404578,1.0996239185333252
CS2_35,545,21,CS2_35_12_13_10.xlsx,2010-12-06 12:33:56,0.9154693608419677,80.41295247030331,1.0995702743530273
CS2_35,546,22,CS2_35_12_13_10.xlsx,2010-12-06 12:33:56,0.9082054109790256,79.77490200126499,1.0995377838611602
CS2_35,547,23,CS2_35_12_13_10.xlsx,2010-12-06 12:33:56,0.9051652213843582,79.50785797791082,1.0995210553660537
CS2_35,548,24,CS2_35_12_13_10.xlsx,2010-12-06 12:33:56,0.9080098804336743,79.75772699888657,1.0995287537574767
CS2_35,549,25,CS2_35_12_13_10.xlsx,2010-12-06 12:33:56,0.904316571072652,79.43331427377596,1.0995247038927944
CS2_35,550,26,CS2_35_12_13_10.xlsx,2010-12-06 12:33:56,0.9017156348157407,79.2048533633934,1.0995101097858313
CS2_35,551,27,CS2_35_12_13_10.xlsx,2010-12-06 12:33:56,0.911930453545331,80.10210210609283,1.0996118307113647
CS2_35,552,28,CS2_35_12_13_10.xlsx,2010-12-06 12:33:56,0.9132021156206633,80.21380229661361,1.0996244728565217
CS2_35,553,29,CS2_35_12_13_10.xlsx,2010-12-06 12:33:56,0.9050316599776842,79.4961262176727,1.0995486199855804
CS2_35,554,30,CS2_35_12_13_10.xlsx,2010-12-06 12:33:56,0.8998550479297016,79.04142322445753,1.0994918671521274
CS2_35,555,31,CS2_35_12_13_10.xlsx,2010-12-06 12:33:56,0.9022943996468804,79.25569088002543,1.099526528156165
CS2_35,556,32,CS2_35_12_13_10.xlsx,2010-12-06 12:33:56,0.9020606249124192,79.23515658645421,1.0995320009462761
CS2_35,557,33,CS2_35_12_13_10.xlsx,2010-12-06 12:33:56,0.9004910375396058,79.09728724837834,1.0995320009462761
CS2_35,558,34,CS2_35_12_13_10.xlsx,2010-12-06 12:33:56,0.9022958612782581,79.25581926673014,1.09955024357998
CS2_35,559,35,CS2_35_12_13_10.xlsx,2010-12-06 12:33:56,0.9069969786220291,79.66875577961824,1.099599188566208
CS2_35,560,36,CS2_35_12_13_10.xlsx,2010-12-06 12:33:56,0.9073250678456262,79.69757446462465,1.0995829343795775
CS2_35,561,37,CS2_35_12_13_10.xlsx,2010-12-06 12:33:56,0.907709595840636,79.73135061564493,1.0996443390846253
CS2_35,562,38,CS2_35_12_13_10.xlsx,2010-12-06 12:33:56,0.9078065759005582,79.73986914535512,1.0996208608150482
CS2_35,563,39,CS2_35_12_13_10.xlsx,2010-12-06 12:33:56,0.7750173845757828,68.07593872091302,1.099627978661481
CS2_35,564,40,CS2_35_12_13_10.xlsx,2010-12-06 12:33:56,0.9075244068712678,79.71508399610659,1.0996389210224151
CS2_35,565,41,CS2_35_12_13_10.xlsx,2010-12-06 12:33:56,0.9082190438045288,79.77609948071773,1.0996551752090453
CS2_35,566,42,CS2_35_12_13_10.xlsx,2010-12-06 12:33:56,0.9085203633385746,79.80256677105643,1.0996678173542023
CS2_35,567,43,CS2_35_12_13_10.xlsx,2010-12-06 12:33:56,0.9085996350386694,79.80952983473134,1.0996678173542023
CS2_35,568,44,CS2_35_12_13_10.xlsx,2010-12-06 12:33:56,0.9085654465496091,79.80652678791904,1.0996660113334655
CS2_35,569,45,CS2_35_12_13_10.xlsx,2010-12-06 12:33:56,0.9087059517841141,79.81886847976297,1.0996894896030427
CS2_35,570,46,CS2_35_12_13_10.xlsx,2010-12-06 12:33:56,0.908969407978816,79.8420099319718,1.0996894896030427
CS2_35,571,47,CS2_35_12_13_10.xlsx,2010-12-06 12:33:56,0.9083264547286447,79.78553423616141,1.0996768474578857
CS2_35,572,48,CS2_35_12_13_10.xlsx,2010-12-06 12:33:56,0.9082882908454977,79.78218199887979,1.0996786534786225
CS2_35,573,49,CS2_35_12_13_10.xlsx,2010-12-06 12:33:56,0.9082937081539271,79.78265784414987,1.0996678173542023
CS2_35,574,50,CS2_35_12_13_10.xlsx,2010-12-06 12:33:56,0.9083839369146531,79.79058335357495,1.0996858775615692
CS2_35,575,1,CS2_35_12_20_10.xlsx,2010-12-13 12:36:53,0.895169431355023,78.62984826735885,1.0994431704890972
CS2_35,576,2,CS2_35_12_20_10.xlsx,2010-12-13 12:36:53,0.8909469268002049,78.25895212097123,1.0994597563938218
CS2_35,577,3,CS2_35_12_20_10.xlsx,2010-12-13 12:36:53,0.8923092609173651,78.37861675782058,1.0995205713778127
CS2_35,578,4,CS2_35_12_20_10.xlsx,2010-12-13 12:36:53,0.898459625606673,78.9188521874165,1.0995794317939065
CS2_35,579,5,CS2_35_12_20_10.xlsx,2010-12-13 12:36:53,0.8991643476690818,78.98075352910328,1.099599499895115
CS2_35,580,6,CS2_35_12_20_10.xlsx,2010-12-13 12:36:53,0.8903614202145533,78.2075224224396,1.099533471525932
CS2_35,581,7,CS2_35_12_20_10.xlsx,2010-12-13 12:36:53,0.8881075021303007,78.00954287715555,1.0995150427429043
CS2_35,582,8,CS2_35_12_20_10.xlsx,2010-12-13 12:36:53,0.8874368705206974,77.95063597097737,1.0994800280551522
CS2_35,583,9,CS2_35_12_20_10.xlsx,2010-12-13 12:36:53,0.8884481676789964,78.03946624078438,1.099540843039143
CS2_35,584,10,CS2_35_12_20_10.xlsx,2010-12-13 12:36:53,0.8876312021433161,77.96770566244005,1.09953900016084
CS2_35,585,11,CS2_35_12_20_10.xlsx,2010-12-13 12:36:53,0.8913502734545489,78.29438126445997,1.0996035009014362
CS2_35,586,12,CS2_35_12_20_10.xlsx,2010-12-13 12:36:53,0.8940144536681469,78.52839739438413,1.0996164010495555
CS2_35,587,13,CS2_35_12_20_10.xlsx,2010-12-13 12:36:53,0.8942963121517291,78.55315526593408,1.0995795434835005
CS2_35,588,14,CS2_35_12_20_10.xlsx,2010-12-13 12:36:53,0.884503892615836,77.69300920273342,1.0995256630415768
CS2_35,589,15,CS2_35_12_20_10.xlsx,2010-12-13 12:36:53,0.8816215407692507,77.43982932369413,1.0995219392874807
CS2_35,590,16,CS2_35_12_20_10.xlsx,2010-12-13 12:36:53,0.882928909778304,77.55466593809426,1.0995200774104326
CS2_35,591,17,CS2_35_12_20_10.xlsx,2010-12-13 12:36:53,0.8825171939607372,77.51850166446,1.0995163536563362
CS2_35,592,18,CS2_35_12_20_10.xlsx,2010-12-13 12:36:53,0.8810404521898008,77.38878769377287,1.0995480055661546
CS2_35,593,19,CS2_35_12_20_10.xlsx,2010-12-13 12:36:53,0.8856863577177556,77.79687451391216,1.0995964143694061
CS2_35,594,20,CS2_35_12_20_10.xlsx,2010-12-13 12:36:53,0.8868517429107925,77.89923956089865,1.0996057237546468
CS2_35,595,21,CS2_35_12_20_10.xlsx,2010-12-13 12:36:53,0.8869944665126752,77.91177610958667,1.0995998151448307
CS2_35,596,22,CS2_35_12_20_10.xlsx,2010-12-13 12:36:53,0.8762953337508073,76.97198621485738,1.0995327420532703
CS2_35,597,23,CS2_35_12_20_10.xlsx,2010-12-13 12:36:53,0.8734377342229571,76.72098052876775,1.0995195731520653
CS2_35,598,24,CS2_35_12_20_10.xlsx,2010-12-13 12:36:53,0.8735068202154146,76.72704890075865,1.0995402671396732
CS2_35,599,25,CS2_35_12_20_10.xlsx,2010-12-13 12:36:53,0.8717280269700538,76.57080334759,1.099528979510069
CS2_35,600,26,CS2_35_12_20_10.xlsx,2010-12-13 12:36:53,0.8700665768361482,76.42486497284564,1.0995158106088638
CS2_35,601,27,CS2_35_12_20_10.xlsx,2010-12-13 12:36:53,0.8803353544233659,77.3268533510144,1.0995722099677803
CS2_35,602,28,CS2_35_12_20_10.xlsx,2010-12-13 12:36:53,0.882836419321869,77.5465417659533,1.099635513787417
CS2_35,603,29,CS2_35_12_20_10.xlsx,2010-12-13 12:36:53,0.8836840971228099,77.62100004673562,1.0996280662792246
CS2_35,604,30,CS2_35_12_20_10.xlsx,2010-12-13 12:36:53,0.7376324908425893,64.79212627293577,1.099590782765989
CS2_35,605,31,CS2_35_12_20_10.xlsx,2010-12-13 12:36:53,0.8715997881269466,76.5595391104274,1.0995534360408783
CS2_35,606,32,CS2_35_12_20_10.xlsx,2010-12-13 12:36:53,0.8733134232560005,76.71006130819632,1.0995854176580906
CS2_35,607,33,CS2_35_12_20_10.xlsx,2010-12-13 12:36:53,0.8747775300038505,76.83866544435007,1.0996249243617058
CS2_35,608,34,CS2_35_12_20_10.xlsx,2010-12-13 12:36:53,0.8744654992581395,76.81125730313053,1.0996004678308964
CS2_35,609,35,CS2_35_12_20_10.xlsx,2010-12-13 12:36:53,0.8792215595013673,77.22901988770553,1.0996317900333208
CS2_35,610,36,CS2_35_12_20_10.xlsx,2010-12-13 12:36:53,0.8833056885335147,77.58776141177206,1.0996764750824761
CS2_35,611,37,CS2_35_12_20_10.xlsx,2010-12-13 12:36:53,0.884480841688994,77.69098445656077,1.0996932319759094
CS2_35,612,38,CS2_35_12_20_10.xlsx,2010-12-13 12:36:53,0.884897467132852,77.72757998170654,1.0996820607136206
CS2_35,613,39,CS2_35_12_20_10.xlsx,2010-12-13 12:36:53,0.8849109156273798,77.72876126990418,1.0996839225906687
CS2_35,614,40,CS2_35_12_20_10.xlsx,2010-12-13 12:36:53,0.885160182911747,77.75065639730833,1.0996969557300056
CS2_35,615,41,CS2_35_12_20_10.xlsx,2010-12-13 12:36:53,0.885244018877053,77.75802037668524,1.0997062651152463
CS2_35,616,42,CS2_35_12_20_10.xlsx,2010-12-13 12:36:53,0.8849966579907118,77.73629270337669,1.0997192982545834
CS2_35,617,43,CS2_35_12_20_10.xlsx,2010-12-13 12:36:53,0.8848411737910595,77.72263528993248,1.0997081269922944
CS2_35,618,44,CS2_35_12_20_10.xlsx,2010-12-13 12:36:53,0.8846967321276225,77.70994783023858,1.099700679484102
CS2_35,619,45,CS2_35_12_20_10.xlsx,2010-12-13 12:36:53,0.884550197837406,77.69707655849703,1.0997248838857276
CS2_35,620,46,CS2_35_12_20_10.xlsx,2010-12-13 12:36:53,0.8842493395402045,77.67064978225746,1.0997118507463908
CS2_35,621,47,CS2_35_12_20_10.xlsx,2010-12-13 12:36:53,0.8838382005624226,77.6345361770477,1.0997062651152463
CS2_35,622,48,CS2_35_12_20_10.xlsx,2010-12-13 12:36:53,0.8833479075586581,77.59146984441591,1.099715574500487
CS2_35,623,49,CS2_35_12_20_10.xlsx,2010-12-13 12:36:53,0.7575665497781472,66.54309315647077,1.0997273290013692
CS2_35,624,50,CS2_35_12_20_10.xlsx,2010-12-13 12:36:53,0.8825664653931469,77.52282956610475,1.0997379170250647
CS2_35,625,1,CS2_35_12_23_10.xlsx,2010-12-20 12:10:10,0.883817862583682,77.63274973067631,1.0996392375415134
CS2_35,626,2,CS2_35_12_23_10.xlsx,2010-12-20 12:10:10,0.879141142825895,77.22195625174001,1.0996243425251282
CS2_35,627,3,CS2_35_12_23_10.xlsx,2010-12-20 12:10:10,0.8767774760032061,77.01433660219358,1.0996098741889
CS2_35,628,4,CS2_35_12_23_10.xlsx,2010-12-20 12:10:10,0.8840302942383329,77.65140929185804,1.0997062651152463
CS2_35,629,5,CS2_35_12_23_10.xlsx,2010-12-20 12:10:10,0.8839602722655124,77.6452587052703,1.0996690275742835
CS2_35,630,6,CS2_35_12_23_10.xlsx,2010-12-20 12:10:10,0.8752407204190895,76.87935114115052,1.0996719561517239
CS2_35,631,7,CS2_35_12_23_10.xlsx,2010-12-20 12:10:10,0.8680687806398879,76.24938264930017,1.0996426281176115
CS2_35,632,8,CS2_35_12_23_10.xlsx,2010-12-20 12:10:10,0.867919701906886,76.23628787891901,1.0996920560535632
CS2_35,633,9,CS2_35_12_23_10.xlsx,2010-12-20 12:10:10,0.8681714585246194,76.25840166426434,1.099722473244918
CS2_35,634,10,CS2_35_12_23_10.xlsx,2010-12-20 12:10:10,0.8659618837214813,76.06431714191515,1.0997300775427568
CS2_35,635,11,CS2_35_12_23_10.xlsx,2010-12-20 12:10:10,0.8652261064301161,75.99968797256223,1.099722473244918
CS2_35,636,12,CS2_35_12_23_10.xlsx,2010-12-20 12:10:10,0.8775408957450015,77.08139382774117,1.0998262216647465
CS2_35,637,13,CS2_35_12_23_10.xlsx,2010-12-20 12:10:10,0.8782306494079535,77.14198037589627,1.0998105302299421
CS2_35,638,14,CS2_35_12_23_10.xlsx,2010-12-20 12:10:10,0.8723565564880076,76.62601209232277,1.0997942388057709
CS2_35,639,15,CS2_35_12_23_10.xlsx,2010-12-20 12:10:10,0.8647681775866563,75.95946444144366,1.0997262753938373
CS2_35,640,16,CS2_35_12_23_10.xlsx,2010-12-20 12:10:10,0.8632402468033327,75.8252541328165,1.0997509893618131
CS2_35,641,17,CS2_35_12_23_10.xlsx,2010-12-20 12:10:10,0.8649364912255351,75.97424876653655,1.0997243743193776
CS2_35,642,18,CS2_35_12_23_10.xlsx,2010-12-20 12:10:10,0.8629236534455362,75.7974452211021,1.0997281764682971
CS2_35,643,19,CS2_35_12_23_10.xlsx,2010-12-20 12:10:10,0.8620764232636731,75.72302625826218,1.0997148689470793
CS2_35,644,20,CS2_35_12_23_10.xlsx,2010-12-20 12:10:10,0.871713262141963,76.56950643534991,1.0998017638921738
CS2_35,645,21,CS2_35_12_23_10.xlsx,2010-12-20 12:10:10,0.8733978450152833,76.71747674251563,1.0997848324477673
CS2_35,646,22,CS2_35_12_23_10.xlsx,2010-12-20 12:10:10,0.8714823291431841,76.54922175401711,1.0998262204229832
CS2_35,647,23,CS2_35_12_23_10.xlsx,2010-12-20 12:10:10,0.8573150539067314,75.30479733201916,1.099733717898105
CS2_35,648,24,CS2_35_12_23_10.xlsx,2010-12-20 12:10:10,0.8533228506789143,74.95413038220995,1.0997164262102006
CS2_35,650,1,CS2_35_1_10_11.xlsx,2011-01-03 10:38:25,0.884058119963465,77.6538534465269,1.0999203809757823
CS2_35,651,2,CS2_35_1_10_11.xlsx,2011-01-03 10:38:25,0.869952616649406,76.4148549435951,1.0999296928445499
CS2_35,652,3,CS2_35_1_10_11.xlsx,2011-01-03 10:38:25,0.844254347902009,74.15757168350548,1.0997335526251024
CS2_35,653,4,CS2_35_1_10_11.xlsx,2011-01-03 10:38:25,0.8304281528121962,72.94310704257012,1.0996756566749823
CS2_35,654,5,CS2_35_1_10_11.xlsx,2011-01-03 10:38:25,0.8416294405901841,73.92700520478618,1.0997995791896698
CS2_35,655,6,CS2_35_1_10_11.xlsx,2011-01-03 10:38:25,0.8423381639867626,73.989258015466,1.0998403603030789
CS2_35,656,7,CS2_35_1_10_11.xlsx,2011-01-03 10:38:25,0.8403508436905724,73.81469587351313,1.0998511677202971
CS2_35,657,8,CS2_35_1_10_11.xlsx,2011-01-03 10:38:25,0.8160729468527332,71.68217517101296,1.0996648073196411
CS2_35,658,9,CS2_35_1_10_11.xlsx,2011-01-03 10:38:25,0.6712730492715178,58.96324892405026,1.0996514655448295
CS2_35,659,10,CS2_35_1_10_11.xlsx,2011-01-03 10:38:25,0.8022740948678733,70.470112292379,1.0996115844358096
CS2_35,660,11,CS2_35_1_10_11.xlsx,2011-01-03 10:38:25,0.7974590176971148,70.04716578184048,1.0996403165838935
CS2_35,661,12,CS2_35_1_10_11.xlsx,2011-01-03 10:38:25,0.7940750950965647,69.7499289557047,1.0996224592471946
CS2_35,662,13,CS2_35_1_10_11.xlsx,2011-01-03 10:38:25,0.7906628762524335,69.45020664552379,1.0995954727304393
CS2_35,663,14,CS2_35_1_10_11.xlsx,2011-01-03 10:38:25,0.8039333972042559,70.61586200899069,1.0997141992503947
CS2_35,664,15,CS2_35_1_10_11.xlsx,2011-01-03 10:38:25,0.8072020898362098,70.9029772708402,1.0997470590505707
CS2_35,665,16,CS2_35_1_10_11.xlsx,2011-01-03 10:38:25,0.8002677467878332,70.29387878888878,1.0997100946578113
CS2_35,666,17,CS2_35_1_10_11.xlsx,2011-01-03 10:38:25,0.7832851919406245,68.80216597558726,1.0996125867200452
CS2_35,667,18,CS2_35_1_10_11.xlsx,2011-01-03 10:38:25,0.7804510075667768,68.55321702863759,1.0995978865512581
CS2_35,668,19,CS2_35_1_10_11.xlsx,2011-01-03 10:38:25,0.7763115357161947,68.18961430482074,1.0995599872925703
CS2_35,669,20,CS2_35_1_10_11.xlsx,2011-01-03 10:38:25,0.7738356869616663,67.97214082429,1.099568486213684
CS2_35,670,21,CS2_35_1_10_11.xlsx,2011-01-03 10:38:25,0.7633189076432636,67.04836848231494,1.0995555860655648
CS2_35,671,22,CS2_35_1_10_11.xlsx,2011-01-03 10:38:25,0.7766230954533242,68.21698107361178,1.099669287371081
CS2_35,672,23,CS2_35_1_10_11.xlsx,2011-01-03 10:38:25,0.7833394326328538,68.80693036683043,1.0996965876845426
CS2_35,673,24,CS2_35_1_10_11.xlsx,2011-01-03 10:38:25,0.7867371939733694,69.10538275952331,1.0997112878533297
CS2_35,674,25,CS2_35_1_10_11.xlsx,2011-01-03 10:38:25,0.7668162803117937,67.35557052991466,1.0996028866086687
CS2_35,675,26,CS2_35_1_10_11.xlsx,2011-01-03 10:38:25,0.7567547768337946,66.47178868470684,1.0995532547134952
CS2_35,676,27,CS2_35_1_10_11.xlsx,2011-01-03 10:38:25,0.7573287549219003,66.52220574364084,1.0995597824992904
CS2_35,677,28,CS2_35_1_10_11.xlsx,2011-01-03 10:38:25,0.7544676645684909,66.27089343058827,1.0995293194989124
CS2_35,678,29,CS2_35_1_10_11.xlsx,2011-01-03 10:38:25,0.7519959453037686,66.05378267597901,1.0995401991419045
CS2_35,679,30,CS2_35_1_10_11.xlsx,2011-01-03 10:38:25,0.7494316416016176,65.82853949413091,1.0995597824992904
CS2_35,680,31,CS2_35_1_10_11.xlsx,2011-01-03 10:38:25,0.7439909821945001,65.35064312203467,1.099517829534484
CS2_35,681,32,CS2_35_1_10_11.xlsx,2011-01-03 10:38:25,0.7418848159142613,65.1656417924089,1.0995156270701711
CS2_35,682,33,CS2_35_1_10_11.xlsx,2011-01-03 10:38:25,0.7431613933989603,65.2777737424147,1.099502412284293
CS2_35,683,34,CS2_35_1_10_11.xlsx,2011-01-03 10:38:25,0.7385635716101469,64.87391049937756,1.0995395006956878
CS2_35,684,35,CS2_35_1_10_11.xlsx,2011-01-03 10:38:25,0.7376823171901776,64.79650291719256,1.099503826212
CS2_35,685,36,CS2_35_1_10_11.xlsx,2011-01-03 10:38:25,0.743631788328944,65.31909226902522,1.0995552714278058
CS2_35,686,37,CS2_35_1_10_11.xlsx,2011-01-03 10:38:25,0.7524115681451669,66.09029013457948,1.099603301071259
CS2_35,687,38,CS2_35_1_10_11.xlsx,2011-01-03 10:38:25,0.7556834689471827,66.37768719551232,1.0996185325714478
CS2_35,688,39,CS2_35_1_10_11.xlsx,2011-01-03 10:38:25,0.7503945094126934,65.91311582933017,1.099655523357621
CS2_35,689,40,CS2_35_1_10_11.xlsx,2011-01-03 10:38:25,0.7531053701464039,66.15123228047278,1.0996468196432274
CS2_35,690,41,CS2_35_1_10_11.xlsx,2011-01-03 10:38:25,0.750439025573872,65.91702603769556,1.099644643714629
CS2_35,691,42,CS2_35_1_10_11.xlsx,2011-01-03 10:38:25,0.7545701051092308,66.27989159774263,1.099655523357621
CS2_35,692,43,CS2_35_1_10_11.xlsx,2011-01-03 10:38:25,0.755752676764061,66.38376626831067,1.0996424677860306
CS2_35,693,44,CS2_35_1_10_11.xlsx,2011-01-03 10:38:25,0.7530025739815187,66.14220287602232,1.0996533474290227
CS2_35,694,45,CS2_35_1_10_11.xlsx,2011-01-03 10:38:25,0.7568442007030214,66.47964349411218,1.0996816345008023
CS2_35,695,46,CS2_35_1_10_11.xlsx,2011-01-03 10:38:25,0.7538745844274644,66.21879848647393,1.099644643714629
CS2_35,696,47,CS2_35_1_10_11.xlsx,2011-01-03 10:38:25,0.7533568510578448,66.1733218483424,1.099675106715007
CS2_35,697,48,CS2_35_1_10_11.xlsx,2011-01-03 10:38:25,0.7522679166483712,66.07767208150396,1.0996533474290227
CS2_35,698,49,CS2_35_1_10_11.xlsx,2011-01-03 10:38:25,0.7509454949082865,65.96151326605948,1.099664227072015
CS2_35,699,50,CS2_35_1_10_11.xlsx,2011-01-03 10:38:25,0.7490181733268102,65.79222128824416,1.0996521798575796
CS2_35,700,1,CS2_35_1_18_11.xlsx,2011-01-10 11:47:49,0.782814594476281,68.76082965877366,1.099679787491643
CS2_35,701,2,CS2_35_1_18_11.xlsx,2011-01-10 11:47:49,0.773486101492527,67.94143395313009,1.0996895958395565
CS2_35,702,3,CS2_35_1_18_11.xlsx,2011-01-10 11:47:49,0.6391207463392738,56.13905652822453,1.0996587872505188
CS2_35,703,4,CS2_35_1_18_11.xlsx,2011-01-10 11:47:49,0.7594716871836624,66.71043652173447,1.0996946900723927
CS2_35,704,5,CS2_35_1_18_11.xlsx,2011-01-10 11:47:49,0.756065004939384,66.41120053513777,1.0996620511434165
CS2_35,705,6,CS2_35_1_18_11.xlsx,2011-01-10 11:47:49,0.7529785181519504,66.14008986125367,1.099655523357621
CS2_35,706,7,CS2_35_1_18_11.xlsx,2011-01-10 11:47:49,0.751015271125385,65.96764226596827,1.0996794585722038
CS2_35,707,8,CS2_35_1_18_11.xlsx,2011-01-10 11:47:49,0.74955401992578,65.83928895532011,1.0996631921791449
CS2_35,708,9,CS2_35_1_18_11.xlsx,2011-01-10 11:47:49,0.6218055507142868,54.618125230725376,1.0996600959611975
CS2_35,709,10,CS2_35_1_18_11.xlsx,2011-01-10 11:47:49,0.7486476213544027,65.75967276240647,1.0996940266795274
CS2_35,710,11,CS2_35_1_18_11.xlsx,2011-01-10 11:47:49,0.7471834284528658,65.63106105868943,1.0996962291438406
CS2_35,711,12,CS2_35_1_18_11.xlsx,2011-01-10 11:47:49,0.7418475218745897,65.16236596039552,1.0996911172513608
CS2_35,712,13,CS2_35_1_18_11.xlsx,2011-01-10 11:47:49,0.7378821852586359,64.81405891871125,1.0996933469065913
CS2_35,713,14,CS2_35_1_18_11.xlsx,2011-01-10 11:47:49,0.7350316082952908,64.56367008029552,1.099577404834606
CS2_35,714,15,CS2_35_1_18_11.xlsx,2011-01-10 11:47:49,0.732995864265936,64.38485449686229,1.0995640269032232
CS2_35,715,16,CS2_35_1_18_11.xlsx,2011-01-10 11:47:49,0.7314553011956004,64.24953459403292,1.0995820313692093
CS2_35,716,17,CS2_35_1_18_11.xlsx,2011-01-10 11:47:49,0.5964677639037088,52.39250596518515,1.0995739590037952
CS2_35,717,18,CS2_35_1_18_11.xlsx,2011-01-10 11:47:49,0.727628346094999,63.91338270105463,1.0995730012655258
CS2_35,718,19,CS2_35_1_18_11.xlsx,2011-01-10 11:47:49,0.7335194011953838,64.43084090779516,1.0995885531107585
CS2_35,719,20,CS2_35_1_18_11.xlsx,2011-01-10 11:47:49,0.7394593560732563,64.95259437077377,1.0997067248379742
CS2_35,720,21,CS2_35_1_18_11.xlsx,2011-01-10 11:47:49,0.7262395275412423,63.79139172557251,1.0996429845690727
CS2_35,721,22,CS2_35_1_18_11.xlsx,2011-01-10 11:47:49,0.7216883188945395,63.391622885408204,1.099641641484031
CS2_35,722,23,CS2_35_1_18_11.xlsx,2011-01-10 11:47:49,0.7179513574431056,63.06337585013754,1.0996096360532543
CS2_35,723,24,CS2_35_1_18_11.xlsx,2011-01-10 11:47:49,0.7152297200167794,62.82431279640161,1.099593633337866
CS2_35,724,25,CS2_35_1_18_11.xlsx,2011-01-10 11:47:49,0.7127256174473438,62.6043575586735,1.0996310023161082
CS2_35,725,26,CS2_35_1_18_11.xlsx,2011-01-10 11:47:49,0.7103789832688499,62.39823402168601,1.099612479026501
CS2_35,726,27,CS2_35_1_18_11.xlsx,2011-01-10 11:47:49,0.5669084807401319,49.79607911163886,1.099568486213684
CS2_35,727,28,CS2_35_1_18_11.xlsx,2011-01-10 11:47:49,0.7068357061331589,62.08699981976867,1.0995800632696886
CS2_35,728,29,CS2_35_1_18_11.xlsx,2011-01-10 11:47:49,0.7080317321882319,62.19205629728024,1.0996009019704966
CS2_35,729,30,CS2_35_1_18_11.xlsx,2011-01-10 11:47:49,0.7091808068952581,62.29298866460267,1.09963563313851
CS2_35,730,31,CS2_35_1_18_11.xlsx,2011-01-10 11:47:49,0.7066166484283976,62.06775823992483,1.0996009019704966
CS2_35,731,32,CS2_35_1_18_11.xlsx,2011-01-10 11:47:49,0.7020404103441145,61.66579086525944,1.0995849045840176
CS2_35,732,33,CS2_35_1_18_11.xlsx,2011-01-10 11:47:49,0.6992944329675232,61.42458984017512,1.099566140732208
CS2_35,733,34,CS2_35_1_18_11.xlsx,2011-01-10 11:47:49,0.6920261000049877,60.78615436865136,1.0995257120383413
CS2_35,734,35,CS2_35_1_18_11.xlsx,2011-01-10 11:47:49,0.6885698250041905,60.482562255958705,1.0995566044983112
CS2_35,735,36,CS2_35_1_18_11.xlsx,2011-01-10 11:47:49,0.6860065674252027,60.257410963425315,1.0995375937537144
CS2_35,736,37,CS2_35_1_18_11.xlsx,2011-01-10 11:47:49,0.6854369278382642,60.20737498954241,1.0995304647244906
CS2_35,737,38,CS2_35_1_18_11.xlsx,2011-01-10 11:47:49,0.6867965489176022,60.32680131870964,1.099532841067565
CS2_35,738,39,CS2_35_1_18_11.xlsx,2011-01-10 11:47:49,0.5416685002335164,47.579050951391984,1.099547415971756
CS2_35,739,40,CS2_35_1_18_11.xlsx,2011-01-10 11:47:49,0.6847564270204494,60.147601192341135,1.0995732388998334
CS2_35,740,41,CS2_35_1_18_11.xlsx,2011-01-10 11:47:49,0.682688900472403,59.96599389760193,1.0995275497436523
CS2_35,741,42,CS2_35_1_18_11.xlsx,2011-01-10 11:47:49,0.6792929175072793,59.667697713758805,1.0995275497436523
CS2_35,742,43,CS2_35_1_18_11.xlsx,2011-01-10 11:47:49,0.6777881022454686,59.53551782516781,1.099534773826599
CS2_35,743,44,CS2_35_1_18_11.xlsx,2011-01-10 11:47:49,0.6757981341056727,59.360723102059154,1.0995516300201416
CS2_35,744,45,CS2_35_1_18_11.xlsx,2011-01-10 11:47:49,0.6745704987889845,59.252890131788114,1.0995275497436523
CS2_35,745,46,CS2_35_1_18_11.xlsx,2011-01-10 11:47:49,0.6733391109067703,59.14472754385189,1.0995538428023055
CS2_35,746,47,CS2_35_1_18_11.xlsx,2011-01-10 11:47:49,0.6718604819785199,59.01484780913388,1.099519674842422
CS2_35,747,48,CS2_35_1_18_11.xlsx,2011-01-10 11:47:49,0.6732639468444859,59.13812528666396,1.0995343182538007
CS2_35,748,49,CS2_35_1_18_11.xlsx,2011-01-10 11:47:49,0.6733289369794804,59.14383388692944,1.0995294371166744
CS2_35,749,50,CS2_35_1_18_11.xlsx,2011-01-10 11:47:49,0.674108410202706,59.212301217385445,1.0995123531367328
CS2_35,750,1,CS2_35_1_24_11.xlsx,2011-01-18 13:17:53,0.706291813363732,62.03922539356981,1.099547647512876
CS2_35,751,2,CS2_35_1_24_11.xlsx,2011-01-18 13:17:53,0.6929371043283811,60.86617512138294,1.0995518518121619
CS2_35,752,3,CS2_35_1_24_11.xlsx,2011-01-18 13:17:53,0.6837187843525421,60.056456786963274,1.0995444059371948
CS2_35,753,4,CS2_35_1_24_11.xlsx,2011-01-18 13:17:53,0.6779283520951047,59.547837084528254,1.0995155096054077
CS2_35,754,5,CS2_35_1_24_11.xlsx,2011-01-18 13:17:53,0.6732169605870282,59.13399811010369,1.0995343182538007
CS2_35,755,6,CS2_35_1_24_11.xlsx,2011-01-18 13:17:53,0.6704579266846253,58.89165022655046,1.0995147937052958
CS2_35,756,7,CS2_35_1_24_11.xlsx,2011-01-18 13:17:53,0.666788995333877,58.56937881590141,1.099517234273859
CS2_35,757,8,CS2_35_1_24_11.xlsx,2011-01-18 13:17:53,0.6659151764349449,58.49262435464576,1.0995611645079948
CS2_35,758,9,CS2_35_1_24_11.xlsx,2011-01-18 13:17:53,0.6666837120492977,58.56013094795418,1.0995587239394318
CS2_35,759,10,CS2_35_1_24_11.xlsx,2011-01-18 13:17:53,0.6678929033425014,58.66634383300199,1.0995562833708685
CS2_35,760,11,CS2_35_1_24_11.xlsx,2011-01-18 13:17:53,0.6603417159490528,58.00306300795584,1.0995709602146932
CS2_35,761,12,CS2_35_1_24_11.xlsx,2011-01-18 13:17:53,0.6542327060764617,57.466460100706726,1.0995333691438038
CS2_35,762,13,CS2_35_1_24_11.xlsx,2011-01-18 13:17:53,0.6487460960811458,56.984527523115425,1.099508285522461
CS2_35,763,14,CS2_35_1_24_11.xlsx,2011-01-18 13:17:53,0.6430595008502831,56.48502865228849,1.0995201560812937
CS2_35,764,15,CS2_35_1_24_11.xlsx,2011-01-18 13:17:53,0.6387747295882775,56.108663125952496,1.0994794570224387
CS2_35,765,16,CS2_35_1_24_11.xlsx,2011-01-18 13:17:53,0.6362478723216256,55.88670916225495,1.099519465650831
CS2_35,766,17,CS2_35_1_24_11.xlsx,2011-01-18 13:17:53,0.6337522109036637,55.6674953779728,1.0994601249694824
CS2_35,767,18,CS2_35_1_24_11.xlsx,2011-01-18 13:17:53,0.6344444276983268,55.7282982825694,1.099503985473088
CS2_35,768,19,CS2_35_1_24_11.xlsx,2011-01-18 13:17:53,0.636263997672712,55.88812558004669,1.0995272057397025
CS2_35,769,20,CS2_35_1_24_11.xlsx,2011-01-18 13:17:53,0.6355559075641679,55.82592839608994,1.0994962453842163
CS2_35,770,21,CS2_35_1_24_11.xlsx,2011-01-18 13:17:53,0.6375670516546776,56.002583171310775,1.0994743696400817
CS2_35,771,22,CS2_35_1_24_11.xlsx,2011-01-18 13:17:53,0.6284736968243347,55.203841519164754,1.0994214245251246
CS2_35,772,23,CS2_35_1_24_11.xlsx,2011-01-18 13:17:53,0.622922482652573,54.71623424311589,1.099390501561372
CS2_35,773,24,CS2_35_1_24_11.xlsx,2011-01-18 13:17:53,0.6209866852660308,54.54619776795414,1.0994088235108748
CS2_35,774,25,CS2_35_1_24_11.xlsx,2011-01-18 13:17:53,0.6185284525625026,54.33027164524047,1.0993878841400146
CS2_35,775,26,CS2_35_1_24_11.xlsx,2011-01-18 13:17:53,0.6166508614693242,54.165347891598344,1.0993878841400146
CS2_35,776,27,CS2_35_1_24_11.xlsx,2011-01-18 13:17:53,0.6150398361939686,54.02383873308704,1.0994091314427994
CS2_35,777,28,CS2_35_1_24_11.xlsx,2011-01-18 13:17:53,0.6171168210622788,54.20627682729411,1.0994117873556473
CS2_35,778,29,CS2_35_1_24_11.xlsx,2011-01-18 13:17:53,0.6188144990419389,54.35539738176327,1.0994480848312378
CS2_35,779,30,CS2_35_1_24_11.xlsx,2011-01-18 13:17:53,0.6163745821027433,54.14108007825179,1.0994144432684954
CS2_35,780,31,CS2_35_1_24_11.xlsx,2011-01-18 13:17:53,0.6129891006963177,53.843706329802565,1.0994489701355206
CS2_35,781,32,CS2_35_1_24_11.xlsx,2011-01-18 13:17:53,0.6053911522284743,53.1763181078149,1.0994094485667214
CS2_35,782,33,CS2_35_1_24_11.xlsx,2011-01-18 13:17:53,0.6030464663027892,52.970365701361345,1.099414839673398
CS2_35,783,34,CS2_35_1_24_11.xlsx,2011-01-18 13:17:53,0.5985572459934936,52.576041789714424,1.0993878841400146
CS2_35,784,35,CS2_35_1_24_11.xlsx,2011-01-18 13:17:53,0.5964412050182446,52.39017308711643,1.0993878841400146
CS2_35,785,36,CS2_35_1_24_11.xlsx,2011-01-18 13:17:53,0.5941914577892007,52.19255990120607,1.0993632565845142
CS2_35,786,37,CS2_35_1_24_11.xlsx,2011-01-18 13:17:53,0.5921803176035816,52.01590546898282,1.0993933569301257
CS2_35,787,38,CS2_35_1_24_11.xlsx,2011-01-18 13:17:53,0.5898195541344755,51.8085408440649,1.0993712131793683
CS2_35,788,39,CS2_35_1_24_11.xlsx,2011-01-18 13:17:53,0.5876765497967682,51.62030373496796,1.099362877699045
CS2_35,789,40,CS2_35_1_24_11.xlsx,2011-01-18 13:17:53,0.5854585952150195,51.425483150039355,1.0993739916728094
CS2_35,791,42,CS2_35_1_24_11.xlsx,2011-01-18 13:17:53,0.6043831719738897,53.0877791880324,1.0994714462935036
CS2_35,792,43,CS2_35_1_24_11.xlsx,2011-01-18 13:17:53,0.6104799963890493,53.62331174967391,1.09950474430533
CS2_35,793,44,CS2_35_1_24_11.xlsx,2011-01-18 13:17:53,0.6124332960728296,53.79488559075541,1.0995153679567224
CS2_35,794,45,CS2_35_1_24_11.xlsx,2011-01-18 13:17:53,0.6135167871471161,53.89005722618674,1.0995074002181782
CS2_35,795,46,CS2_35_1_24_11.xlsx,2011-01-18 13:17:53,0.6132282566149811,53.86471329556578,1.0995127120438744
CS2_35,796,47,CS2_35_1_24_11.xlsx,2011-01-18 13:17:53,0.6131514204851243,53.85796416738905,1.0995392711723553
CS2_35,797,48,CS2_35_1_24_11.xlsx,2011-01-18 13:17:53,0.6126591521596225,53.81472432654414,1.0995578625622917
CS2_35,798,49,CS2_35_1_24_11.xlsx,2011-01-18 13:17:53,0.6121156364902518,53.76698302404136,1.0995392711723553
CS2_35,799,50,CS2_35_1_24_11.xlsx,2011-01-18 13:17:53,0.6112172327128782,53.68806907744828,1.0995605184751398
CS2_35,800,1,CS2_35_1_28_11.xlsx,2011-01-24 10:54:44,0.606471429344646,53.27120743575219,1.0995253573602706
CS2_35,801,2,CS2_35_1_28_11.xlsx,2011-01-24 10:54:44,0.5928617885555449,52.0757644807795,1.0995411222631282
CS2_35,802,3,CS2_35_1_28_11.xlsx,2011-01-24 10:54:44,0.5833132924447331,51.237044151335134,1.099521251825186
CS2_35,803,4,CS2_35_1_28_11.xlsx,2011-01-24 10:54:44,0.5762375067452867,50.615521636789886,1.0994894728064537
CS2_35,804,5,CS2_35_1_28_11.xlsx,2011-01-24 10:54:44,0.5706666096233741,50.126185450738504,1.0994910853249686
CS2_35,805,6,CS2_35_1_28_11.xlsx,2011-01-24 10:54:44,0.5657432772651831,49.69373002639682,1.0995168856212072
CS2_35,806,7,CS2_35_1_28_11.xlsx,2011-01-24 10:54:44,0.5608864302227627,49.26711453593575,1.0995073145435703
CS2_35,807,8,CS2_35_1_28_11.xlsx,2011-01-24 10:54:44,0.5586818935386901,49.07347255164003,1.0995131404169145
CS2_35,808,9,CS2_35_1_28_11.xlsx,2011-01-24 10:54:44,0.5550980854015375,48.75867818961955,1.0994548816834726
CS2_35,809,10,CS2_35_1_28_11.xlsx,2011-01-24 10:54:44,0.5572309554082819,48.94602511985426,1.0995073145435703
CS2_35,810,11,CS2_35_1_28_11.xlsx,2011-01-24 10:54:44,0.554962389532248,48.7467589425597,1.0995102274802424
CS2_35,811,12,CS2_35_1_28_11.xlsx,2011-01-24 10:54:44,0.5489116259425986,48.21527226943279,1.0995329579368966
CS2_35,812,13,CS2_35_1_28_11.xlsx,2011-01-24 10:54:44,0.5513171519030413,48.42656873985236,1.0995270365574321
CS2_35,813,14,CS2_35_1_28_11.xlsx,2011-01-24 10:54:44,0.5503605837698364,48.34254575544656,1.0995329579368966
CS2_35,814,15,CS2_35_1_28_11.xlsx,2011-01-24 10:54:44,0.537520763219244,47.21472223253541,1.0994992554187775
CS2_35,815,16,CS2_35_1_28_11.xlsx,2011-01-24 10:54:44,0.5341464393921083,46.91832854298437,1.099498082015474
CS2_35,816,17,CS2_35_1_28_11.xlsx,2011-01-24 10:54:44,0.5341484134489036,46.918501940087594,1.09950114306757
CS2_35,817,18,CS2_35_1_28_11.xlsx,2011-01-24 10:54:44,0.5395268508712281,47.39093286055893,1.0995323657989502
CS2_35,818,19,CS2_35_1_28_11.xlsx,2011-01-24 10:54:44,0.5411774630904151,47.5359192550859,1.0995534360408783
CS2_35,819,20,CS2_35_1_28_11.xlsx,2011-01-24 10:54:44,0.5408526873383899,47.50739161863164,1.099490225315094
CS2_35,820,21,CS2_35_1_28_11.xlsx,2011-01-24 10:54:44,0.5411667755300762,47.53498048168909,1.0995413959026337
CS2_35,821,22,CS2_35_1_28_11.xlsx,2011-01-24 10:54:44,0.5471614982829465,48.06154464256483,1.0995625648342195
CS2_35,822,23,CS2_35_1_28_11.xlsx,2011-01-24 10:54:44,0.5435079047363551,47.740620473199236,1.0995624661445618
CS2_35,823,24,CS2_35_1_28_11.xlsx,2011-01-24 10:54:44,0.538382514880448,47.290416732359915,1.0995413959026337
CS2_35,824,25,CS2_35_1_28_11.xlsx,2011-01-24 10:54:44,0.5333675849982118,46.849915569228386,1.0995103262238584
CS2_35,825,26,CS2_35_1_28_11.xlsx,2011-01-24 10:54:44,0.530995064597251,46.641518239511285,1.0995225704322427
CS2_35,826,27,CS2_35_1_28_11.xlsx,2011-01-24 10:54:44,0.5277774492967602,46.35888950577833,1.0995225704322427
CS2_35,827,28,CS2_35_1_28_11.xlsx,2011-01-24 10:54:44,0.520675965603905,45.73510973215817,1.0995217787808385
CS2_35,828,29,CS2_35_1_28_11.xlsx,2011-01-24 10:54:44,0.5109830218519917,44.88370141795411,1.099505117065028
CS2_35,829,30,CS2_35_1_28_11.xlsx,2011-01-24 10:54:44,0.5070853145592462,44.54133479741922,1.0995136605841773
CS2_35,830,31,CS2_35_1_28_11.xlsx,2011-01-24 10:54:44,0.5071775927247621,44.54944032236094,1.0994975353990282
CS2_35,831,32,CS2_35_1_28_11.xlsx,2011-01-24 10:54:44,0.5047370444106924,44.33506756017447,1.0994878602879388
CS2_35,837,1,CS2_35_2_10_11.xlsx,2011-01-31 10:51:35,0.500405708768566,43.95461191411887,1.0995749362877436
CS2_35,887,1,CS2_35_2_4_11.xlsx,2011-01-31 10:51:35,0.500405708768566,43.95461191411887,1.0995749362877436
CS2_36,1,1,CS2_36_8_17_10.xlsx,2010-08-16 13:45:06,1.144814445892998,100.0,1.100038525906015
CS2_36,2,1,CS2_36_8_18_10.xlsx,2010-08-17 14:31:07,1.143606232834942,99.89446210585562,1.0999929810327196
CS2_36,3,1,CS2_36_8_19_10.xlsx,2010-08-18 10:59:32,1.143132552475358,99.85308593688053,1.0999669905692813
CS2_36,4,1,CS2_36_8_30_10.xlsx,2010-08-19 14:21:52,1.142040503738553,99.75769504268605,1.0999742084079318
CS2_36,5,2,CS2_36_8_30_10.xlsx,2010-08-19 14:21:52,1.1391394367314212,99.5042856786149,1.0999865245819092
CS2_36,6,3,CS2_36_8_30_10.xlsx,2010-08-19 14:21:52,1.138813270188575,99.47579490056644,1.099979248046875
CS2_36,7,4,CS2_36_8_30_10.xlsx,2010-08-19 14:21:52,1.1346128606968113,99.10888745046982,1.0999792461395264
CS2_36,8,5,CS2_36_8_30_10.xlsx,2010-08-19 14:21:52,1.1249491927044888,98.26476218397002,1.0999608885857366
CS2_36,9,6,CS2_36_8_30_10.xlsx,2010-08-19 14:21:52,1.1216790281016351,97.97911199720086,1.099955548115862
CS2_36,10,7,CS2_36_8_30_10.xlsx,2010-08-19 14:21:52,1.119216729959449,97.76402926907673,1.0999599850274684
CS2_36,11,8,CS2_36_8_30_10.xlsx,2010-08-19 14:21:52,1.115648283750585,97.45232406465117,1.0999481513248226
CS2_36,12,9,CS2_36_8_30_10.xlsx,2010-08-19 14:21:52,1.1208542594299384,97.90706812365826,1.0999658980020663
CS2_36,13,10,CS2_36_8_30_10.xlsx,2010-08-19 14:21:52,1.1222667081907467,98.03044608817254,1.099971160773308
CS2_36,14,11,CS2_36_8_30_10.xlsx,2010-08-19 14:21:52,1.122378829351586,98.0402399164424,1.099987296327468
CS2_36,15,12,CS2_36_8_30_10.xlsx,2010-08-19 14:21:52,1.122203365223882,98.02491305466725,1.0999931673849783
CS2_36,16,13,CS2_36_8_30_10.xlsx,2010-08-19 14:21:52,1.121781247314793,97.98804088637803,1.0999887662549173
CS2_36,17,14,CS2_36_8_30_10.xlsx,2010-08-19 14:21:52,1.121477567010361,97.96151429025396,1.099977029908088
CS2_36,18,15,CS2_36_8_30_10.xlsx,2010-08-19 14:21:52,1.1212662827133837,97.94305852235766,1.099984364163491
CS2_36,19,16,CS2_36_8_30_10.xlsx,2010-08-19 14:21:52,1.120613351794713,97.88602474531082,1.0999910443778929
CS2_36,20,17,CS2_36_8_30_10.xlsx,2010-08-19 14:21:52,1.1198550374038874,97.81978567979709,1.0999940013497826
CS2_36,21,18,CS2_36_8_30_10.xlsx,2010-08-19 14:21:52,1.1192053669419408,97.76303670494993,1.0999895634689951
CS2_36,22,19,CS2_36_8_30_10.xlsx,2010-08-19 14:21:52,1.1185572128727372,97.70642018761572,1.0999895644381763
CS2_36,23,20,CS2_36_8_30_10.xlsx,2010-08-19 14:21:52,1.1181413768949007,97.6700967485354,1.0999762507958142
CS2_36,24,21,CS2_36_8_30_10.xlsx,2010-08-19 14:21:52,1.1178567400970003,97.64523361032803,1.0999910443778929
CS2_36,25,22,CS2_36_8_30_10.xlsx,2010-08-19 14:21:52,1.1170250296166664,97.57258336702286,1.0999940023189638
CS2_36,26,23,CS2_36_8_30_10.xlsx,2010-08-19 14:21:52,1.1163531813507674,97.51389715212497,1.099995480320318
CS2_36,27,24,CS2_36_8_30_10.xlsx,2010-08-19 14:21:52,1.1157656356579295,97.46257480072158,1.1000073101462386
CS2_36,28,25,CS2_36_8_30_10.xlsx,2010-08-19 14:21:52,1.1053791937627508,96.55531494455538,1.0999635360280022
CS2_36,29,26,CS2_36_8_30_10.xlsx,2010-08-19 14:21:52,1.1013944258703532,96.2072438744625,1.0999686501242898
CS2_36,30,27,CS2_36_8_30_10.xlsx,2010-08-19 14:21:52,1.0990854008480326,96.00554961469804,1.0999596286411129
CS2_36,31,28,CS2_36_8_30_10.xlsx,2010-08-19 14:21:52,1.0974376527999006,95.86161816326995,1.0999506091283373
CS2_36,32,29,CS2_36_8_30_10.xlsx,2010-08-19 14:21:52,1.0953461686285202,95.67892618389429,1.0999566227936548
CS2_36,33,30,CS2_36_8_30_10.xlsx,2010-08-19 14:21:52,1.1034348870684099,96.38547897669909,1.0999829212173087
CS2_36,34,31,CS2_36_8_30_10.xlsx,2010-08-19 14:21:52,1.1047575416403745,96.50101338288253,1.0999739727035898
CS2_36,35,32,CS2_36_8_30_10.xlsx,2010-08-19 14:21:52,1.0951884345150376,95.66514804595688,1.099949104726807
CS2_36,36,33,CS2_36_8_30_10.xlsx,2010-08-19 14:21:52,1.0913624805413278,95.33094943521824,1.0999541441599527
CS2_36,37,34,CS2_36_8_30_10.xlsx,2010-08-19 14:21:52,1.0908970421320134,95.29029320389759,1.0999435285727184
CS2_36,38,35,CS2_36_8_30_10.xlsx,2010-08-19 14:21:52,1.0893957875041664,95.15915801135763,1.0999480774005255
CS2_36,39,36,CS2_36_8_30_10.xlsx,2010-08-19 14:21:52,1.0900145756285013,95.2132094016554,1.0999480764071146
CS2_36,40,37,CS2_36_8_30_10.xlsx,2010-08-19 14:21:52,1.096985283504793,95.8221035243055,1.0999791769941976
CS2_36,41,38,CS2_36_8_30_10.xlsx,2010-08-19 14:21:52,1.097973230071048,95.90840105224108,1.0999716569569484
CS2_36,42,39,CS2_36_8_30_10.xlsx,2010-08-19 14:21:52,1.0879059510926155,95.02902020458068,1.0999526272217433
CS2_36,43,40,CS2_36_8_30_10.xlsx,2010-08-19 14:21:52,1.0862253531940382,94.8822193055698,1.0999389817317327
CS2_36,44,41,CS2_36_8_30_10.xlsx,2010-08-19 14:21:52,1.0858257011997665,94.84730954393066,1.099943529566129
CS2_36,45,42,CS2_36_8_30_10.xlsx,2010-08-19 14:21:52,1.085157358758991,94.78892956426033,1.0999302172861178
CS2_36,46,43,CS2_36_8_30_10.xlsx,2010-08-19 14:21:52,1.0838545416647776,94.67512796969734,1.0999546752256506
CS2_36,47,44,CS2_36_8_30_10.xlsx,2010-08-19 14:21:52,1.091656778253295,95.35665645813563,1.0999662687381109
CS2_36,48,45,CS2_36_8_30_10.xlsx,2010-08-19 14:21:52,1.0930264993288858,95.47630214224667,1.0999708165725073
CS2_36,49,46,CS2_36_8_30_10.xlsx,2010-08-19 14:21:52,1.0846347846431215,94.74328250610655,1.0999439744388355
CS2_36,50,47,CS2_36_8_30_10.xlsx,2010-08-19 14:21:52,1.0832254944868964,94.62018044696667,1.099953149547096
CS2_36,51,48,CS2_36_8_30_10.xlsx,2010-08-19 14:21:52,1.0821485466805356,94.52610862508983,1.0999470348117732
CS2_36,52,49,CS2_36_8_30_10.xlsx,2010-08-19 14:21:52,1.0810717297027281,94.43204823113948,1.0999455051261837
CS2_36,53,50,CS2_36_8_30_10.xlsx,2010-08-19 14:21:52,1.0789012818692356,94.24245874427731,1.1000632278057707
CS2_36,54,1,CS2_36_9_7_10.xlsx,2010-08-31 13:30:15,1.114267753115097,97.33173416115714,1.0999644219390745
CS2_36,55,2,CS2_36_9_7_10.xlsx,2010-08-31 13:30:15,1.1117473022840059,97.1115717723846,1.0999754667282104
CS2_36,56,3,CS2_36_9_7_10.xlsx,2010-08-31 13:30:15,1.115072097163356,97.4019939356686,1.0999969592908534
CS2_36,57,4,CS2_36_9_7_10.xlsx,2010-08-31 13:30:15,1.114709035214378,97.37028032912909,1.1000191448180656
CS2_36,58,5,CS2_36_9_7_10.xlsx,2010-08-31 13:30:15,1.1063412755833664,96.63935317660835,1.0999784479375745
CS2_36,59,6,CS2_36_9_7_10.xlsx,2010-08-31 13:30:15,0.9900237025513556,86.47896662232456,1.0999588999179526
CS2_36,60,7,CS2_36_9_7_10.xlsx,2010-08-31 13:30:15,1.1023591244661288,96.29151068287294,1.0999626364589723
CS2_36,61,8,CS2_36_9_7_10.xlsx,2010-08-31 13:30:15,1.1002012014937943,96.10301524764533,1.099977670622266
CS2_36,62,9,CS2_36_9_7_10.xlsx,2010-08-31 13:30:15,1.0933557235504132,95.5050600097516,1.0999465624491374
CS2_36,63,10,CS2_36_9_7_10.xlsx,2010-08-31 13:30:15,1.095410354760288,95.68453286819133,1.0999611340278437
CS2_36,64,11,CS2_36_9_7_10.xlsx,2010-08-31 13:30:15,1.0936111187751703,95.52736888484253,1.099949594338735
CS2_36,65,12,CS2_36_9_7_10.xlsx,2010-08-31 13:30:15,1.0874160778268003,94.98622957876593,1.099946563442548
CS2_36,66,13,CS2_36_9_7_10.xlsx,2010-08-31 13:30:15,1.0860582172850428,94.86761991703177,1.0999378607052714
CS2_36,67,14,CS2_36_9_7_10.xlsx,2010-08-31 13:30:15,1.0844979063127678,94.73132612917186,1.0999134007622213
CS2_36,68,15,CS2_36_9_7_10.xlsx,2010-08-31 13:30:15,1.0834671708949664,94.64129097792974,1.09988894182093
CS2_36,69,16,CS2_36_9_7_10.xlsx,2010-08-31 13:30:15,1.0801288987041175,94.34969156609276,1.099862954195808
CS2_36,70,17,CS2_36_9_7_10.xlsx,2010-08-31 13:30:15,1.0817257348972475,94.48917584661163,1.0998690689311308
CS2_36,71,18,CS2_36_9_7_10.xlsx,2010-08-31 13:30:15,1.081141039008223,94.43810242671184,1.0998904705047607
CS2_36,72,19,CS2_36_9_7_10.xlsx,2010-08-31 13:30:15,1.0766350273952519,94.0445005090267,1.0998719708394196
CS2_36,73,20,CS2_36_9_7_10.xlsx,2010-08-31 13:30:15,1.07591739639712,93.98181515414615,1.0998503878965216
CS2_36,74,21,CS2_36_9_7_10.xlsx,2010-08-31 13:30:15,1.0752225663489199,93.921121471367,1.0998473046189647
CS2_36,75,22,CS2_36_9_7_10.xlsx,2010-08-31 13:30:15,1.0743965813337404,93.8489713497344,1.0998611793679707
CS2_36,76,23,CS2_36_9_7_10.xlsx,2010-08-31 13:30:15,1.0727443860518662,93.70465143065918,1.0998519295353
CS2_36,77,24,CS2_36_9_7_10.xlsx,2010-08-31 13:30:15,1.0750524769990264,93.90626409858459,1.0998457629801863
CS2_36,78,25,CS2_36_9_7_10.xlsx,2010-08-31 13:30:15,1.0743707882977596,93.84671831771918,1.0998519295353
CS2_36,79,26,CS2_36_9_7_10.xlsx,2010-08-31 13:30:15,1.0736001857101414,93.77940587329793,1.0998673459230843
CS2_36,80,27,CS2_36_9_7_10.xlsx,2010-08-31 13:30:15,1.0730867551155754,93.73455750538923,1.0998765957557548
CS2_36,81,28,CS2_36_9_7_10.xlsx,2010-08-31 13:30:15,1.0726845628558976,93.69942585055027,1.0998673459230843
CS2_36,82,29,CS2_36_9_7_10.xlsx,2010-08-31 13:30:15,0.95668330659392,83.56666969271787,1.099880075454712
CS2_36,83,30,CS2_36_9_7_10.xlsx,2010-08-31 13:30:15,0.9559676269177046,83.50415478658763,1.099880075454712
CS2_36,84,31,CS2_36_9_7_10.xlsx,2010-08-31 13:30:15,1.0709256910043763,93.54578769042473,1.0998596377291923
CS2_36,85,32,CS2_36_9_7_10.xlsx,2010-08-31 13:30:15,1.070117653943143,93.47520532975203,1.0998812216823384
CS2_36,86,33,CS2_36_9_7_10.xlsx,2010-08-31 13:30:15,1.0695605913097666,93.42654568579184,1.0998596377291923
CS2_36,87,34,CS2_36_9_7_10.xlsx,2010-08-31 13:30:15,1.0689665476491896,93.37465573430599,1.0998981786986528
CS2_36,88,35,CS2_36_9_7_10.xlsx,2010-08-31 13:30:15,0.951256431268277,83.09262996120401,1.099880075454712
CS2_36,89,36,CS2_36_9_7_10.xlsx,2010-08-31 13:30:15,1.0678615940529426,93.27813759547475,1.0998765957557548
CS2_36,90,37,CS2_36_9_7_10.xlsx,2010-08-31 13:30:15,1.0681034217830216,93.29926134447588,1.0998889288659823
CS2_36,91,38,CS2_36_9_7_10.xlsx,2010-08-31 13:30:15,1.0667920283887184,93.18471060666785,1.0998935801351173
CS2_36,92,39,CS2_36_9_7_10.xlsx,2010-08-31 13:30:15,1.066112427706578,93.12534721510877,1.0998733675378
CS2_36,93,40,CS2_36_9_7_10.xlsx,2010-08-31 13:30:15,1.0649888657975026,93.027203632705,1.0998780319833348
CS2_36,94,41,CS2_36_9_7_10.xlsx,2010-08-31 13:30:15,1.058600552550061,92.46918191395751,1.099857537910856
CS2_36,95,42,CS2_36_9_7_10.xlsx,2010-08-31 13:30:15,1.0571449252827065,92.3420322896165,1.0998700846885812
CS2_36,96,43,CS2_36_9_7_10.xlsx,2010-08-31 13:30:15,1.0559599710539374,92.23852606351845,1.099852833254584
CS2_36,98,1,CS2_36_9_14_10.xlsx,2010-09-07 10:44:17,1.063843352444681,92.92714258290509,1.0998842512440479
CS2_36,99,2,CS2_36_9_14_10.xlsx,2010-09-07 10:44:17,1.0636032767912138,92.90617187849716,1.099867148277087
CS2_36,100,3,CS2_36_9_14_10.xlsx,2010-09-07 10:44:17,1.0629313800277291,92.84748142731574,1.09986714929597
CS2_36,101,4,CS2_36_9_14_10.xlsx,2010-09-07 10:44:17,1.0683177629595728,93.31798413202631,1.0998997203374312
CS2_36,102,5,CS2_36_9_14_10.xlsx,2010-09-07 10:44:17,1.0694316323545108,93.41528106944126,1.099895095421096
CS2_36,103,6,CS2_36_9_14_10.xlsx,2010-09-07 10:44:17,1.0642651438224036,92.96398622854876,1.0998749233718612
CS2_36,104,7,CS2_36_9_14_10.xlsx,2010-09-07 10:44:17,1.061293562961236,92.70441745110818,1.0999013552298913
CS2_36,105,8,CS2_36_9_14_10.xlsx,2010-09-07 10:44:17,1.061167063526173,92.69336767483074,1.0999588833914862
CS2_36,106,9,CS2_36_9_14_10.xlsx,2010-09-07 10:44:17,1.0607353526819114,92.65565755981514,1.0999402245904646
CS2_36,107,10,CS2_36_9_14_10.xlsx,2010-09-07 10:44:17,1.058026983721236,92.41908044721913,1.0999312452201186
CS2_36,108,11,CS2_36_9_14_10.xlsx,2010-09-07 10:44:17,1.0646829774794888,93.00048416571092,1.0999464448700604
CS2_36,109,12,CS2_36_9_14_10.xlsx,2010-09-07 10:44:17,1.0662073125224154,93.13363544174477,1.0999490537885892
CS2_36,110,13,CS2_36_9_14_10.xlsx,2010-09-07 10:44:17,0.9539384141619198,83.32690224028508,1.0999597731090727
CS2_36,111,14,CS2_36_9_14_10.xlsx,2010-09-07 10:44:17,1.0563290701503014,92.27076701729818,1.0999234030986655
CS2_36,112,15,CS2_36_9_14_10.xlsx,2010-09-07 10:44:17,1.0562764583199868,92.26617135286511,1.0999437899425113
CS2_36,113,16,CS2_36_9_14_10.xlsx,2010-09-07 10:44:17,1.056070027037073,92.24813949768944,1.0999249713174228
CS2_36,114,17,CS2_36_9_14_10.xlsx,2010-09-07 10:44:17,1.0534289837448938,92.01744330918011,1.0999186984423934
CS2_36,115,18,CS2_36_9_14_10.xlsx,2010-09-07 10:44:17,1.0567809153016832,92.31023587209843,1.099910858376273
CS2_36,116,19,CS2_36_9_14_10.xlsx,2010-09-07 10:44:17,1.0614471084855168,92.71782971410256,1.0999526631118905
CS2_36,117,20,CS2_36_9_14_10.xlsx,2010-09-07 10:44:17,0.9494008601365032,82.93054508024966,1.0999407132466634
CS2_36,118,21,CS2_36_9_14_10.xlsx,2010-09-07 10:44:17,1.0525037978323937,91.93662794946663,1.0999343816576332
CS2_36,119,22,CS2_36_9_14_10.xlsx,2010-09-07 10:44:17,1.0512486012551712,91.82698602612042,1.0999390863139054
CS2_36,120,23,CS2_36_9_14_10.xlsx,2010-09-07 10:44:17,1.051536694327531,91.85215107128502,1.0999139948137875
CS2_36,121,24,CS2_36_9_14_10.xlsx,2010-09-07 10:44:17,1.049650606170296,91.6874005159438,1.0999157812284386
CS2_36,122,25,CS2_36_9_14_10.xlsx,2010-09-07 10:44:17,1.0476759529771087,91.51491376926873,1.0999205257581628
CS2_36,123,26,CS2_36_9_14_10.xlsx,2010-09-07 10:44:17,1.0563659738239934,92.27399056796392,1.099937518095148
CS2_36,124,27,CS2_36_9_14_10.xlsx,2010-09-07 10:44:17,1.0573603920680057,92.36085339954153,1.0999511082967122
CS2_36,125,28,CS2_36_9_14_10.xlsx,2010-09-07 10:44:17,1.0591155406822423,92.51416633340023,1.0999666595051432
CS2_36,126,29,CS2_36_9_14_10.xlsx,2010-09-07 10:44:17,1.0603844996610015,92.62501040802834,1.0999464438511775
CS2_36,127,30,CS2_36_9_14_10.xlsx,2010-09-07 10:44:17,1.061228619880147,92.69874464698505,1.0999759873773298
CS2_36,128,31,CS2_36_9_14_10.xlsx,2010-09-07 10:44:17,1.061818223063355,92.75024672099565,1.0999790949699206
CS2_36,129,32,CS2_36_9_14_10.xlsx,2010-09-07 10:44:17,1.0623559078231182,92.79721369994076,1.0999448890359993
CS2_36,130,33,CS2_36_9_14_10.xlsx,2010-09-07 10:44:17,1.0631509739540306,92.866663044659,1.0999790980265691
CS2_36,131,34,CS2_36_9_14_10.xlsx,2010-09-07 10:44:17,1.063214640498309,92.87222434278087,1.0999868751591086
CS2_36,132,35,CS2_36_9_14_10.xlsx,2010-09-07 10:44:17,1.0634413080293044,92.89202384232497,1.0999573275574253
CS2_36,133,36,CS2_36_9_14_10.xlsx,2010-09-07 10:44:17,1.0636721715585225,92.91218986399305,1.0999884258987558
CS2_36,134,37,CS2_36_9_14_10.xlsx,2010-09-07 10:44:17,1.0638121530169116,92.92441730040349,1.0999884258987558
CS2_36,135,38,CS2_36_9_14_10.xlsx,2010-09-07 10:44:17,1.063914067879253,92.93331960441503,1.0999837624721038
CS2_36,136,39,CS2_36_9_14_10.xlsx,2010-09-07 10:44:17,1.0640553169768054,92.9456577696137,1.1000070857186603
CS2_36,137,40,CS2_36_9_14_10.xlsx,2010-09-07 10:44:17,1.0640596111317109,92.9460328657632,1.0999868710835774
CS2_36,138,41,CS2_36_9_14_10.xlsx,2010-09-07 10:44:17,1.0640520603031618,92.94537329786762,1.099975985339564
CS2_36,139,42,CS2_36_9_14_10.xlsx,2010-09-07 10:44:17,1.0570659965752611,92.33513783543413,1.0999735871265675
CS2_36,140,43,CS2_36_9_14_10.xlsx,2010-09-07 10:44:17,1.0495044669120688,91.67463519325317,1.0999469274076923
CS2_36,141,44,CS2_36_9_14_10.xlsx,2010-09-07 10:44:17,1.0490170150764655,91.6320560803365,1.0999537447224492
CS2_36,142,45,CS2_36_9_14_10.xlsx,2010-09-07 10:44:17,1.0483337166516122,91.57236968947163,1.0999616539996604
CS2_36,143,46,CS2_36_9_14_10.xlsx,2010-09-07 10:44:17,1.0461531382081901,91.38189528977786,1.0999490001927252
CS2_36,144,47,CS2_36_9_14_10.xlsx,2010-09-07 10:44:17,1.0538321622079962,92.05266110928288,1.099970451716719
CS2_36,145,48,CS2_36_9_14_10.xlsx,2010-09-07 10:44:17,1.0566329926870281,92.29731477251013,1.0999610403488422
CS2_36,146,49,CS2_36_9_14_10.xlsx,2010-09-07 10:44:17,1.0544411805048526,92.10585910124055,1.1000222049910446
CS2_36,147,50,CS2_36_9_14_10.xlsx,2010-09-07 10:44:17,1.044686364815945,91.25377204696701,1.100010697737984
CS2_36,148,1,CS2_36_9_21_10.xlsx,2010-09-14 13:57:43,1.053231303846454,92.0001758909405,1.099874788317187
CS2_36,149,2,CS2_36_9_21_10.xlsx,2010-09-14 13:57:43,1.054861962755572,92.14261459923667,1.099921834879908
CS2_36,150,3,CS2_36_9_21_10.xlsx,2010-09-14 13:57:43,1.060497951843654,92.63492050158625,1.0999013542110085
CS2_36,151,4,CS2_36_9_21_10.xlsx,2010-09-14 13:57:43,1.0612436798051772,92.70006013746335,1.099923121623504
CS2_36,152,5,CS2_36_9_21_10.xlsx,2010-09-14 13:57:43,1.048652003737649,91.60017219381446,1.099899961637414
CS2_36,153,6,CS2_36_9_21_10.xlsx,2010-09-14 13:57:43,1.048641557619404,91.59925972120524,1.0998746519503386
CS2_36,154,7,CS2_36_9_21_10.xlsx,2010-09-14 13:57:43,1.0490188260378863,91.63221426854135,1.0998857249384342
CS2_36,155,8,CS2_36_9_21_10.xlsx,2010-09-14 13:57:43,1.0478188139027687,91.52739272829761,1.0998920533968055
CS2_36,156,9,CS2_36_9_21_10.xlsx,2010-09-14 13:57:43,1.0474502585391665,91.49519926979225,1.0999015434928563
CS2_36,157,10,CS2_36_9_21_10.xlsx,2010-09-14 13:57:43,1.0554698779136888,92.19571623158397,1.0999014500913948
CS2_36,158,11,CS2_36_9_21_10.xlsx,2010-09-14 13:57:43,1.0567651774404219,92.308861163619,1.0999234030986655
CS2_36,159,12,CS2_36_9_21_10.xlsx,2010-09-14 13:57:43,1.0472313185488904,91.4760747740225,1.0998904705047607
CS2_36,160,13,CS2_36_9_21_10.xlsx,2010-09-14 13:57:43,1.0453377491791098,91.3106707317715,1.099903126384901
CS2_36,161,14,CS2_36_9_21_10.xlsx,2010-09-14 13:57:43,1.0452136097270248,91.29982710095163,1.0998936342156451
CS2_36,162,15,CS2_36_9_21_10.xlsx,2010-09-14 13:57:43,1.0449208676642083,91.27425596461013,1.099884143082992
CS2_36,163,16,CS2_36_9_21_10.xlsx,2010-09-14 13:57:43,1.0419651928292826,91.01607658492733,1.0999442546263984
CS2_36,164,17,CS2_36_9_21_10.xlsx,2010-09-14 13:57:43,1.0514368921310684,91.84343330948347,1.0999814292480206
CS2_36,165,18,CS2_36_9_21_10.xlsx,2010-09-14 13:57:43,1.0534214857052362,92.01678835241532,1.0999829984944443
CS2_36,166,19,CS2_36_9_21_10.xlsx,2010-09-14 13:57:43,1.0452466539564718,91.30271352761802,1.0999616550362628
CS2_36,167,20,CS2_36_9_21_10.xlsx,2010-09-14 13:57:43,1.0415770641905446,90.98217339300567,1.0999664006025895
CS2_36,168,21,CS2_36_9_21_10.xlsx,2010-09-14 13:57:43,1.0427865924069941,91.08782616676203,1.0998999626740165
CS2_36,169,22,CS2_36_9_21_10.xlsx,2010-09-14 13:57:43,1.041855711726246,91.00651336676307,1.0998651608176853
CS2_36,170,23,CS2_36_9_21_10.xlsx,2010-09-14 13:57:43,1.0394275090000207,90.79440888686798,1.0998505772205822
CS2_36,171,24,CS2_36_9_21_10.xlsx,2010-09-14 13:57:43,1.0478418207788778,91.52940238813304,1.0998825612275496
CS2_36,172,25,CS2_36_9_21_10.xlsx,2010-09-14 13:57:43,1.0500732951417895,91.72432256676261,1.0998857658484886
CS2_36,173,26,CS2_36_9_21_10.xlsx,2010-09-14 13:57:43,0.9372819228972418,81.87195106243848,1.099894002803321
CS2_36,174,27,CS2_36_9_21_10.xlsx,2010-09-14 13:57:43,1.051180180168096,91.82100941678249,1.0998889022860034
CS2_36,175,28,CS2_36_9_21_10.xlsx,2010-09-14 13:57:43,1.0516373787218924,91.86094589342608,1.0998983136538802
CS2_36,176,29,CS2_36_9_21_10.xlsx,2010-09-14 13:57:43,1.0522154607476324,91.91144158972112,1.0999092891298492
CS2_36,177,30,CS2_36_9_21_10.xlsx,2010-09-14 13:57:43,1.0527285565878195,91.95626071670085,1.0999014480360623
CS2_36,178,31,CS2_36_9_21_10.xlsx,2010-09-14 13:57:43,1.0530869423132856,91.98756585324519,1.099895176188699
CS2_36,179,32,CS2_36_9_21_10.xlsx,2010-09-14 13:57:43,1.0531078149290352,91.98938908458408,1.099920267688817
CS2_36,180,33,CS2_36_9_21_10.xlsx,2010-09-14 13:57:43,1.0530593640085115,91.98515687728643,1.0999014480360623
CS2_36,181,34,CS2_36_9_21_10.xlsx,2010-09-14 13:57:43,1.0529922683954496,91.979296048634,1.0999234041263317
CS2_36,182,35,CS2_36_9_21_10.xlsx,2010-09-14 13:57:43,1.0530330539735786,91.98285868520584,1.0999077209110917
CS2_36,183,36,CS2_36_9_21_10.xlsx,2010-09-14 13:57:43,1.0531544855084576,91.99346577837404,1.099921834879908
CS2_36,184,37,CS2_36_9_21_10.xlsx,2010-09-14 13:57:43,1.0533053507959735,92.00664392161438,1.0999453591889348
CS2_36,185,38,CS2_36_9_21_10.xlsx,2010-09-14 13:57:43,1.0534161520502252,92.01632245551559,1.0999406535049965
CS2_36,186,39,CS2_36_9_21_10.xlsx,2010-09-14 13:57:43,1.0544950821213988,92.11056742901712,1.0999186994700596
CS2_36,187,40,CS2_36_9_21_10.xlsx,2010-09-14 13:57:43,1.0546618316702379,92.12513306884088,1.0999234051539981
CS2_36,188,41,CS2_36_9_21_10.xlsx,2010-09-14 13:57:43,1.0442480114097918,91.21548170151185,1.0999189439027206
CS2_36,189,42,CS2_36_9_21_10.xlsx,2010-09-14 13:57:43,1.041785044653011,91.00034056963526,1.0998920533968055
CS2_36,190,43,CS2_36_9_21_10.xlsx,2010-09-14 13:57:43,1.0413016888417488,90.95811924608398,1.0998793975166652
CS2_36,191,44,CS2_36_9_21_10.xlsx,2010-09-14 13:57:43,1.040365217400101,90.87631809088303,1.099884143082992
CS2_36,192,45,CS2_36_9_21_10.xlsx,2010-09-14 13:57:43,1.0373531058885277,90.61320894490927,1.0998777046538235
CS2_36,193,46,CS2_36_9_21_10.xlsx,2010-09-14 13:57:43,1.0459015260409998,91.35991686627936,1.0999094538066698
CS2_36,194,47,CS2_36_9_21_10.xlsx,2010-09-14 13:57:43,1.04753267905528,91.50239873485918,1.0999347634937453
CS2_36,195,48,CS2_36_9_21_10.xlsx,2010-09-14 13:57:43,1.0406451466807098,90.90077002557106,1.0998857259750365
CS2_36,196,49,CS2_36_9_21_10.xlsx,2010-09-14 13:57:43,1.0364823844320838,90.53715107722884,1.0999574912221808
CS2_36,197,50,CS2_36_9_21_10.xlsx,2010-09-14 13:57:43,1.0371449451072507,90.59502601735943,1.1000069651687354
CS2_36,198,1,CS2_36_9_30_10.xlsx,2010-09-21 15:48:03,1.04051417709853,90.88932978015403,1.0999287680575722
CS2_36,199,2,CS2_36_9_30_10.xlsx,2010-09-21 15:48:03,1.0482676778675941,91.56660117525912,1.0999189459759255
CS2_36,200,3,CS2_36_9_30_10.xlsx,2010-09-21 15:48:03,1.049925825669321,91.71144104932564,1.0999014480360623
CS2_36,201,4,CS2_36_9_30_10.xlsx,2010-09-21 15:48:03,1.044127089669404,91.20491913909645,1.0998952160710873
CS2_36,202,5,CS2_36_9_30_10.xlsx,2010-09-21 15:48:03,1.0394070290820832,90.79261995784013,1.0998761089224565
CS2_36,203,6,CS2_36_9_30_10.xlsx,2010-09-21 15:48:03,1.0408392654396526,90.91772637685044,1.0998967979265295
CS2_36,204,7,CS2_36_9_30_10.xlsx,2010-09-21 15:48:03,1.0402136440925887,90.86307810181266,1.0998808961165578
CS2_36,205,8,CS2_36_9_30_10.xlsx,2010-09-21 15:48:03,0.9189727940299566,80.27264132862365,1.0998796637695614
CS2_36,206,9,CS2_36_9_30_10.xlsx,2010-09-21 15:48:03,1.0417276700559093,90.99532887561729,1.0999141993729964
CS2_36,207,10,CS2_36_9_30_10.xlsx,2010-09-21 15:48:03,1.0459088946485746,91.36056051709993,1.0999047082403433
CS2_36,208,11,CS2_36_9_30_10.xlsx,2010-09-21 15:48:03,1.0470668123138296,91.46170508855505,1.0999062921689904
CS2_36,209,12,CS2_36_9_30_10.xlsx,2010-09-21 15:48:03,1.0374245470039227,90.61944935492954,1.0998617483858477
CS2_36,210,13,CS2_36_9_30_10.xlsx,2010-09-21 15:48:03,1.037532654475756,90.62889258585845,1.099860151608785
CS2_36,211,14,CS2_36_9_30_10.xlsx,2010-09-21 15:48:03,1.036988225275861,90.58133647736875,1.0998665345342535
CS2_36,212,15,CS2_36_9_30_10.xlsx,2010-09-21 15:48:03,1.0367839831491654,90.5634958458648,1.0998745131910892
CS2_36,213,16,CS2_36_9_30_10.xlsx,2010-09-21 15:48:03,1.0369743067597845,90.5801206894193,1.0998904705047607
CS2_36,214,17,CS2_36_9_30_10.xlsx,2010-09-21 15:48:03,1.0445002077527796,91.23751115300003,1.0998746519503386
CS2_36,215,18,CS2_36_9_30_10.xlsx,2010-09-21 15:48:03,1.045723554474833,91.34437097875102,1.0998809793721074
CS2_36,216,19,CS2_36_9_30_10.xlsx,2010-09-21 15:48:03,1.037268650809441,90.6058317599524,1.0998585558774179
CS2_36,217,20,CS2_36_9_30_10.xlsx,2010-09-21 15:48:03,1.0368030558665566,90.56516185536177,1.0998537686833165
CS2_36,218,21,CS2_36_9_30_10.xlsx,2010-09-21 15:48:03,1.0373357849741218,90.61169595610414,1.0998904715504563
CS2_36,219,22,CS2_36_9_30_10.xlsx,2010-09-21 15:48:03,1.0449529538670461,91.27705870726882,1.099928435035374
CS2_36,220,23,CS2_36_9_30_10.xlsx,2010-09-21 15:48:03,1.0460539432765117,91.37323057279824,1.099911035662112
CS2_36,221,24,CS2_36_9_30_10.xlsx,2010-09-21 15:48:03,1.0460337083568376,91.37146304446676,1.0999031253482985
CS2_36,222,25,CS2_36_9_30_10.xlsx,2010-09-21 15:48:03,1.0461964223471156,91.38567617663519,1.0999205257581628
CS2_36,223,26,CS2_36_9_30_10.xlsx,2010-09-21 15:48:03,1.046343467979863,91.3985206715029,1.0999395100966745
CS2_36,224,27,CS2_36_9_30_10.xlsx,2010-09-21 15:48:03,1.046448432092216,91.40768932872324,1.099911035662112
CS2_36,225,28,CS2_36_9_30_10.xlsx,2010-09-21 15:48:03,1.046667215391306,91.42680013745515,1.0999189439027206
CS2_36,226,29,CS2_36_9_30_10.xlsx,2010-09-21 15:48:03,1.0475678930506689,91.50547469144895,1.0999189439027206
CS2_36,227,30,CS2_36_9_30_10.xlsx,2010-09-21 15:48:03,1.0474102983559206,91.49170873179378,1.099937926168027
CS2_36,228,31,CS2_36_9_30_10.xlsx,2010-09-21 15:48:03,1.0474731184894566,91.49719609559857,1.0999284360719763
CS2_36,229,32,CS2_36_9_30_10.xlsx,2010-09-21 15:48:03,0.9376262628505216,81.90202929516128,1.0999328615595994
CS2_36,230,33,CS2_36_9_30_10.xlsx,2010-09-21 15:48:03,1.0471758235925606,91.47122726737818,1.0999157812284386
CS2_36,231,34,CS2_36_9_30_10.xlsx,2010-09-21 15:48:03,1.0471817914979553,91.47174856630275,1.0999331806017005
CS2_36,232,35,CS2_36_9_30_10.xlsx,2010-09-21 15:48:03,1.0472215270527485,91.47521948291599,1.0999426738075588
CS2_36,233,36,CS2_36_9_30_10.xlsx,2010-09-21 15:48:03,1.0471114179089795,91.46560140514242,1.0999521639036096
CS2_36,234,37,CS2_36_9_30_10.xlsx,2010-09-21 15:48:03,1.047187873863308,91.47227986335047,1.0999426717343537
CS2_36,235,38,CS2_36_9_30_10.xlsx,2010-09-21 15:48:03,1.047198894758381,91.47324254294561,1.1000122816666313
CS2_36,236,39,CS2_36_9_30_10.xlsx,2010-09-21 15:48:03,1.0470914728455227,91.46385919586753,1.1000106998111892
CS2_36,237,40,CS2_36_9_30_10.xlsx,2010-09-21 15:48:03,1.0469910939774607,91.455091061571,1.100013862485471
CS2_36,238,41,CS2_36_9_30_10.xlsx,2010-09-21 15:48:03,1.038170717604018,90.68462765546307,1.1000069641230399
CS2_36,239,42,CS2_36_9_30_10.xlsx,2010-09-21 15:48:03,1.0373844863477473,90.61595004058047,1.0999910068093686
CS2_36,240,43,CS2_36_9_30_10.xlsx,2010-09-21 15:48:03,1.036431054459726,90.53266738360128,1.0999606837306106
CS2_36,241,44,CS2_36_9_30_10.xlsx,2010-09-21 15:48:03,1.0337420398281338,90.29778087939626,1.0998888747733937
CS2_36,242,45,CS2_36_9_30_10.xlsx,2010-09-21 15:48:03,1.0314577015923447,90.0982430203149,1.099884031093226
CS2_36,243,46,CS2_36_9_30_10.xlsx,2010-09-21 15:48:03,1.0392486333512707,90.77878402736418,1.0999271733719005
CS2_36,244,47,CS2_36_9_30_10.xlsx,2010-09-21 15:48:03,1.041181330818631,90.94760592459774,1.0999458364818406
CS2_36,245,48,CS2_36_9_30_10.xlsx,2010-09-21 15:48:03,1.0359152814931605,90.48761440856102,1.0999112150125336
CS2_36,246,49,CS2_36_9_30_10.xlsx,2010-09-21 15:48:03,1.0312576538143432,90.08076876684795,1.0999580843258747
CS2_36,247,50,CS2_36_9_30_10.xlsx,2010-09-21 15:48:03,1.031572290438433,90.10825240187881,1.099931960566002
CS2_36,248,1,CS2_36_10_04_10.xlsx,2010-09-30 15:15:22,1.046424479118192,91.40559702685633,1.099930018964021
CS2_36,249,2,CS2_36_10_04_10.xlsx,2010-09-30 15:15:22,1.0514486140730328,91.84445722580514,1.0999720189078102
CS2_36,250,3,CS2_36_10_04_10.xlsx,2010-09-30 15:15:22,1.053993690741445,92.06677069132287,1.0999563377479027
CS2_36,251,4,CS2_36_10_04_10.xlsx,2010-09-30 15:15:22,1.0496997270355246,91.69169124317955,1.099971148242121
CS2_36,252,5,CS2_36_10_04_10.xlsx,2010-09-30 15:15:22,1.0419989706306474,91.01902708939433,1.0999474193738854
CS2_36,253,6,CS2_36_10_04_10.xlsx,2010-09-30 15:15:22,1.0416292200600807,90.98672922908227,1.0999300179274185
CS2_36,254,7,CS2_36_10_04_10.xlsx,2010-09-30 15:15:22,1.0408797675254249,90.92126425025147,1.099927172326205
CS2_36,256,1,CS2_36_10_05_10.xlsx,2010-10-04 14:14:51,1.033571198005557,90.28285777782379,1.0999463211026108
CS2_36,257,2,CS2_36_10_05_10.xlsx,2010-10-04 14:14:51,1.0307836179360939,90.03936154317516,1.0999242774153177
CS2_36,258,3,CS2_36_10_05_10.xlsx,2010-10-04 14:14:51,1.039707017191184,90.81882403922442,1.0999479168339779
CS2_36,259,4,CS2_36_10_05_10.xlsx,2010-10-04 14:14:51,1.0415154321664528,90.97678981103631,1.0999521639036096
CS2_36,260,5,CS2_36_10_05_10.xlsx,2010-10-04 14:14:51,1.0365756266255897,90.5452958201468,1.0999463211026108
CS2_36,261,6,CS2_36_10_05_10.xlsx,2010-10-04 14:14:51,1.0307024566801726,90.03227207498995,1.0999146193529652
CS2_36,262,7,CS2_36_10_05_10.xlsx,2010-10-04 14:14:51,1.0309830734439522,90.05678406160807,1.0999210587644999
CS2_36,263,8,CS2_36_10_05_10.xlsx,2010-10-04 14:14:51,1.0316382229602326,90.11401163404399,1.0999113985922484
CS2_36,265,1,CS2_36_10_14_10.xlsx,2010-10-06 09:37:03,1.030935927267922,90.05266582426407,1.100019262955252
CS2_36,266,2,CS2_36_10_14_10.xlsx,2010-10-06 09:37:03,1.029317329120584,89.91128062833606,1.0999983348677644
CS2_36,267,3,CS2_36_10_14_10.xlsx,2010-10-06 09:37:03,1.0296093185972461,89.9367860259758,1.100009605947849
CS2_36,268,4,CS2_36_10_14_10.xlsx,2010-10-06 09:37:03,1.036684310450823,90.55478939577588,1.1000085567173206
CS2_36,269,5,CS2_36_10_14_10.xlsx,2010-10-06 09:37:03,1.0397902524054023,90.82609466849686,1.1000069651687354
CS2_36,270,6,CS2_36_10_14_10.xlsx,2010-10-06 09:37:03,1.03938424134697,90.79062944005842,1.1000213277967352
CS2_36,271,7,CS2_36_10_14_10.xlsx,2010-10-06 09:37:03,1.0295531364772295,89.93187849530842,1.0999854549897456
CS2_36,272,8,CS2_36_10_14_10.xlsx,2010-10-06 09:37:03,1.0305026939802033,90.0148227232032,1.1000015535185823
CS2_36,273,9,CS2_36_10_14_10.xlsx,2010-10-06 09:37:03,1.0285289612805695,89.8424163820084,1.0999870648426293
CS2_36,274,10,CS2_36_10_14_10.xlsx,2010-10-06 09:37:03,1.0272219425314528,89.72824777120813,1.0999693543510098
CS2_36,275,11,CS2_36_10_14_10.xlsx,2010-10-06 09:37:03,1.029718743368063,89.94634432349811,1.0999774057253273
CS2_36,276,12,CS2_36_10_14_10.xlsx,2010-10-06 09:37:03,1.034696090924534,90.38111762447515,1.0999814303297746
CS2_36,277,13,CS2_36_10_14_10.xlsx,2010-10-06 09:37:03,1.035704157046009,90.46917260361099,1.1000069599402578
CS2_36,278,14,CS2_36_10_14_10.xlsx,2010-10-06 09:37:03,1.024731844141634,89.51073668032768,1.0999757969273931
CS2_36,279,15,CS2_36_10_14_10.xlsx,2010-10-06 09:37:03,1.0249662794803847,89.53121470098786,1.0999806233211957
CS2_36,280,16,CS2_36_10_14_10.xlsx,2010-10-06 09:37:03,1.0246093509519643,89.50003685118864,1.0999532547672237
CS2_36,281,17,CS2_36_10_14_10.xlsx,2010-10-06 09:37:03,1.0246210738266086,89.50106084898027,1.0999017394749464
CS2_36,282,18,CS2_36_10_14_10.xlsx,2010-10-06 09:37:03,1.0242765551260362,89.47096700260995,1.0999113985922484
CS2_36,283,19,CS2_36_10_14_10.xlsx,2010-10-06 09:37:03,1.0302774528568825,89.99514782094032,1.099941985797038
CS2_36,284,20,CS2_36_10_14_10.xlsx,2010-10-06 09:37:03,1.0314954598748187,90.10154122139974,1.099933556297369
CS2_36,285,21,CS2_36_10_14_10.xlsx,2010-10-06 09:37:03,1.032063622275352,90.1511704344632,1.0999287691032678
CS2_36,286,22,CS2_36_10_14_10.xlsx,2010-10-06 09:37:03,1.0324292400326982,90.18310729188649,1.0999351520287364
CS2_36,287,23,CS2_36_10_14_10.xlsx,2010-10-06 09:37:03,1.0328524374901278,90.22007375915528,1.0999463221483063
CS2_36,288,24,CS2_36_10_14_10.xlsx,2010-10-06 09:37:03,1.033234642429985,90.25345951360907,1.0999351541201274
CS2_36,289,25,CS2_36_10_14_10.xlsx,2010-10-06 09:37:03,1.0339226137026927,90.31355407960409,1.0999511082967122
CS2_36,290,26,CS2_36_10_14_10.xlsx,2010-10-06 09:37:03,1.0338543299851501,90.30758946954981,1.0999590879992436
CS2_36,291,27,CS2_36_10_14_10.xlsx,2010-10-06 09:37:03,1.0342235100486263,90.33983749583919,1.0999558975822048
CS2_36,292,28,CS2_36_10_14_10.xlsx,2010-10-06 09:37:03,1.0336571510518873,90.2903658108189,1.099971852804485
CS2_36,293,29,CS2_36_10_14_10.xlsx,2010-10-06 09:37:03,1.0332998580486077,90.25915612399486,1.0999622805076732
CS2_36,294,30,CS2_36_10_14_10.xlsx,2010-10-06 09:37:03,1.034426821068454,90.35759679478558,1.0999798325070165
CS2_36,295,31,CS2_36_10_14_10.xlsx,2010-10-06 09:37:03,1.0338777632186336,90.30963637187249,1.09999579400347
CS2_36,296,32,CS2_36_10_14_10.xlsx,2010-10-06 09:37:03,1.0342342804366709,90.34077829354516,1.0999686644788373
CS2_36,297,33,CS2_36_10_14_10.xlsx,2010-10-06 09:37:03,1.034349981541716,90.35088483137409,1.0999734495815479
CS2_36,298,34,CS2_36_10_14_10.xlsx,2010-10-06 09:37:03,1.034856541177902,90.39513301831855,1.0999702581188135
CS2_36,299,35,CS2_36_10_14_10.xlsx,2010-10-06 09:37:03,1.0311358304073437,90.07012744349319,1.0999774025604787
CS2_36,300,36,CS2_36_10_14_10.xlsx,2010-10-06 09:37:03,1.0200141533610037,89.09864450263417,1.0999456942081451
CS2_36,301,37,CS2_36_10_14_10.xlsx,2010-10-06 09:37:03,1.0214584236950586,89.22480209430645,1.0999213318739618
CS2_36,302,38,CS2_36_10_14_10.xlsx,2010-10-06 09:37:03,1.0194352121843693,89.04807375916467,1.0999278287802423
CS2_36,303,39,CS2_36_10_14_10.xlsx,2010-10-06 09:37:03,1.0175730708332935,88.88541496692493,1.0999359488487244
CS2_36,304,40,CS2_36_10_14_10.xlsx,2010-10-06 09:37:03,1.02168451782034,89.24455150663196,1.0999603175691195
CS2_36,305,41,CS2_36_10_14_10.xlsx,2010-10-06 09:37:03,1.0266330060221804,89.6768039314326,1.0999419868519875
CS2_36,306,42,CS2_36_10_14_10.xlsx,2010-10-06 09:37:03,1.0274516585281859,89.7483135554544,1.0999774057253273
CS2_36,307,43,CS2_36_10_14_10.xlsx,2010-10-06 09:37:03,1.015767276095545,88.72767807390905,1.099922956100532
CS2_36,308,44,CS2_36_10_14_10.xlsx,2010-10-06 09:37:03,1.0151705725301454,88.67555577867245,1.0999294519424438
CS2_36,309,45,CS2_36_10_14_10.xlsx,2010-10-06 09:37:03,1.0153932075146201,88.69500303366415,1.0999294530068124
CS2_36,310,46,CS2_36_10_14_10.xlsx,2010-10-06 09:37:03,1.0150733987941791,88.66706761394715,1.0999343256865228
CS2_36,311,47,CS2_36_10_14_10.xlsx,2010-10-06 09:37:03,1.012352873807444,88.42942866761005,1.099931441985809
CS2_36,312,48,CS2_36_10_14_10.xlsx,2010-10-06 09:37:03,1.0207012059597886,89.1586588220944,1.0999489426612854
CS2_36,313,49,CS2_36_10_14_10.xlsx,2010-10-06 09:37:03,1.0221017543435664,89.28099728391258,1.100017165499074
CS2_36,314,50,CS2_36_10_14_10.xlsx,2010-10-06 09:37:03,0.8932843667089685,78.02874692170514,1.0999888534448585
CS2_36,315,1,CS2_36_10_21_10.xlsx,2010-10-14 11:21:51,1.023852616963952,89.43393583449313,1.099937158348286
CS2_36,316,2,CS2_36_10_21_10.xlsx,2010-10-14 11:21:51,1.0228468274265843,89.34607971589016,1.099918082356453
CS2_36,317,3,CS2_36_10_21_10.xlsx,2010-10-14 11:21:51,1.0280084389744029,89.79694855025329,1.0999403780540533
CS2_36,318,4,CS2_36_10_21_10.xlsx,2010-10-14 11:21:51,1.030376719636584,90.00381881387352,1.0999484252085727
CS2_36,319,5,CS2_36_10_21_10.xlsx,2010-10-14 11:21:51,1.0307871781849007,90.03967253233324,1.0999452055028054
CS2_36,320,6,CS2_36_10_21_10.xlsx,2010-10-14 11:21:51,1.018159963059552,88.93668023776107,1.0998904715691293
CS2_36,321,7,CS2_36_10_21_10.xlsx,2010-10-14 11:21:51,1.0180387599799339,88.92609310025134,1.0999473194990839
CS2_36,322,8,CS2_36_10_21_10.xlsx,2010-10-14 11:21:51,1.0169300836227277,88.82924977676048,1.0999684355088644
CS2_36,323,9,CS2_36_10_21_10.xlsx,2010-10-14 11:21:51,1.0162157518600594,88.76685261141802,1.0999684387019701
CS2_36,324,10,CS2_36_10_21_10.xlsx,2010-10-14 11:21:51,1.0171735843424372,88.85051966207534,1.0999002169285501
CS2_36,325,11,CS2_36_10_21_10.xlsx,2010-10-14 11:21:51,1.0225023244923719,89.31598724671768,1.0999343246221542
CS2_36,326,12,CS2_36_10_21_10.xlsx,2010-10-14 11:21:51,1.0234612739412334,89.39975186484438,1.0999339365326197
CS2_36,327,13,CS2_36_10_21_10.xlsx,2010-10-14 11:21:51,1.0237691982706174,89.42664917824645,1.0999435977598206
CS2_36,328,14,CS2_36_10_21_10.xlsx,2010-10-14 11:21:51,1.023950975690255,89.44252750859856,1.0999242774153177
CS2_36,329,15,CS2_36_10_21_10.xlsx,2010-10-14 11:21:51,1.0246188276231436,89.50086464220868,1.0999452065577549
CS2_36,330,16,CS2_36_10_21_10.xlsx,2010-10-14 11:21:51,1.0245800687652942,89.49747904046436,1.0999596952337078
CS2_36,331,17,CS2_36_10_21_10.xlsx,2010-10-14 11:21:51,1.0244430239956372,89.48550812498993,1.0999484273184716
CS2_36,332,18,CS2_36_10_21_10.xlsx,2010-10-14 11:21:51,1.024101317140346,89.4556598944302,1.0999645258473083
CS2_36,333,19,CS2_36_10_21_10.xlsx,2010-10-14 11:21:51,1.0238774561716397,89.43610554922523,1.099966137810091
CS2_36,334,20,CS2_36_10_21_10.xlsx,2010-10-14 11:21:51,1.023546654500553,89.40720989086998,1.0999242774153177
CS2_36,335,21,CS2_36_10_21_10.xlsx,2010-10-14 11:21:51,0.9035642187305939,78.92669610975952,1.0999650573730468
CS2_36,336,22,CS2_36_10_21_10.xlsx,2010-10-14 11:21:51,1.0230329800082494,89.3623402183963,1.0999645247923588
CS2_36,337,23,CS2_36_10_21_10.xlsx,2010-10-14 11:21:51,1.0230540146451546,89.36417760234797,1.0999661346452425
CS2_36,338,24,CS2_36_10_21_10.xlsx,2010-10-14 11:21:51,1.0229886433019786,89.35846738936013,1.099967746608025
CS2_36,339,25,CS2_36_10_21_10.xlsx,2010-10-14 11:21:51,0.9041581944846797,78.97858012958619,1.0999632394313812
CS2_36,340,26,CS2_36_10_21_10.xlsx,2010-10-14 11:21:51,1.022679686836689,89.33147991847366,1.0999774036154282
CS2_36,341,27,CS2_36_10_21_10.xlsx,2010-10-14 11:21:51,1.0224169421635523,89.30852906612554,1.0999387660912707
CS2_36,342,28,CS2_36_10_21_10.xlsx,2010-10-14 11:21:51,1.010183822199366,88.2399611415966,1.0999117767488635
CS2_36,343,29,CS2_36_10_21_10.xlsx,2010-10-14 11:21:51,1.0072247444143905,87.9814845128651,1.0998921093640026
CS2_36,344,30,CS2_36_10_21_10.xlsx,2010-10-14 11:21:51,1.0062546030832493,87.89674227934232,1.0999445528597445
CS2_36,345,31,CS2_36_10_21_10.xlsx,2010-10-14 11:21:51,1.0044004524801302,87.73478148213445,1.099946700442921
CS2_36,346,32,CS2_36_10_21_10.xlsx,2010-10-14 11:21:51,1.0018263332713104,87.50993113908939,1.0999301606958563
CS2_36,347,33,CS2_36_10_21_10.xlsx,2010-10-14 11:21:51,1.0121192013622036,88.4090172860033,1.0999609414521638
CS2_36,348,34,CS2_36_10_21_10.xlsx,2010-10-14 11:21:51,1.0137071271576232,88.54772323971628,1.099968433380127
CS2_36,349,35,CS2_36_10_21_10.xlsx,2010-10-14 11:21:51,1.0064706104409922,87.91561060848665,1.0999265264820408
CS2_36,350,36,CS2_36_10_21_10.xlsx,2010-10-14 11:21:51,1.0010000336094436,87.43775353294272,1.0999301606958563
CS2_36,351,37,CS2_36_10_21_10.xlsx,2010-10-14 11:21:51,1.0012056079211717,87.45571053134239,1.0999202392318033
CS2_36,352,38,CS2_36_10_21_10.xlsx,2010-10-14 11:21:51,0.999385857328754,87.29675458883607,1.0999169306321577
CS2_36,353,39,CS2_36_10_21_10.xlsx,2010-10-14 11:21:51,0.9997587228098439,87.3293245378289,1.0999202381480824
CS2_36,354,40,CS2_36_10_21_10.xlsx,2010-10-14 11:21:51,1.0053983708040803,87.82195004709537,1.0999396362820186
CS2_36,355,41,CS2_36_10_21_10.xlsx,2010-10-14 11:21:51,1.007139415763099,87.97403102102652,1.0999363585635349
CS2_36,356,42,CS2_36_10_21_10.xlsx,2010-10-14 11:21:51,1.0078286254892888,88.03423376642883,1.099919971045073
CS2_36,357,43,CS2_36_10_21_10.xlsx,2010-10-14 11:21:51,0.9966674726661253,87.05930260066621,1.0999285080216148
CS2_36,358,44,CS2_36_10_21_10.xlsx,2010-10-14 11:21:51,0.9961247527194885,87.01189579613262,1.0998921416221408
CS2_36,359,45,CS2_36_10_21_10.xlsx,2010-10-14 11:21:51,0.9941638341247909,86.84060877213214,1.0999221801757812
CS2_36,360,46,CS2_36_10_21_10.xlsx,2010-10-14 11:21:51,0.9946950113534001,86.88700731562666,1.0999205134330539
CS2_36,361,47,CS2_36_10_21_10.xlsx,2010-10-14 11:21:51,0.9963395938756747,87.03066225710427,1.0999037005684593
CS2_36,362,48,CS2_36_10_21_10.xlsx,2010-10-14 11:21:51,1.0028818651023883,87.60213226695467,1.0999318166212602
CS2_36,363,49,CS2_36_10_21_10.xlsx,2010-10-14 11:21:51,1.0038669507166702,87.68817988959044,1.1000227776440707
CS2_36,364,50,CS2_36_10_21_10.xlsx,2010-10-14 11:21:51,0.9942126105869065,86.84486941561813,1.0999956185664606
CS2_36,365,1,CS2_36_10_28_10.xlsx,2010-10-21 10:03:20,0.997963775005924,87.17253512882387,1.0998987403782932
CS2_36,366,2,CS2_36_10_28_10.xlsx,2010-10-21 10:03:20,0.9963362809876899,87.03037287501297,1.0999003930525346
CS2_36,367,3,CS2_36_10_28_10.xlsx,2010-10-21 10:03:20,0.9922817095677592,86.67620443885492,1.099877119064331
CS2_36,368,4,CS2_36_10_28_10.xlsx,2010-10-21 10:03:20,1.00152567672323,87.48366866929273,1.0999251994219694
CS2_36,369,5,CS2_36_10_28_10.xlsx,2010-10-21 10:03:20,1.002985810081964,87.61121190251906,1.0999318144538186
CS2_36,370,6,CS2_36_10_28_10.xlsx,2010-10-21 10:03:20,0.9941179883119267,86.8366041220311,1.0998938083648682
CS2_36,371,7,CS2_36_10_28_10.xlsx,2010-10-21 10:03:20,0.9897738921476247,86.45714558358529,1.0998971473186387
CS2_36,372,8,CS2_36_10_28_10.xlsx,2010-10-21 10:03:20,0.9900189305866869,86.47854978930101,1.099935531616211
CS2_36,373,9,CS2_36_10_28_10.xlsx,2010-10-21 10:03:20,0.9890526333433654,86.39414333838768,1.0999021541087999
CS2_36,374,10,CS2_36_10_28_10.xlsx,2010-10-21 10:03:20,0.9867877129211582,86.19630163309364,1.099882048589212
CS2_36,375,11,CS2_36_10_28_10.xlsx,2010-10-21 10:03:20,0.9942421548920617,86.84745012249698,1.099935532709874
CS2_36,376,12,CS2_36_10_28_10.xlsx,2010-10-21 10:03:20,0.9964895998539731,87.04376533934057,1.0999351241371849
CS2_36,377,13,CS2_36_10_28_10.xlsx,2010-10-21 10:03:20,0.9970856332802089,87.09582909765301,1.09991858439012
CS2_36,378,14,CS2_36_10_28_10.xlsx,2010-10-21 10:03:20,0.9972543152356721,87.11056353396872,1.0999367768114263
CS2_36,379,15,CS2_36_10_28_10.xlsx,2010-10-21 10:03:20,0.9975596148258177,87.13723157534791,1.0999466993592002
CS2_36,380,16,CS2_36_10_28_10.xlsx,2010-10-21 10:03:20,0.9990795870959612,87.2700017614332,1.0999400832436301
CS2_36,381,17,CS2_36_10_28_10.xlsx,2010-10-21 10:03:20,0.9995707548073707,87.31290545758864,1.0999334692955016
CS2_36,382,18,CS2_36_10_28_10.xlsx,2010-10-21 10:03:20,0.9999137811297203,87.34286894412396,1.0999318155375395
CS2_36,383,19,CS2_36_10_28_10.xlsx,2010-10-21 10:03:20,1.0001576862570865,87.36417415460949,1.099950006875125
CS2_36,384,20,CS2_36_10_28_10.xlsx,2010-10-21 10:03:20,1.0002519027942967,87.37240400683997,1.099954967065291
CS2_36,385,21,CS2_36_10_28_10.xlsx,2010-10-21 10:03:20,1.0002462973380126,87.37191436799027,1.0999648928642274
CS2_36,386,22,CS2_36_10_28_10.xlsx,2010-10-21 10:03:20,1.000227115721291,87.37023884609322,1.099956621906974
CS2_36,387,23,CS2_36_10_28_10.xlsx,2010-10-21 10:03:20,1.0002484128752478,87.37209916101439,1.099933472546664
CS2_36,388,24,CS2_36_10_28_10.xlsx,2010-10-21 10:03:20,1.000360727724587,87.38190990805224,1.0999698530543933
CS2_36,389,25,CS2_36_10_28_10.xlsx,2010-10-21 10:03:20,1.0008400378560118,87.42377783985064,1.099950005791404
CS2_36,390,26,CS2_36_10_28_10.xlsx,2010-10-21 10:03:20,0.8809947476825428,76.95524378147884,1.0999729891413266
CS2_36,391,27,CS2_36_10_28_10.xlsx,2010-10-21 10:03:20,1.0002731646453853,87.3742612380415,1.099950005791404
CS2_36,392,28,CS2_36_10_28_10.xlsx,2010-10-21 10:03:20,0.9997113245005025,87.32518427653928,1.099950005791404
CS2_36,393,29,CS2_36_10_28_10.xlsx,2010-10-21 10:03:20,0.984755096688211,86.01875179169889,1.0999342644656147
CS2_36,394,30,CS2_36_10_28_10.xlsx,2010-10-21 10:03:20,0.9830428973991978,85.86919049858666,1.099924158166956
CS2_36,395,31,CS2_36_10_28_10.xlsx,2010-10-21 10:03:20,0.9822686870181414,85.80156291196475,1.0999140518682975
CS2_36,396,32,CS2_36_10_28_10.xlsx,2010-10-21 10:03:20,0.9811099603013886,85.7003476695375,1.0999157362514072
CS2_36,397,33,CS2_36_10_28_10.xlsx,2010-10-21 10:03:20,0.980208307668601,85.62158795122488,1.099934266673194
CS2_36,398,34,CS2_36_10_28_10.xlsx,2010-10-21 10:03:20,0.9890863010667843,86.39708422750203,1.0999321937561035
CS2_36,399,35,CS2_36_10_28_10.xlsx,2010-10-21 10:03:20,0.9908645526941982,86.55241521880751,1.0999622366843966
CS2_36,400,36,CS2_36_10_28_10.xlsx,2010-10-21 10:03:20,0.9810949452477189,85.69903609859047,1.0999241592707458
CS2_36,401,37,CS2_36_10_28_10.xlsx,2010-10-21 10:03:20,0.9775926476440375,85.39310900130009,1.099905772743938
CS2_36,402,38,CS2_36_10_28_10.xlsx,2010-10-21 10:03:20,0.9786784889489937,85.4879576738384,1.0998972080371998
CS2_36,403,39,CS2_36_10_28_10.xlsx,2010-10-21 10:03:20,0.9760083303635128,85.25471825280732,1.0998887703797529
CS2_36,404,40,CS2_36_10_28_10.xlsx,2010-10-21 10:03:20,0.9731282455627266,85.0031416928575,1.0999023713798166
CS2_36,405,41,CS2_36_10_28_10.xlsx,2010-10-21 10:03:20,0.9831999888186402,85.88291249694247,1.0999292135238647
CS2_36,406,42,CS2_36_10_28_10.xlsx,2010-10-21 10:03:20,0.9865716140293159,86.1774253084091,1.099939317614944
CS2_36,407,43,CS2_36_10_28_10.xlsx,2010-10-21 10:03:20,0.9843379390188787,85.98231290233748,1.099937633231834
CS2_36,408,44,CS2_36_10_28_10.xlsx,2010-10-21 10:03:20,0.973106512991194,85.00124334403681,1.0999210749831154
CS2_36,409,45,CS2_36_10_28_10.xlsx,2010-10-21 10:03:20,0.9735664611296642,85.04141999800203,1.0999193726298966
CS2_36,410,46,CS2_36_10_28_10.xlsx,2010-10-21 10:03:20,0.9751064720138345,85.17594056504197,1.099909172993954
CS2_36,411,47,CS2_36_10_28_10.xlsx,2010-10-21 10:03:20,0.9734234377289113,85.02892684670873,1.0998445671295451
CS2_36,412,48,CS2_36_10_28_10.xlsx,2010-10-21 10:03:20,0.9749417463217185,85.16155170991291,1.0998326662544893
CS2_36,413,49,CS2_36_10_28_10.xlsx,2010-10-21 10:03:20,0.9833142507060444,85.89289331853448,1.099866889141224
CS2_36,414,50,CS2_36_10_28_10.xlsx,2010-10-21 10:03:20,0.9846780855765971,86.01202484027979,1.0999494250173922
CS2_36,415,1,CS2_36_11_01_10.xlsx,2010-10-28 13:50:11,0.979436021691284,85.55412846203974,1.0998534151801356
CS2_36,416,2,CS2_36_11_01_10.xlsx,2010-10-28 13:50:11,0.9793377847490451,85.54554742582104,1.0998433077776875
CS2_36,417,3,CS2_36_11_01_10.xlsx,2010-10-28 13:50:11,0.9763549041539639,85.284991612101,1.099849667504569
CS2_36,418,4,CS2_36_11_01_10.xlsx,2010-10-28 13:50:11,0.9724986027488249,84.94814214108206,1.0998377666295132
CS2_36,419,5,CS2_36_11_01_10.xlsx,2010-10-28 13:50:11,0.9700972931322265,84.7383867850754,1.0999074717548405
CS2_36,420,6,CS2_36_11_01_10.xlsx,2010-10-28 13:50:11,0.9703158541941566,84.75747818130247,1.0999023713798166
CS2_36,421,7,CS2_36_11_01_10.xlsx,2010-10-28 13:50:11,0.9699542904120149,84.72589544023566,1.0998513687436826
CS2_36,422,8,CS2_36_11_01_10.xlsx,2010-10-28 13:50:11,0.9688032310818562,84.62534994709587,1.0998801735212218
CS2_36,423,9,CS2_36_11_01_10.xlsx,2010-10-28 13:50:11,0.9663098832593588,84.40755501697055,1.0998509987345282
CS2_36,424,10,CS2_36_11_01_10.xlsx,2010-10-28 13:50:11,0.9753511278742018,85.19731135235557,1.0998853701297369
CS2_36,425,11,CS2_36_11_01_10.xlsx,2010-10-28 13:50:11,0.9775771627463907,85.39175638929363,1.0998870702547447
CS2_36,426,12,CS2_36_11_01_10.xlsx,2010-10-28 13:50:11,0.9783882580314671,85.46260588704293,1.0998820496930017
CS2_36,427,13,CS2_36_11_01_10.xlsx,2010-10-28 13:50:11,0.9787861843608159,85.49736491116043,1.0998652047581143
CS2_36,428,14,CS2_36_11_01_10.xlsx,2010-10-28 13:50:11,0.9789696467552513,85.51339042473546,1.099888786121651
CS2_36,429,15,CS2_36_11_01_10.xlsx,2010-10-28 13:50:11,0.9791833427793044,85.532056857957,1.0998786798229925
CS2_36,430,16,CS2_36_11_01_10.xlsx,2010-10-28 13:50:11,0.9793883309421947,85.5499626560211,1.0998854184592213
CS2_36,432,1,CS2_36_11_15_10.xlsx,2010-11-08 12:42:15,0.964828389312589,84.27814592783083,1.0999728474976882
CS2_36,433,2,CS2_36_11_15_10.xlsx,2010-11-08 12:42:15,0.962154053570912,84.04454163053435,1.0999556858584565
CS2_36,434,3,CS2_36_11_15_10.xlsx,2010-11-08 12:42:15,0.9671804112742881,84.48359598745728,1.0999797155272286
CS2_36,435,4,CS2_36_11_15_10.xlsx,2010-11-08 12:42:15,0.9689394887015168,84.63725210470311,1.0999814339403837
CS2_36,436,5,CS2_36_11_15_10.xlsx,2010-11-08 12:42:15,0.9690097501148367,84.64338946727501,1.0999762809501503
CS2_36,437,6,CS2_36_11_15_10.xlsx,2010-11-08 12:42:15,0.9549530574622596,83.4155317386269,1.0999684356507802
CS2_36,438,7,CS2_36_11_15_10.xlsx,2010-11-08 12:42:15,0.9539550417306888,83.32835466507134,1.0999684345154535
CS2_36,439,8,CS2_36_11_15_10.xlsx,2010-11-08 12:42:15,0.9556414683643695,83.47566470642614,1.099978830700829
CS2_36,440,9,CS2_36_11_15_10.xlsx,2010-11-08 12:42:15,0.9541886384947746,83.34875943589896,1.099970167023795
CS2_36,441,10,CS2_36_11_15_10.xlsx,2010-11-08 12:42:15,0.951849367476509,83.14442317628433,1.0999545744487218
CS2_36,442,11,CS2_36_11_15_10.xlsx,2010-11-08 12:42:15,0.9605797002430041,83.90702123729021,1.0999882974714603
CS2_36,443,12,CS2_36_11_15_10.xlsx,2010-11-08 12:42:15,0.9613146566311315,83.97121997192043,1.1000020312813092
CS2_36,444,13,CS2_36_11_15_10.xlsx,2010-11-08 12:42:15,0.9545023656896969,83.3761636319281,1.0999822945821853
CS2_36,445,14,CS2_36_11_15_10.xlsx,2010-11-08 12:42:15,0.9476064552209991,82.77380309276501,1.099974431670629
CS2_36,446,15,CS2_36_11_15_10.xlsx,2010-11-08 12:42:15,0.9469103892667086,82.71300145309426,1.0999849278193254
CS2_36,447,16,CS2_36_11_15_10.xlsx,2010-11-08 12:42:15,0.9483762168821634,82.84104208192399,1.0999901799055247
CS2_36,448,17,CS2_36_11_15_10.xlsx,2010-11-08 12:42:15,0.9484797962362954,82.85008977995956,1.1000426560640335
CS2_36,449,18,CS2_36_11_15_10.xlsx,2010-11-08 12:42:15,0.94815683020758,82.82187856810125,1.1000164197041438
CS2_36,450,19,CS2_36_11_15_10.xlsx,2010-11-08 12:42:15,0.9566486745133105,83.56364456661697,1.1000481378464473
CS2_36,451,20,CS2_36_11_15_10.xlsx,2010-11-08 12:42:15,0.9577006141760336,83.65553191713889,1.100034276644389
CS2_36,452,21,CS2_36_11_15_10.xlsx,2010-11-08 12:42:15,0.9452250134403783,82.56578320018207,1.1000251666857646
CS2_36,453,22,CS2_36_11_15_10.xlsx,2010-11-08 12:42:15,0.9378092851635849,81.91801636745232,1.1000141102133445
CS2_36,454,23,CS2_36_11_15_10.xlsx,2010-11-08 12:42:15,0.9409130316897993,82.18912986862705,1.0999681833878303
CS2_36,455,24,CS2_36_11_15_10.xlsx,2010-11-08 12:42:15,0.9426438162514472,82.34031459274169,1.0999709379214506
CS2_36,456,25,CS2_36_11_15_10.xlsx,2010-11-08 12:42:15,0.9384385347273394,81.97298156867005,1.0999611199480817
CS2_36,457,26,CS2_36_11_15_10.xlsx,2010-11-08 12:42:15,0.9472212120065286,82.74015194380786,1.0999726825035536
CS2_36,458,27,CS2_36_11_15_10.xlsx,2010-11-08 12:42:15,0.9507425480320428,83.04774205486444,1.0999761808377047
CS2_36,459,28,CS2_36_11_15_10.xlsx,2010-11-08 12:42:15,0.9516251115520014,83.12483433153206,1.0999874932425362
CS2_36,460,29,CS2_36_11_15_10.xlsx,2010-11-08 12:42:15,0.9362293405020559,81.78000756897875,1.0999505207376572
CS2_36,461,30,CS2_36_11_15_10.xlsx,2010-11-08 12:42:15,0.9328361437281067,81.4836104728273,1.0999546775630875
CS2_36,462,31,CS2_36_11_15_10.xlsx,2010-11-08 12:42:15,0.9350197405674372,81.6743485306116,1.0999575853347778
CS2_36,463,32,CS2_36_11_15_10.xlsx,2010-11-08 12:42:15,0.9383928238530146,81.96898870550442,1.0999628837826183
CS2_36,464,33,CS2_36_11_15_10.xlsx,2010-11-08 12:42:15,0.9346042894071296,81.63805870549645,1.0999664172385504
CS2_36,465,34,CS2_36_11_15_10.xlsx,2010-11-08 12:42:15,0.9448442906843155,82.53252691507589,1.0999796814643419
CS2_36,466,35,CS2_36_11_15_10.xlsx,2010-11-08 12:42:15,0.9468986703849822,82.7119778040856,1.099974431670629
CS2_36,467,36,CS2_36_11_15_10.xlsx,2010-11-08 12:42:15,0.9476207055520405,82.77504786488443,1.0999901764667952
CS2_36,468,37,CS2_36_11_15_10.xlsx,2010-11-08 12:42:15,0.9480573302171038,82.81318720411356,1.0999989223021727
CS2_36,469,38,CS2_36_11_15_10.xlsx,2010-11-08 12:42:15,0.9481333594117274,82.81982838469058,1.100005920116718
CS2_36,470,39,CS2_36_11_15_10.xlsx,2010-11-08 12:42:15,0.9485092921154603,82.85266625680877,1.0999866781326442
CS2_36,471,40,CS2_36_11_15_10.xlsx,2010-11-08 12:42:15,0.9493958317677382,82.93010585022571,1.0999761808377047
CS2_36,472,41,CS2_36_11_15_10.xlsx,2010-11-08 12:42:15,0.9491248810115849,82.90643819324205,1.0999814306314175
CS2_36,473,42,CS2_36_11_15_10.xlsx,2010-11-08 12:42:15,0.9487723328862714,82.87564297340722,1.1000024206363237
CS2_36,474,43,CS2_36_11_15_10.xlsx,2010-11-08 12:42:15,0.9486074030003877,82.86123628187086,1.100002421782567
CS2_36,475,44,CS2_36_11_15_10.xlsx,2010-11-08 12:42:15,0.9480758262352467,82.81480283870039,1.0999831775060067
CS2_36,476,45,CS2_36_11_15_10.xlsx,2010-11-08 12:42:15,0.9477170246483766,82.78346137649598,1.0999779334435096
CS2_36,477,46,CS2_36_11_15_10.xlsx,2010-11-08 12:42:15,0.9472147519907779,82.73958765884674,1.100000676054221
CS2_36,478,47,CS2_36_11_15_10.xlsx,2010-11-08 12:42:15,0.9470898199263402,82.7286747930207,1.0999954239680216
CS2_36,479,48,CS2_36_11_15_10.xlsx,2010-11-08 12:42:15,0.9469550237824862,82.71690029591004,1.0999796791718557
CS2_36,480,49,CS2_36_11_15_10.xlsx,2010-11-08 12:42:15,0.9467057646025054,82.69512740678596,1.0999936759471893
CS2_36,481,50,CS2_36_11_15_10.xlsx,2010-11-08 12:42:15,0.9463471924824631,82.66380598860079,1.1000339113748991
CS2_36,482,1,CS2_36_11_22_10.xlsx,2010-11-15 12:55:15,0.939933438431348,82.1035620054711,1.0999628872547336
CS2_36,483,2,CS2_36_11_22_10.xlsx,2010-11-15 12:55:15,0.9358761900629029,81.749159736789,1.0999717133716471
CS2_36,484,3,CS2_36_11_22_10.xlsx,2010-11-15 12:55:15,0.9441913572327632,82.47549291678081,1.099993673654703
CS2_36,485,4,CS2_36_11_22_10.xlsx,2010-11-15 12:55:15,0.9465049774806369,82.67758857133634,1.0999971754275835
CS2_36,486,5,CS2_36_11_22_10.xlsx,2010-11-15 12:55:15,0.9466316400821873,82.68865260027177,1.0999901764667952
CS2_36,487,6,CS2_36_11_22_10.xlsx,2010-11-15 12:55:15,0.9285689505622869,81.11086944207526,1.099986778754814
CS2_36,488,7,CS2_36_11_22_10.xlsx,2010-11-15 12:55:15,0.9269719590393208,80.97137159343303,1.0999671641518087
CS2_36,489,8,CS2_36_11_22_10.xlsx,2010-11-15 12:55:15,0.9272742678009598,80.99777838474525,1.0999172236405166
CS2_36,490,9,CS2_36_11_22_10.xlsx,2010-11-15 12:55:15,0.9269818358250834,80.97223433462204,1.0999279232586132
CS2_36,491,10,CS2_36_11_22_10.xlsx,2010-11-15 12:55:15,0.9235587114122072,80.67322304723338,1.0999156874005158
CS2_36,492,11,CS2_36_11_22_10.xlsx,2010-11-15 12:55:15,0.9347393971034759,81.64986041684197,1.0999363915434162
CS2_36,493,12,CS2_36_11_22_10.xlsx,2010-11-15 12:55:15,0.9375552408890293,81.89582549840216,1.0999434561405368
CS2_36,494,13,CS2_36_11_22_10.xlsx,2010-11-15 12:55:15,0.9341884650891057,81.60173628490543,1.099931091938204
CS2_36,495,14,CS2_36_11_22_10.xlsx,2010-11-15 12:55:15,0.9211732382442168,80.46485101135033,1.09990127842025
CS2_36,496,15,CS2_36_11_22_10.xlsx,2010-11-15 12:55:15,0.9226494597212636,80.5937995481497,1.0998994772977169
CS2_36,497,16,CS2_36_11_22_10.xlsx,2010-11-15 12:55:15,0.9213278175183959,80.47835357281204,1.0998922716272939
CS2_36,498,17,CS2_36_11_22_10.xlsx,2010-11-15 12:55:15,0.9194591879239891,80.31512802992073,1.0999156874005158
CS2_36,499,18,CS2_36_11_22_10.xlsx,2010-11-15 12:55:15,0.9160728017192596,80.0193258397162,1.0998976749948937
CS2_36,500,19,CS2_36_11_22_10.xlsx,2010-11-15 12:55:15,0.9294360100113543,81.18660743194583,1.0999225740339242
CS2_36,501,20,CS2_36_11_22_10.xlsx,2010-11-15 12:55:15,0.9312850612381531,81.34812279659137,1.0999172236405166
CS2_36,502,21,CS2_36_11_22_10.xlsx,2010-11-15 12:55:15,0.9225893812937507,80.58855167346324,1.0999300952004913
CS2_36,503,22,CS2_36_11_22_10.xlsx,2010-11-15 12:55:15,0.9120029183405478,79.6638198978308,1.099925034046173
CS2_36,504,23,CS2_36_11_22_10.xlsx,2010-11-15 12:55:15,0.9134645561147607,79.79149454235129,1.0999414074420928
CS2_36,505,24,CS2_36_11_22_10.xlsx,2010-11-15 12:55:15,0.9136124096743288,79.8044096099501,1.099928674697876
CS2_36,506,25,CS2_36_11_22_10.xlsx,2010-11-15 12:55:15,0.8985271821955934,78.48670895262057,1.0998886142458235
CS2_36,507,26,CS2_36_11_22_10.xlsx,2010-11-15 12:55:15,0.8922565100904158,77.93896323472948,1.0998681966139345
CS2_36,508,27,CS2_36_11_22_10.xlsx,2010-11-15 12:55:15,0.9147588428482472,79.90455100649093,1.0999232161045074
CS2_36,509,28,CS2_36_11_22_10.xlsx,2010-11-15 12:55:15,0.9178618366793039,80.1755987594424,1.0999300952004913
CS2_36,510,29,CS2_36_11_22_10.xlsx,2010-11-15 12:55:15,0.9029354985449594,78.87177714993244,1.0998849579782197
CS2_36,511,30,CS2_36_11_22_10.xlsx,2010-11-15 12:55:15,0.8870703147319965,77.485946994672,1.099896096691643
CS2_36,512,31,CS2_36_11_22_10.xlsx,2010-11-15 12:55:15,0.8872634287709111,77.50281558325484,1.099860464174723
CS2_36,513,32,CS2_36_11_22_10.xlsx,2010-11-15 12:55:15,0.8840833316863268,77.22503283025127,1.099871716548487
CS2_36,514,33,CS2_36_11_22_10.xlsx,2010-11-15 12:55:15,0.8824741179342617,77.08446736500593,1.099907349065407
CS2_36,515,34,CS2_36_11_22_10.xlsx,2010-11-15 12:55:15,0.8860842882441489,77.39981718635373,1.0998792181309966
CS2_36,516,35,CS2_36_11_22_10.xlsx,2010-11-15 12:55:15,0.9037209398761341,78.94038576454177,1.0998959830313018
CS2_36,517,36,CS2_36_11_22_10.xlsx,2010-11-15 12:55:15,0.9076718712920666,79.28550120487418,1.099925034046173
CS2_36,518,37,CS2_36_11_22_10.xlsx,2010-11-15 12:55:15,0.9097415488434066,79.46628836726236,1.0998995661735536
CS2_36,519,38,CS2_36_11_22_10.xlsx,2010-11-15 12:55:15,0.9109695870205101,79.57355799348949,1.099905023574829
CS2_36,520,39,CS2_36_11_22_10.xlsx,2010-11-15 12:55:15,0.9118554696392707,79.65094019476574,1.0999377679824829
CS2_36,521,40,CS2_36_11_22_10.xlsx,2010-11-15 12:55:15,0.9143682446927386,79.87043210129107,1.099965056180954
CS2_36,522,41,CS2_36_11_22_10.xlsx,2010-11-15 12:55:15,0.914865069276317,79.91382992749432,1.0999650585651397
CS2_36,523,42,CS2_36_11_22_10.xlsx,2010-11-15 12:55:15,0.9153619787566214,79.95723516946057,1.0999541401863098
CS2_36,524,43,CS2_36_11_22_10.xlsx,2010-11-15 12:55:15,0.9140486059524235,79.8425115294061,1.0999668753147125
CS2_36,525,44,CS2_36_11_22_10.xlsx,2010-11-15 12:55:15,0.9130364389331049,79.75409833520247,1.0999541401863098
CS2_36,526,45,CS2_36_11_22_10.xlsx,2010-11-15 12:55:15,0.9125457266790988,79.71123442343348,1.0999996221065522
CS2_36,527,46,CS2_36_11_22_10.xlsx,2010-11-15 12:55:15,0.9120739612811448,79.67002552712313,1.0999777901172638
CS2_36,528,47,CS2_36_11_22_10.xlsx,2010-11-15 12:55:15,0.9114396780832053,79.61462063594492,1.0999614214897155
CS2_36,529,48,CS2_36_11_22_10.xlsx,2010-11-15 12:55:15,0.9116016961478977,79.62877297873493,1.1000050842761993
CS2_36,530,49,CS2_36_11_22_10.xlsx,2010-11-15 12:55:15,0.9116568880220157,79.63359401102676,1.0999759721755982
CS2_36,531,50,CS2_36_11_22_10.xlsx,2010-11-15 12:55:15,0.9115014728783564,79.62001843603144,1.1000542080402373
CS2_36,532,1,CS2_36_11_24_10.xlsx,2010-11-22 13:15:42,0.892102836790456,77.92553981047841,1.0998978955405099
CS2_36,533,2,CS2_36_11_24_10.xlsx,2010-11-22 13:15:42,0.884278556078,77.24208575899212,1.0998792193599582
CS2_36,534,3,CS2_36_11_24_10.xlsx,2010-11-22 13:15:42,0.89942871168295,78.56545791413053,1.099916195628619
CS2_36,535,4,CS2_36_11_24_10.xlsx,2010-11-22 13:15:42,0.7745875631563668,67.66053362928693,1.0998926106621236
CS2_36,536,5,CS2_36_11_24_10.xlsx,2010-11-22 13:15:42,0.9058925038710233,79.13007274854863,1.0999713208940294
CS2_36,537,6,CS2_36_11_24_10.xlsx,2010-11-22 13:15:42,0.8854752868975568,77.34662067500842,1.0999636146211134
CS2_36,538,7,CS2_36_11_24_10.xlsx,2010-11-22 13:15:42,0.8737709625959367,76.32424326322706,1.0999548981587093
CS2_36,539,8,CS2_36_11_24_10.xlsx,2010-11-22 13:15:42,0.8734975495925834,76.3003605279651,1.0999037350217502
CS2_36,540,9,CS2_36_11_24_10.xlsx,2010-11-22 13:15:42,0.8721800450370534,76.18527597777825,1.099899945159753
CS2_36,541,10,CS2_36_11_24_10.xlsx,2010-11-22 13:15:42,0.8698567682229728,75.98233681830001,1.0998808961165578
CS2_36,542,11,CS2_36_11_24_10.xlsx,2010-11-22 13:15:42,0.8757985980364289,76.50135803040756,1.0998828907807667
CS2_36,543,12,CS2_36_11_24_10.xlsx,2010-11-22 13:15:42,0.8878957107680314,77.55804566874063,1.0999242276260532
CS2_36,544,13,CS2_36_11_24_10.xlsx,2010-11-22 13:15:42,0.8908465378808721,77.81580159795926,1.0999127456120081
CS2_36,545,14,CS2_36_11_24_10.xlsx,2010-11-22 13:15:42,0.8726734799313043,76.22837771326219,1.0998904705047607
CS2_36,546,15,CS2_36_11_24_10.xlsx,2010-11-22 13:15:42,0.8622407887509009,75.3170779635228,1.099857917584871
CS2_36,547,16,CS2_36_11_24_10.xlsx,2010-11-22 13:15:42,0.8586070870467601,74.99967266546977,1.099873053266647
CS2_36,549,1,CS2_36_12_06_10.xlsx,2010-11-29 10:34:08,0.889495460906724,77.69778448357056,1.0999554407839873
CS2_36,550,2,CS2_36_12_06_10.xlsx,2010-11-29 10:34:08,0.876621300196669,76.57322139334742,1.0999435285727184
CS2_36,551,3,CS2_36_12_06_10.xlsx,2010-11-29 10:34:08,0.875840048941908,76.50497878358968,1.0999435285727184
CS2_36,552,4,CS2_36_12_06_10.xlsx,2010-11-29 10:34:08,0.879185642539615,76.79721772324574,1.0999245817462604
CS2_36,553,5,CS2_36_12_06_10.xlsx,2010-11-29 10:34:08,0.8914205239238719,77.86593950852276,1.0999257394245692
CS2_36,554,6,CS2_36_12_06_10.xlsx,2010-11-29 10:34:08,0.8933877189357791,78.03777478007828,1.099955439567566
CS2_36,555,7,CS2_36_12_06_10.xlsx,2010-11-29 10:34:08,0.8754255214333666,76.46876963982595,1.099907524883747
CS2_36,556,8,CS2_36_12_06_10.xlsx,2010-11-29 10:34:08,0.8649841225598314,75.5567092696067,1.099896216392517
CS2_36,557,9,CS2_36_12_06_10.xlsx,2010-11-29 10:34:08,0.8653503477696862,75.58869918824972,1.0998674919730738
CS2_36,558,10,CS2_36_12_06_10.xlsx,2010-11-29 10:34:08,0.8599913722279613,75.1205905300344,1.0998962762507987
CS2_36,559,11,CS2_36_12_06_10.xlsx,2010-11-29 10:34:08,0.8586028601529598,74.99930344460472,1.0998846647587228
CS2_36,560,12,CS2_36_12_06_10.xlsx,2010-11-29 10:34:08,0.8620054503076773,75.29652105632549,1.0998789812389174
CS2_36,561,13,CS2_36_12_06_10.xlsx,2010-11-29 10:34:08,0.8754318499855582,76.46932244139256,1.0998980502287548
CS2_36,562,14,CS2_36_12_06_10.xlsx,2010-11-29 10:34:08,0.8787567272771888,76.75975180342223,1.0999169995387394
CS2_36,563,15,CS2_36_12_06_10.xlsx,2010-11-29 10:34:08,0.8633956922401218,75.4179592454951,1.09988855562712
CS2_36,564,16,CS2_36_12_06_10.xlsx,2010-11-29 10:34:08,0.8524992312556048,74.46614901776711,1.0998709099267119
CS2_36,565,17,CS2_36_12_06_10.xlsx,2010-11-29 10:34:08,0.8521457675534645,74.43527382193005,1.0998728659845167
CS2_36,566,18,CS2_36_12_06_10.xlsx,2010-11-29 10:34:08,0.847476701588489,74.02742904134351,1.099868953868907
CS2_36,567,19,CS2_36_12_06_10.xlsx,2010-11-29 10:34:08,0.8452027740046084,73.82880055687266,1.0998454811752483
CS2_36,568,20,CS2_36_12_06_10.xlsx,2010-11-29 10:34:08,0.8458505540574954,73.88538440373193,1.0998630869773127
CS2_36,569,21,CS2_36_12_06_10.xlsx,2010-11-29 10:34:08,0.8622430039425275,75.3172714613979,1.0998962151376825
CS2_36,570,22,CS2_36_12_06_10.xlsx,2010-11-29 10:34:08,0.8659020056972828,75.63688672899711,1.099898130015323
CS2_36,571,23,CS2_36_12_06_10.xlsx,2010-11-29 10:34:08,0.8517124341978608,74.39742197989939,1.0998787341579315
CS2_36,572,24,CS2_36_12_06_10.xlsx,2010-11-29 10:34:08,0.8442223573025807,73.74316076559076,1.0998728659845167
CS2_36,573,25,CS2_36_12_06_10.xlsx,2010-11-29 10:34:08,0.8482226829299719,74.0925908100615,1.0998806902157363
CS2_36,574,26,CS2_36_12_06_10.xlsx,2010-11-29 10:34:08,0.8454321818855455,73.84883942708085,1.0998826462735412
CS2_36,575,27,CS2_36_12_06_10.xlsx,2010-11-29 10:34:08,0.8439039618318063,73.71534879379773,1.0998650417532971
CS2_36,576,28,CS2_36_12_06_10.xlsx,2010-11-29 10:34:08,0.8410401437362403,73.46519313705878,1.0998766292696414
CS2_36,577,29,CS2_36_12_06_10.xlsx,2010-11-29 10:34:08,0.8590519763112532,75.03853392076657,1.099898211499478
CS2_36,578,30,CS2_36_12_06_10.xlsx,2010-11-29 10:34:08,0.8615168177363195,75.25383880566812,1.0998633770232504
CS2_36,579,31,CS2_36_12_06_10.xlsx,2010-11-29 10:34:08,0.8551329157287704,74.69620241049061,1.0998653122719297
CS2_36,580,32,CS2_36_12_06_10.xlsx,2010-11-29 10:34:08,0.8420787773635716,73.55591820006417,1.0998766292696414
CS2_36,581,33,CS2_36_12_06_10.xlsx,2010-11-29 10:34:08,0.8435569181645342,73.6850343905757,1.0998588333959165
CS2_36,582,34,CS2_36_12_06_10.xlsx,2010-11-29 10:34:08,0.8418271052034925,73.53393453616283,1.0998904718005138
CS2_36,583,35,CS2_36_12_06_10.xlsx,2010-11-29 10:34:08,0.8413335375687296,73.49082120574204,1.0998924478240635
CS2_36,584,36,CS2_36_12_06_10.xlsx,2010-11-29 10:34:08,0.8378761305753919,73.18881532123027,1.0998904705047607
CS2_36,585,37,CS2_36_12_06_10.xlsx,2010-11-29 10:34:08,0.8524583772790812,74.46258040656815,1.0999061202490201
CS2_36,586,38,CS2_36_12_06_10.xlsx,2010-11-29 10:34:08,0.8556147690733908,74.73829249297945,1.0999136934889124
CS2_36,587,39,CS2_36_12_06_10.xlsx,2010-11-29 10:34:08,0.857528850501069,74.90548827169667,1.0999040185137
CS2_36,588,40,CS2_36_12_06_10.xlsx,2010-11-29 10:34:08,0.8581760375806766,74.9620203221027,1.0998904705047607
CS2_36,589,41,CS2_36_12_06_10.xlsx,2010-11-29 10:34:08,0.8584876648891608,74.98924109221109,1.0999040185137
CS2_36,590,42,CS2_36_12_06_10.xlsx,2010-11-29 10:34:08,0.8584986446414646,74.99020017796889,1.0998807942613642
CS2_36,591,43,CS2_36_12_06_10.xlsx,2010-11-29 10:34:08,0.8581738577976168,74.96182991718008,1.0998943410021194
CS2_36,592,44,CS2_36_12_06_10.xlsx,2010-11-29 10:34:08,0.8590154060054189,75.03533948991662,1.0998962762507987
CS2_36,593,45,CS2_36_12_06_10.xlsx,2010-11-29 10:34:08,0.8590839920354298,75.04133050708599,1.099929175478347
CS2_36,594,46,CS2_36_12_06_10.xlsx,2010-11-29 10:34:08,0.858906600959287,75.02583532559355,1.099904017245516
CS2_36,595,47,CS2_36_12_06_10.xlsx,2010-11-29 10:34:08,0.8586779979314514,75.00586675962587,1.0999175652544548
CS2_36,596,48,CS2_36_12_06_10.xlsx,2010-11-29 10:34:08,0.8588919627200298,75.02455666953625,1.0999020819968366
CS2_36,597,49,CS2_36_12_06_10.xlsx,2010-11-29 10:34:08,0.8592211365499196,75.05331013531149,1.0999156287375917
CS2_36,598,50,CS2_36_12_06_10.xlsx,2010-11-29 10:34:08,0.8586325883015036,75.00190021027714,1.0999446587359651
CS2_36,599,1,CS2_36_12_13_10.xlsx,2010-12-06 12:33:56,0.852534648241007,74.46924270561577,1.0998982947359803
CS2_36,600,2,CS2_36_12_13_10.xlsx,2010-12-06 12:33:56,0.8433848740135179,73.67000626513288,1.0998944251433662
CS2_36,601,3,CS2_36_12_13_10.xlsx,2010-12-06 12:33:56,0.842741173985976,73.61377881012031,1.0998746519503386
CS2_36,602,4,CS2_36_12_13_10.xlsx,2010-12-06 12:33:56,0.8531962149713412,74.52703082426744,1.0999136934889124
CS2_36,603,5,CS2_36_12_13_10.xlsx,2010-12-06 12:33:56,0.8533225703111262,74.53806801376469,1.099898212767662
CS2_36,604,6,CS2_36_12_13_10.xlsx,2010-12-06 12:33:56,0.835942843920086,73.01994195819387,1.0998924478240635
CS2_36,605,7,CS2_36_12_13_10.xlsx,2010-12-06 12:33:56,0.8281393684193468,72.33830525027723,1.0998784762162428
CS2_36,606,8,CS2_36_12_13_10.xlsx,2010-12-06 12:33:56,0.8276897599846862,72.29903177357771,1.0999064628894513
CS2_36,607,9,CS2_36_12_13_10.xlsx,2010-12-06 12:33:56,0.825504352327493,72.1081355401284,1.0998924695528471
CS2_36,608,10,CS2_36_12_13_10.xlsx,2010-12-06 12:33:56,0.822142930689977,71.8145140148607,1.099888449245029
CS2_36,609,11,CS2_36_12_13_10.xlsx,2010-12-06 12:33:56,0.8194960122325305,71.58330462831407,1.0998803642061021
CS2_36,610,12,CS2_36_12_13_10.xlsx,2010-12-06 12:33:56,0.83311768357704,72.77316307160827,1.0998964689590118
CS2_36,611,13,CS2_36_12_13_10.xlsx,2010-12-06 12:33:56,0.836114036586526,73.03489570611819,1.0999023357163304
CS2_36,612,14,CS2_36_12_13_10.xlsx,2010-12-06 12:33:56,0.8369311051342923,73.10626697075391,1.0999043130356332
CS2_36,613,15,CS2_36_12_13_10.xlsx,2010-12-06 12:33:56,0.8166511922503812,71.33480846438505,1.0999046193228827
CS2_36,614,16,CS2_36_12_13_10.xlsx,2010-12-06 12:33:56,0.8146924737779759,71.1637136219473,1.0999149994903736
CS2_36,615,17,CS2_36_12_13_10.xlsx,2010-12-06 12:33:56,0.8153082536989533,71.21750224447791,1.0999272619740348
CS2_36,616,18,CS2_36_12_13_10.xlsx,2010-12-06 12:33:56,0.8113717985706081,70.87365131365964,1.099921130062489
CS2_36,617,19,CS2_36_12_13_10.xlsx,2010-12-06 12:33:56,0.8116064368141878,70.89414705813782,1.099921130062489
CS2_36,618,20,CS2_36_12_13_10.xlsx,2010-12-06 12:33:56,0.8188392077403464,71.52593249307063,1.0999308970239428
CS2_36,619,21,CS2_36_12_13_10.xlsx,2010-12-06 12:33:56,0.6973737131977522,60.91587293465489,1.099928272234929
CS2_36,620,22,CS2_36_12_13_10.xlsx,2010-12-06 12:33:56,0.8259209279774105,72.144523589861,1.099928455038385
CS2_36,621,23,CS2_36_12_13_10.xlsx,2010-12-06 12:33:56,0.8179069919885542,71.4445030740817,1.0999228106604682
CS2_36,622,24,CS2_36_12_13_10.xlsx,2010-12-06 12:33:56,0.806740239734193,70.46908279576306,1.0999111424792896
CS2_36,623,25,CS2_36_12_13_10.xlsx,2010-12-06 12:33:56,0.8009502720054904,69.96332679753348,1.0999214811758562
CS2_36,624,26,CS2_36_12_13_10.xlsx,2010-12-06 12:33:56,0.8075224829728391,70.53741205571016,1.0999068222688826
CS2_36,625,27,CS2_36_12_13_10.xlsx,2010-12-06 12:33:56,0.8041676661913293,70.24436746725785,1.0999152782288464
CS2_36,626,28,CS2_36_12_13_10.xlsx,2010-12-06 12:33:56,0.6672801487776994,58.287188039210655,1.0999079142531303
CS2_36,627,29,CS2_36_12_13_10.xlsx,2010-12-06 12:33:56,0.8042302038892615,70.24983016019961,1.099927681413564
CS2_36,628,30,CS2_36_12_13_10.xlsx,2010-12-06 12:33:56,0.8143485305387017,71.13367004235165,1.0999517909596475
CS2_36,629,31,CS2_36_12_13_10.xlsx,2010-12-06 12:33:56,0.822093106590593,71.81016185984006,1.099938980738322
CS2_36,630,32,CS2_36_12_13_10.xlsx,2010-12-06 12:33:56,0.6919156489127296,60.43910883505751,1.0999239808634709
CS2_36,631,33,CS2_36_12_13_10.xlsx,2010-12-06 12:33:56,0.8026870575148202,70.1150357068297,1.099923545664007
CS2_36,632,34,CS2_36_12_13_10.xlsx,2010-12-06 12:33:56,0.8059796355401723,70.40264371502388,1.0999297499656677
CS2_36,633,35,CS2_36_12_13_10.xlsx,2010-12-06 12:33:56,0.8055890425001841,70.36852525666679,1.099923548373309
CS2_36,634,36,CS2_36_12_13_10.xlsx,2010-12-06 12:33:56,0.8058302533389714,70.38959511996669,1.0999276800589128
CS2_36,635,37,CS2_36_12_13_10.xlsx,2010-12-06 12:33:56,0.8028027840531635,70.1251444662674,1.0998925377022137
CS2_36,636,38,CS2_36_12_13_10.xlsx,2010-12-06 12:33:56,0.8124642078335533,70.96907369995675,1.0999456577086717
CS2_36,637,39,CS2_36_12_13_10.xlsx,2010-12-06 12:33:56,0.8166496948042301,71.33467766186448,1.0999288744396634
CS2_36,638,40,CS2_36_12_13_10.xlsx,2010-12-06 12:33:56,0.8175622708460537,71.41439154432791,1.099967278374566
CS2_36,639,41,CS2_36_12_13_10.xlsx,2010-12-06 12:33:56,0.8188078248634341,71.52319118621301,1.0999693009588454
CS2_36,640,42,CS2_36_12_13_10.xlsx,2010-12-06 12:33:56,0.8188420441659758,71.5261802559845,1.0999288744396634
CS2_36,641,43,CS2_36_12_13_10.xlsx,2010-12-06 12:33:56,0.8201817070491231,71.6432003449564,1.0999551508161756
CS2_36,642,44,CS2_36_12_13_10.xlsx,2010-12-06 12:33:56,0.8207647978229389,71.69413355740035,1.0999551508161756
CS2_36,643,45,CS2_36_12_13_10.xlsx,2010-12-06 12:33:56,0.821827253742633,71.78693950717725,1.099953129556444
CS2_36,644,46,CS2_36_12_13_10.xlsx,2010-12-06 12:33:56,0.821283794405133,71.73946811655586,1.099967282348209
CS2_36,645,47,CS2_36_12_13_10.xlsx,2010-12-06 12:33:56,0.8212510396822807,71.73660697840639,1.0999571720759074
CS2_36,646,48,CS2_36_12_13_10.xlsx,2010-12-06 12:33:56,0.8215822529858272,71.76553859302172,1.0999551547898188
CS2_36,647,49,CS2_36_12_13_10.xlsx,2010-12-06 12:33:56,0.8223886462424517,71.83597736670397,1.0999308956993952
CS2_36,648,50,CS2_36_12_13_10.xlsx,2010-12-06 12:33:56,0.8228776630825863,71.87869318339278,1.0999470657772488
CS2_36,649,1,CS2_36_12_20_10.xlsx,2010-12-13 12:36:53,0.804901759446376,70.30849080686805,1.0998367233709856
CS2_36,650,2,CS2_36_12_20_10.xlsx,2010-12-13 12:36:53,0.7940577078191281,69.3612585574716,1.0998486513378976
CS2_36,651,3,CS2_36_12_20_10.xlsx,2010-12-13 12:36:53,0.7884683985004248,68.87303015165833,1.0998423784628681
CS2_36,652,4,CS2_36_12_20_10.xlsx,2010-12-13 12:36:53,0.80326103812398,70.16517314274509,1.0998511937531559
CS2_36,653,5,CS2_36_12_20_10.xlsx,2010-12-13 12:36:53,0.8046828339891583,70.28936758056679,1.0998780673200435
CS2_36,654,6,CS2_36_12_20_10.xlsx,2010-12-13 12:36:53,0.7965055291165837,69.57507672741494,1.0998465603795544
CS2_36,655,7,CS2_36_12_20_10.xlsx,2010-12-13 12:36:53,0.7838737894279468,68.47168921042885,1.0998481650685155
CS2_36,656,8,CS2_36_12_20_10.xlsx,2010-12-13 12:36:53,0.7849067392195925,68.56191778811245,1.0998566261557645
CS2_36,657,9,CS2_36_12_20_10.xlsx,2010-12-13 12:36:53,0.7835947958936851,68.44731901355873,1.09985239561214
CS2_36,658,10,CS2_36_12_20_10.xlsx,2010-12-13 12:36:53,0.7835989699686214,68.44768362067487,1.099867202514826
CS2_36,659,11,CS2_36_12_20_10.xlsx,2010-12-13 12:36:53,0.7825259653604615,68.35395623873893,1.099869317786638
CS2_36,660,12,CS2_36_12_20_10.xlsx,2010-12-13 12:36:53,0.7910353083220816,69.09725075184953,1.0998841976297313
CS2_36,661,13,CS2_36_12_20_10.xlsx,2010-12-13 12:36:53,0.7950184549547679,69.4451802042578,1.0998737428380154
CS2_36,662,14,CS2_36_12_20_10.xlsx,2010-12-13 12:36:53,0.7960581537373237,69.53599830899833,1.0998925628333256
CS2_36,663,15,CS2_36_12_20_10.xlsx,2010-12-13 12:36:53,0.7798850272970892,68.123269242008,1.0998777788738872
CS2_36,664,16,CS2_36_12_20_10.xlsx,2010-12-13 12:36:53,0.7761695154431436,67.79871779462935,1.0998797697179459
CS2_36,665,17,CS2_36_12_20_10.xlsx,2010-12-13 12:36:53,0.7766063462238737,67.83687513814448,1.099862648459042
CS2_36,666,18,CS2_36_12_20_10.xlsx,2010-12-13 12:36:53,0.7779872571692614,67.95749826186044,1.099866928773768
CS2_36,667,19,CS2_36_12_20_10.xlsx,2010-12-13 12:36:53,0.776163318030596,67.79817644816313,1.09985408782959
CS2_36,668,20,CS2_36_12_20_10.xlsx,2010-12-13 12:36:53,0.7755632724732671,67.74576222859406,1.099875490805682
CS2_36,669,21,CS2_36_12_20_10.xlsx,2010-12-13 12:36:53,0.7848268344785332,68.55493807700329,1.0998904705047607
CS2_36,670,22,CS2_36_12_20_10.xlsx,2010-12-13 12:36:53,0.7870161960294482,68.74617968465152,1.0998989315920098
CS2_36,671,23,CS2_36_12_20_10.xlsx,2010-12-13 12:36:53,0.787564056930556,68.79403555361556,1.0998947010483853
CS2_36,672,24,CS2_36_12_20_10.xlsx,2010-12-13 12:36:53,0.7688095350176347,67.15582055901946,1.0998514890670776
CS2_36,673,25,CS2_36_12_20_10.xlsx,2010-12-13 12:36:53,0.7660479606774864,66.91459593523388,1.099862317244212
CS2_36,674,26,CS2_36_12_20_10.xlsx,2010-12-13 12:36:53,0.7684201770352672,67.12180998343979,1.0998493234316509
CS2_36,675,27,CS2_36_12_20_10.xlsx,2010-12-13 12:36:53,0.7672820543598355,67.0223945122676,1.0998774781113578
CS2_36,676,28,CS2_36_12_20_10.xlsx,2010-12-13 12:36:53,0.7645205609156989,66.78117695478102,1.0998558203379314
CS2_36,677,29,CS2_36_12_20_10.xlsx,2010-12-13 12:36:53,0.7653331460955677,66.85215659543667,1.0998579859733582
CS2_36,678,30,CS2_36_12_20_10.xlsx,2010-12-13 12:36:53,0.7807453884707662,68.19842213484262,1.099892585776573
CS2_36,679,31,CS2_36_12_20_10.xlsx,2010-12-13 12:36:53,0.6541894979826708,57.14371445342643,1.0998778376314375
CS2_36,680,32,CS2_36_12_20_10.xlsx,2010-12-13 12:36:53,0.651973698778864,56.95016350621782,1.0999005768034193
CS2_36,681,33,CS2_36_12_20_10.xlsx,2010-12-13 12:36:53,0.7718976302449079,67.42556691296805,1.0998819098753088
CS2_36,682,34,CS2_36_12_20_10.xlsx,2010-12-13 12:36:53,0.7697149760403761,67.23491119471066,1.0998709797859192
CS2_36,683,35,CS2_36_12_20_10.xlsx,2010-12-13 12:36:53,0.7707196602387221,67.32267076150772,1.0998926106621236
CS2_36,684,36,CS2_36_12_20_10.xlsx,2010-12-13 12:36:53,0.774010575607992,67.61013353602775,1.0998647886164048
CS2_36,685,37,CS2_36_12_20_10.xlsx,2010-12-13 12:36:53,0.774765701317552,67.6760940689568,1.099849807514864
CS2_36,686,38,CS2_36_12_20_10.xlsx,2010-12-13 12:36:53,0.7734396580748317,67.56026366102674,1.099873350648319
CS2_36,687,39,CS2_36_12_20_10.xlsx,2010-12-13 12:36:53,0.7843617315533287,68.5143111503539,1.0998989315920098
CS2_36,688,40,CS2_36_12_20_10.xlsx,2010-12-13 12:36:53,0.7877524287483197,68.81048990728304,1.0998904705047607
CS2_36,689,41,CS2_36_12_20_10.xlsx,2010-12-13 12:36:53,0.7892637607056159,68.94250535858329,1.0999009252964764
CS2_36,690,42,CS2_36_12_20_10.xlsx,2010-12-13 12:36:53,0.7904441813012859,69.0456155700158,1.099907198171506
CS2_36,691,43,CS2_36_12_20_10.xlsx,2010-12-13 12:36:53,0.7907818224066645,69.07510865569355,1.0998967433797902
CS2_36,692,44,CS2_36_12_20_10.xlsx,2010-12-13 12:36:53,0.7908833726393638,69.08397910915993,1.0999009252964764
CS2_36,693,45,CS2_36_12_20_10.xlsx,2010-12-13 12:36:53,0.7914505656504076,69.13352364566352,1.0999030162548196
CS2_36,694,46,CS2_36_12_20_10.xlsx,2010-12-13 12:36:53,0.7918388597566306,69.16744129123622,1.0999071995417278
CS2_36,695,47,CS2_36_12_20_10.xlsx,2010-12-13 12:36:53,0.7920802900216017,69.18853032150109,1.099877924754702
CS2_36,696,48,CS2_36_12_20_10.xlsx,2010-12-13 12:36:53,0.7921311857567943,69.19297608433848,1.0998841976297313
CS2_36,697,49,CS2_36_12_20_10.xlsx,2010-12-13 12:36:53,0.7918729697498605,69.17042081279557,1.099877924754702
CS2_36,698,50,CS2_36_12_20_10.xlsx,2010-12-13 12:36:53,0.7916267421225243,69.1489127310082,1.0998758337963586
CS2_36,699,1,CS2_36_12_23_10.xlsx,2010-12-20 12:10:10,0.79513007539055,69.45493029399353,1.0998862885880745
CS2_36,700,2,CS2_36_12_23_10.xlsx,2010-12-20 12:10:10,0.7857091668710751,68.63201016459855,1.0998904705047607
CS2_36,701,3,CS2_36_12_23_10.xlsx,2010-12-20 12:10:10,0.7786256379174099,68.01326107568923,1.0998861901900348
CS2_36,702,4,CS2_36_12_23_10.xlsx,2010-12-20 12:10:10,0.7919824733618892,69.17998599712928,1.099911381458414
CS2_36,703,5,CS2_36_12_23_10.xlsx,2010-12-20 12:10:10,0.792428808872645,69.2189735826159,1.0999092891298492
CS2_36,704,6,CS2_36_12_23_10.xlsx,2010-12-20 12:10:10,0.7918718609702484,69.17032396045272,1.0998716518796723
CS2_36,705,7,CS2_36_12_23_10.xlsx,2010-12-20 12:10:10,0.7750534100078577,67.70122553819515,1.099871209088494
CS2_36,706,8,CS2_36_12_23_10.xlsx,2010-12-20 12:10:10,0.7668171228832641,66.98178256172494,1.09986231866337
CS2_36,707,9,CS2_36_12_23_10.xlsx,2010-12-20 12:10:10,0.7681055131883294,67.09432397048226,1.0998948031947726
CS2_36,708,10,CS2_36_12_23_10.xlsx,2010-12-20 12:10:10,0.763726699151734,66.71183281199762,1.0999164581298828
CS2_36,709,11,CS2_36_12_23_10.xlsx,2010-12-20 12:10:10,0.7628101669056164,66.63177335350585,1.0999207894007366
CS2_36,710,12,CS2_36_12_23_10.xlsx,2010-12-20 12:10:10,0.7610565189952112,66.47859150672743,1.099914292494456
CS2_36,711,13,CS2_36_12_23_10.xlsx,2010-12-20 12:10:10,0.77816761591248,67.9732526702596,1.0999396983314962
CS2_36,712,14,CS2_36_12_23_10.xlsx,2010-12-20 12:10:10,0.7795093722596729,68.0904556241537,1.0999285453973815
CS2_36,713,15,CS2_36_12_23_10.xlsx,2010-12-20 12:10:10,0.77971041200942,68.10801652674961,1.0999454675718796
CS2_36,714,16,CS2_36_12_23_10.xlsx,2010-12-20 12:10:10,0.7613790357256924,66.50676347220517,1.0999294519424438
CS2_36,715,17,CS2_36_12_23_10.xlsx,2010-12-20 12:10:10,0.7550109658126036,65.95051001681472,1.099971565855555
CS2_36,716,18,CS2_36_12_23_10.xlsx,2010-12-20 12:10:10,0.7550183892418705,65.95115845633201,1.0999715672918113
CS2_36,717,19,CS2_36_12_23_10.xlsx,2010-12-20 12:10:10,0.7507109806888614,65.57490459541492,1.0999659023633817
CS2_36,718,20,CS2_36_12_23_10.xlsx,2010-12-20 12:10:10,0.7482509602674412,65.3600208271112,1.0999525901747913
CS2_36,719,21,CS2_36_12_23_10.xlsx,2010-12-20 12:10:10,0.7475042335861506,65.29479395266272,1.099963681000035
CS2_36,720,22,CS2_36_12_23_10.xlsx,2010-12-20 12:10:10,0.764762673330246,66.80232557108435,1.0999987522761028
CS2_36,721,23,CS2_36_12_23_10.xlsx,2010-12-20 12:10:10,0.7663058222136172,66.93712024361031,1.0999879255181266
CS2_36,722,24,CS2_36_12_23_10.xlsx,2010-12-20 12:10:10,0.7662638638860138,66.93345516690256,1.1000030892235892
CS2_36,723,25,CS2_36_12_23_10.xlsx,2010-12-20 12:10:10,0.7470441213040147,65.25460296068262,1.0999858684656096
CS2_36,724,26,CS2_36_12_23_10.xlsx,2010-12-20 12:10:10,0.7396249045671901,64.60653140957311,1.0999645833615903
CS2_36,725,27,CS2_36_12_23_10.xlsx,2010-12-20 12:10:10,0.736285335122183,64.31481868206623,1.0999578473008709
CS2_36,727,1,CS2_36_1_10_11.xlsx,2011-01-03 10:38:25,0.758327412439221,66.24020295688156,1.1000022557844598
CS2_36,728,2,CS2_36_1_10_11.xlsx,2011-01-03 10:38:25,0.7423692010788681,64.84624680812726,1.0999792130982005
CS2_36,729,3,CS2_36_1_10_11.xlsx,2011-01-03 10:38:25,0.704368369894137,61.526858996324364,1.0999306331981311
CS2_36,730,4,CS2_36_1_10_11.xlsx,2011-01-03 10:38:25,0.6916907904197229,60.41946735570569,1.0999407360428257
CS2_36,731,5,CS2_36_1_10_11.xlsx,2011-01-03 10:38:25,0.7166772892551259,62.60204802849869,1.0999779776681828
CS2_36,732,6,CS2_36_1_10_11.xlsx,2011-01-03 10:38:25,0.7195931411806278,62.856748861106325,1.0999503407297255
CS2_36,733,7,CS2_36_1_10_11.xlsx,2011-01-03 10:38:25,0.7196199736307571,62.8590926863634,1.0999733677393273
CS2_36,734,8,CS2_36_1_10_11.xlsx,2011-01-03 10:38:25,0.6812548291925546,59.50788196607271,1.0999511098861694
CS2_36,735,9,CS2_36_1_10_11.xlsx,2011-01-03 10:38:25,0.6658543789271469,58.162646472176164,1.0999203757063982
CS2_36,736,10,CS2_36_1_10_11.xlsx,2011-01-03 10:38:25,0.6578982470673331,57.46767517020175,1.099912898181236
CS2_36,737,11,CS2_36_1_10_11.xlsx,2011-01-03 10:38:25,0.648399870955835,56.63798821564126,1.0998980518844392
CS2_36,738,12,CS2_36_1_10_11.xlsx,2011-01-03 10:38:25,0.5074583603828957,44.32669086273272,1.0998709797859192
CS2_36,739,13,CS2_36_1_10_11.xlsx,2011-01-03 10:38:25,0.6419024437891423,56.07043535238013,1.0998879083445374
CS2_36,740,14,CS2_36_1_10_11.xlsx,2011-01-03 10:38:25,0.6406065079592054,55.95723483900558,1.0998827840240908
CS2_36,741,15,CS2_36_1_10_11.xlsx,2011-01-03 10:38:25,0.6644637140897451,58.04117134208929,1.0999054239220816
CS2_36,742,16,CS2_36_1_10_11.xlsx,2011-01-03 10:38:25,0.6713027254917989,58.63856172501018,1.0999027619490753
CS2_36,743,17,CS2_36_1_10_11.xlsx,2011-01-03 10:38:25,0.6750956411984674,58.96987442990096,1.0999003052711487
CS2_36,744,18,CS2_36_1_10_11.xlsx,2011-01-03 10:38:25,0.6399592733907653,55.90069864043103,1.0998750975434208
CS2_36,745,19,CS2_36_1_10_11.xlsx,2011-01-03 10:38:25,0.6306836428538585,55.0904686009532,1.099893069267273
CS2_36,746,20,CS2_36_1_10_11.xlsx,2011-01-03 10:38:25,0.6292804350256631,54.967897835600844,1.099893069267273
CS2_36,747,21,CS2_36_1_10_11.xlsx,2011-01-03 10:38:25,0.622612633887357,54.38546273773615,1.0998904722324316
CS2_36,748,22,CS2_36_1_10_11.xlsx,2011-01-03 10:38:25,0.6199481908691382,54.15272257379278,1.099914198336394
CS2_36,749,23,CS2_36_1_10_11.xlsx,2011-01-03 10:38:25,0.6120471979972368,53.462567684478955,1.0998958208981682
CS2_36,750,24,CS2_36_1_10_11.xlsx,2011-01-03 10:38:25,0.6242052812204655,54.52458111965577,1.0998746519503386
CS2_36,751,25,CS2_36_1_10_11.xlsx,2011-01-03 10:38:25,0.6416816996363384,56.05115326229158,1.0998981586644347
CS2_36,752,26,CS2_36_1_10_11.xlsx,2011-01-03 10:38:25,0.6467872750691548,56.49712731958378,1.099900719145654
CS2_36,753,27,CS2_36_1_10_11.xlsx,2011-01-03 10:38:25,0.6505518067026017,56.82596066431944,1.099903103378084
CS2_36,754,28,CS2_36_1_10_11.xlsx,2011-01-03 10:38:25,0.6169369578912551,53.88969016808844,1.0998958208981682
CS2_36,755,29,CS2_36_1_10_11.xlsx,2011-01-03 10:38:25,0.6048425564754609,52.83323936427629,1.0998931856297736
CS2_36,756,30,CS2_36_1_10_11.xlsx,2011-01-03 10:38:25,0.6087175886595197,53.171724976329884,1.0999040461298246
CS2_36,757,31,CS2_36_1_10_11.xlsx,2011-01-03 10:38:25,0.6053271475386239,52.87556858757544,1.099887755379748
CS2_36,758,32,CS2_36_1_10_11.xlsx,2011-01-03 10:38:25,0.6036751557965374,52.73126644778213,1.0998959007547862
CS2_36,759,33,CS2_36_1_10_11.xlsx,2011-01-03 10:38:25,0.5964885149882555,52.103510497106996,1.0998904705047607
CS2_36,760,34,CS2_36_1_10_11.xlsx,2011-01-03 10:38:25,0.590943362158523,51.61913917827662,1.0998904705047607
CS2_36,761,35,CS2_36_1_10_11.xlsx,2011-01-03 10:38:25,0.5881878474217039,51.37844386326689,1.0998596851642315
CS2_36,763,37,CS2_36_1_10_11.xlsx,2011-01-03 10:38:25,0.5813145803417754,50.77806123317463,1.099856361746788
CS2_36,764,38,CS2_36_1_10_11.xlsx,2011-01-03 10:38:25,0.578986689657274,50.574719050268676,1.0998506769537926
CS2_36,765,39,CS2_36_1_10_11.xlsx,2011-01-03 10:38:25,0.5739679659952657,50.13633152991437,1.0998847857117653
CS2_36,766,40,CS2_36_1_10_11.xlsx,2011-01-03 10:38:25,0.5750292109330388,50.22903169993583,1.0998705737292767
CS2_36,767,41,CS2_36_1_10_11.xlsx,2011-01-03 10:38:25,0.576677207027501,50.372984818310115,1.099867731332779
CS2_36,768,42,CS2_36_1_10_11.xlsx,2011-01-03 10:38:25,0.5955728317186946,52.0235251970572,1.0998959848375032
CS2_36,769,43,CS2_36_1_10_11.xlsx,2011-01-03 10:38:25,0.5961699853347113,52.07568680439532,1.0999014973640442
CS2_36,770,44,CS2_36_1_10_11.xlsx,2011-01-03 10:38:25,0.5947047375044434,51.947696820033705,1.0999014955578428
CS2_36,771,45,CS2_36_1_10_11.xlsx,2011-01-03 10:38:25,0.5940103479962495,51.887041618600406,1.0998987392945723
CS2_36,772,46,CS2_36_1_10_11.xlsx,2011-01-03 10:38:25,0.5932386271872936,51.819631497097795,1.0998877142414902
CS2_36,773,47,CS2_36_1_10_11.xlsx,2011-01-03 10:38:25,0.5926832531244592,51.77111935045021,1.0998711766618672
CS2_36,774,48,CS2_36_1_10_11.xlsx,2011-01-03 10:38:25,0.5938655394099044,51.874392530631205,1.0998932267680313
CS2_36,775,49,CS2_36_1_10_11.xlsx,2011-01-03 10:38:25,0.5940266221973438,51.88846317657888,1.0999097643476543
CS2_36,776,50,CS2_36_1_10_11.xlsx,2011-01-03 10:38:25,0.59358258656194,51.84967648612464,1.0998739329251377
CS2_36,777,1,CS2_36_1_18_11.xlsx,2011-01-10 11:47:49,0.633120678646873,55.30334465276731,1.0998982667922974
CS2_36,778,2,CS2_36_1_18_11.xlsx,2011-01-10 11:47:49,0.619766444785901,54.13684698068778,1.0999065216849833
CS2_36,779,3,CS2_36_1_18_11.xlsx,2011-01-10 11:47:49,0.607642918576375,53.0778521144875,1.0999339125049648
CS2_36,780,4,CS2_36_1_18_11.xlsx,2011-01-10 11:47:49,0.5979663519752731,52.23260014934884,1.0999097643476543
CS2_36,781,5,CS2_36_1_18_11.xlsx,2011-01-10 11:47:49,0.5903093880853438,51.56376128926994,1.099904465675354
CS2_36,782,6,CS2_36_1_18_11.xlsx,2011-01-10 11:47:49,0.5852559118389498,51.12233811676165,1.0998764771681566
CS2_36,783,7,CS2_36_1_18_11.xlsx,2011-01-10 11:47:49,0.5809823360193023,50.74903955864344,1.0998734161257744
CS2_36,784,8,CS2_36_1_18_11.xlsx,2011-01-10 11:47:49,0.5792136489324093,50.59454403378017,1.0999160520732403
CS2_36,785,9,CS2_36_1_18_11.xlsx,2011-01-10 11:47:49,0.5763297482844205,50.3426341580501,1.0998791009187698
CS2_36,786,10,CS2_36_1_18_11.xlsx,2011-01-10 11:47:49,0.5922603703881517,51.73418037419737,1.0999044638413649
CS2_36,787,11,CS2_36_1_18_11.xlsx,2011-01-10 11:47:49,0.5855806592614847,51.150704934083,1.0999100611760066
CS2_36,788,12,CS2_36_1_18_11.xlsx,2011-01-10 11:47:49,0.5846918732500885,51.0730691202981,1.0999072643426748
CS2_36,789,13,CS2_36_1_18_11.xlsx,2011-01-10 11:47:49,0.5808046635913762,50.733519800960124,1.0998535193502903
CS2_36,790,14,CS2_36_1_18_11.xlsx,2011-01-10 11:47:49,0.5741267634738385,50.15020255321797,1.0998846954769559
CS2_36,791,15,CS2_36_1_18_11.xlsx,2011-01-10 11:47:49,0.5669748859386861,49.52548318836285,1.099852932824029
CS2_36,792,16,CS2_36_1_18_11.xlsx,2011-01-10 11:47:49,0.5635769680793405,49.22867370351266,1.0998464592041508
CS2_36,793,17,CS2_36_1_18_11.xlsx,2011-01-10 11:47:49,0.5608682207925586,48.99206354397986,1.0998816701673693
CS2_36,794,18,CS2_36_1_18_11.xlsx,2011-01-10 11:47:49,0.5595904576203328,48.88045041952901,1.0998669978111022
CS2_36,795,19,CS2_36_1_18_11.xlsx,2011-01-10 11:47:49,0.557077120826099,48.660909444722975,1.0999315477186633
CS2_36,796,20,CS2_36_1_18_11.xlsx,2011-01-10 11:47:49,0.5547893450713239,48.461071316982505,1.0999262586968843
CS2_36,797,21,CS2_36_1_18_11.xlsx,2011-01-10 11:47:49,0.5590231343095677,48.83089450129263,1.0999139431984193
CS2_36,798,22,CS2_36_1_18_11.xlsx,2011-01-10 11:47:49,0.5929741068379961,51.79652553872642,1.0999156603446374
CS2_36,799,23,CS2_36_1_18_11.xlsx,2011-01-10 11:47:49,0.5636430165537991,49.234443064189016,1.0998816682446388
CS2_36,800,24,CS2_36_1_18_11.xlsx,2011-01-10 11:47:49,0.5554428616835718,48.51815625459771,1.0998755595723138
CS2_36,801,25,CS2_36_1_18_11.xlsx,2011-01-10 11:47:49,0.5470740411653328,47.78713643315311,1.099884506131782
CS2_36,802,26,CS2_36_1_18_11.xlsx,2011-01-10 11:47:49,0.541122658605536,47.26728078482973,1.09985408782959
CS2_36,803,27,CS2_36_1_18_11.xlsx,2011-01-10 11:47:49,0.5362652798250807,46.84298680444879,1.0998750541169764
CS2_36,805,29,CS2_36_1_18_11.xlsx,2011-01-10 11:47:49,0.5307213815837315,46.358725074415794,1.0998565544516354
CS2_36,806,30,CS2_36_1_18_11.xlsx,2011-01-10 11:47:49,0.5284218836606982,46.15786301058678,1.0998781394150297
CS2_36,807,31,CS2_36_1_18_11.xlsx,2011-01-10 11:47:49,0.5245410711323366,45.81887248314507,1.0999061526923344
CS2_36,808,32,CS2_36_1_18_11.xlsx,2011-01-10 11:47:49,0.5220322338710552,45.599724544343125,1.099862242567128
CS2_36,809,33,CS2_36_1_18_11.xlsx,2011-01-10 11:47:49,0.5266130955352466,45.9998646439571,1.0998653790046429
CS2_36,810,34,CS2_36_1_18_11.xlsx,2011-01-10 11:47:49,0.5238251381969405,45.75633545472405,1.0998559696920986
CS2_36,811,35,CS2_36_1_18_11.xlsx,2011-01-10 11:47:49,0.526164748691631,45.960701367740235,1.099877924754702
CS2_36,812,36,CS2_36_1_18_11.xlsx,2011-01-10 11:47:49,0.523010514089318,45.68517771291314,1.0998936069422756
CS2_36,813,37,CS2_36_1_18_11.xlsx,2011-01-10 11:47:49,0.5149595591784859,44.98192357948437,1.0998777046538235
CS2_36,814,38,CS2_36_1_18_11.xlsx,2011-01-10 11:47:49,0.5125140004750826,44.76830304803697,1.0998681323570119
CS2_36,815,39,CS2_36_1_18_11.xlsx,2011-01-10 11:47:49,0.5091043862809634,44.47047188366347,1.0998457900264806
CS2_36,827,1,CS2_36_1_24_11.xlsx,2011-01-18 13:17:53,0.502021087152544,43.851742870081345,1.0998449921607971
CS2_37,1,1,CS2_37_8_17_10.xlsx,2010-08-16 13:45:16,1.134949299218925,100.0,1.0998291678467
CS2_37,2,1,CS2_37_8_18_10.xlsx,2010-08-17 14:31:15,1.133956384065581,99.91251458069297,1.0997947607040406
CS2_37,3,1,CS2_37_8_19_10.xlsx,2010-08-18 10:59:40,1.133662005091961,99.88657694860467,1.0997383785247803
CS2_37,4,1,CS2_37_8_30_10.xlsx,2010-08-19 14:22:00,1.13293652936288,99.82265552677725,1.0997499446868897
CS2_37,5,2,CS2_37_8_30_10.xlsx,2010-08-19 14:22:00,1.1290230746319099,99.47784235021832,1.0997175305120406
CS2_37,6,3,CS2_37_8_30_10.xlsx,2010-08-19 14:22:00,1.1278411535230353,99.37370367991049,1.0997058739585261
CS2_37,7,4,CS2_37_8_30_10.xlsx,2010-08-19 14:22:00,1.121699853189885,98.83259577866973,1.0997213231838816
CS2_37,8,5,CS2_37_8_30_10.xlsx,2010-08-19 14:22:00,1.109575441774469,97.76431797773536,1.0997696147590388
CS2_37,9,6,CS2_37_8_30_10.xlsx,2010-08-19 14:22:00,1.1053314041618396,97.39037725496034,1.0997385089514686
CS2_37,10,7,CS2_37_8_30_10.xlsx,2010-08-19 14:22:00,1.1020492922238807,97.10119147897743,1.099750003538841
CS2_37,11,8,CS2_37_8_30_10.xlsx,2010-08-19 14:22:00,1.0978356634941138,96.72993007261621,1.0997350669104207
CS2_37,12,9,CS2_37_8_30_10.xlsx,2010-08-19 14:22:00,1.1040865172274028,97.28069068699703,1.0997088834887645
CS2_37,13,10,CS2_37_8_30_10.xlsx,2010-08-19 14:22:00,1.1061232247771926,97.4601443023428,1.099726655444161
CS2_37,14,11,CS2_37_8_30_10.xlsx,2010-08-19 14:22:00,1.1062947172757678,97.47525444855754,1.0996985132576989
CS2_37,15,12,CS2_37_8_30_10.xlsx,2010-08-19 14:22:00,1.1059068733420077,97.44108165035175,1.0996777786583196
CS2_37,16,13,CS2_37_8_30_10.xlsx,2010-08-19 14:22:00,1.1054631775055128,97.40198775983168,1.099665931013764
CS2_37,17,14,CS2_37_8_30_10.xlsx,2010-08-19 14:22:00,0.9991517426743144,88.03492308968632,1.0996421792290427
CS2_37,18,15,CS2_37_8_30_10.xlsx,2010-08-19 14:22:00,1.1045837181121811,97.32449888927712,1.0996466777363763
CS2_37,19,16,CS2_37_8_30_10.xlsx,2010-08-19 14:22:00,1.104106693624228,97.28246842251696,1.0996496384261085
CS2_37,20,17,CS2_37_8_30_10.xlsx,2010-08-19 14:22:00,1.1032817091291385,97.2097793168752,1.0996540833692081
CS2_37,21,18,CS2_37_8_30_10.xlsx,2010-08-19 14:22:00,1.1025501897738827,97.1453253931837,1.0996466757821255
CS2_37,22,19,CS2_37_8_30_10.xlsx,2010-08-19 14:22:00,1.101885957414293,97.08680010398824,1.0996570469903164
CS2_37,23,20,CS2_37_8_30_10.xlsx,2010-08-19 14:22:00,1.1012249440513173,97.02855843949885,1.0996604015019313
CS2_37,24,21,CS2_37_8_30_10.xlsx,2010-08-19 14:22:00,1.1007462939135095,96.98638473727821,1.0996514361751966
CS2_37,25,22,CS2_37_8_30_10.xlsx,2010-08-19 14:22:00,1.100285949391541,96.94582393669572,1.0996230653494843
CS2_37,26,23,CS2_37_8_30_10.xlsx,2010-08-19 14:22:00,1.0994444272955022,96.87167770861154,1.0996529277691172
CS2_37,27,24,CS2_37_8_30_10.xlsx,2010-08-19 14:22:00,1.0987431868201192,96.80989164681428,1.099621572770363
CS2_37,28,25,CS2_37_8_30_10.xlsx,2010-08-19 14:22:00,1.0924512603514351,96.2555121275693,1.0996848901112874
CS2_37,29,26,CS2_37_8_30_10.xlsx,2010-08-19 14:22:00,1.0809658261317097,95.24353439185637,1.0997067569684582
CS2_37,30,27,CS2_37_8_30_10.xlsx,2010-08-19 14:22:00,1.0776592362429405,94.95219187188259,1.0997113119654294
CS2_37,31,28,CS2_37_8_30_10.xlsx,2010-08-19 14:22:00,1.0749237079767546,94.71116539888786,1.099710618035268
CS2_37,32,29,CS2_37_8_30_10.xlsx,2010-08-19 14:22:00,1.0720262586503821,94.45587211588689,1.0997121475510678
CS2_37,33,30,CS2_37_8_30_10.xlsx,2010-08-19 14:22:00,1.0809319423365054,95.24054890208801,1.0996748659791065
CS2_37,34,31,CS2_37_8_30_10.xlsx,2010-08-19 14:22:00,1.0843676095118013,95.5432643782472,1.0996442327896754
CS2_37,35,32,CS2_37_8_30_10.xlsx,2010-08-19 14:22:00,1.081233663111604,95.2671334178286,1.0996687903123743
CS2_37,36,33,CS2_37_8_30_10.xlsx,2010-08-19 14:22:00,1.0700952902989442,94.28573514564805,1.0996953036825536
CS2_37,37,34,CS2_37_8_30_10.xlsx,2010-08-19 14:22:00,1.0667812615076784,93.99373718648401,1.0997244028721826
CS2_37,38,35,CS2_37_8_30_10.xlsx,2010-08-19 14:22:00,1.065681061493784,93.89679893429499,1.0996990957830706
CS2_37,39,36,CS2_37_8_30_10.xlsx,2010-08-19 14:22:00,1.0631561019648785,93.67432560172911,1.0997238108235547
CS2_37,40,37,CS2_37_8_30_10.xlsx,2010-08-19 14:22:00,1.0727458243421495,94.5192728063197,1.0996953036825536
CS2_37,41,38,CS2_37_8_30_10.xlsx,2010-08-19 14:22:00,1.0759934936040239,94.80542384972838,1.099667271646131
CS2_37,42,39,CS2_37_8_30_10.xlsx,2010-08-19 14:22:00,1.076708918700966,94.86845971374755,1.0996657569869226
CS2_37,43,40,CS2_37_8_30_10.xlsx,2010-08-19 14:22:00,1.0618709551987564,93.56109175357338,1.099714549178751
CS2_37,44,41,CS2_37_8_30_10.xlsx,2010-08-19 14:22:00,1.0608935988076453,93.47497721155959,1.0997315329364223
CS2_37,45,42,CS2_37_8_30_10.xlsx,2010-08-19 14:22:00,1.0595107830894008,93.35313778497056,1.0997222651783218
CS2_37,46,43,CS2_37_8_30_10.xlsx,2010-08-19 14:22:00,1.057954294683256,93.21599611642061,1.0997160907484527
CS2_37,47,44,CS2_37_8_30_10.xlsx,2010-08-19 14:22:00,1.062297700532362,93.5986921410003,1.0997129974202213
CS2_37,48,45,CS2_37_8_30_10.xlsx,2010-08-19 14:22:00,1.0683104030644444,94.12846933335774,1.0996830544229281
CS2_37,49,46,CS2_37_8_30_10.xlsx,2010-08-19 14:22:00,1.0702413522004761,94.29860461053362,1.0996662085339175
CS2_37,50,47,CS2_37_8_30_10.xlsx,2010-08-19 14:22:00,1.0573222238281517,93.1603045665391,1.0997238098046718
CS2_37,51,48,CS2_37_8_30_10.xlsx,2010-08-19 14:22:00,1.0557852135584582,93.02487911002301,1.099709192226673
CS2_37,52,49,CS2_37_8_30_10.xlsx,2010-08-19 14:22:00,1.0543409603559581,92.8976264474156,1.0997528094669868
CS2_37,53,50,CS2_37_8_30_10.xlsx,2010-08-19 14:22:00,1.0528343169657504,92.76487660640996,1.0997169788541465
CS2_37,54,1,CS2_37_9_7_10.xlsx,2010-08-31 13:30:15,1.098249605858049,96.7664023947032,1.099747016410197
CS2_37,55,2,CS2_37_9_7_10.xlsx,2010-08-31 13:30:15,1.094546459616807,96.44011942824908,1.0997574703752502
CS2_37,56,3,CS2_37_9_7_10.xlsx,2010-08-31 13:30:15,1.098750491368898,96.81053524814376,1.0997096773021477
CS2_37,57,4,CS2_37_9_7_10.xlsx,2010-08-31 13:30:15,1.0981782910570046,96.76011887163362,1.0997186386880795
CS2_37,58,5,CS2_37_9_7_10.xlsx,2010-08-31 13:30:15,1.0877470084675203,95.84102208055553,1.0997421125570932
CS2_37,59,6,CS2_37_9_7_10.xlsx,2010-08-31 13:30:15,1.083186635656201,95.43920917010591,1.099744719617507
CS2_37,60,7,CS2_37_9_7_10.xlsx,2010-08-31 13:30:15,1.0814505674160202,95.28624478294117,1.0997356096235644
CS2_37,61,8,CS2_37_9_7_10.xlsx,2010-08-31 13:30:15,0.9665533603200327,85.1626906140404,1.0997443355132486
CS2_37,62,9,CS2_37_9_7_10.xlsx,2010-08-31 13:30:15,1.0704198730281895,94.31433402045847,1.0997688103530368
CS2_37,63,10,CS2_37_9_7_10.xlsx,2010-08-31 13:30:15,1.0746459584833676,94.68669298469472,1.0997397121736558
CS2_37,64,11,CS2_37_9_7_10.xlsx,2010-08-31 13:30:15,1.0720457153670537,94.45758644063118,1.09973512160576
CS2_37,65,12,CS2_37_9_7_10.xlsx,2010-08-31 13:30:15,1.0634247948214899,93.69800003871023,1.0997855907831438
CS2_37,66,13,CS2_37_9_7_10.xlsx,2010-08-31 13:30:15,1.0619852268455787,93.57116018983753,1.0997624224067752
CS2_37,67,14,CS2_37_9_7_10.xlsx,2010-08-31 13:30:15,1.0599697325819513,93.39357566998149,1.0997624254634237
CS2_37,68,15,CS2_37_9_7_10.xlsx,2010-08-31 13:30:15,1.0580762346187598,93.2267402030144,1.0996842682361603
CS2_37,69,16,CS2_37_9_7_10.xlsx,2010-08-31 13:30:15,1.0536535457598646,92.83705857917985,1.0996998425187736
CS2_37,70,17,CS2_37_9_7_10.xlsx,2010-08-31 13:30:15,1.0568157641953597,93.11568057909399,1.0996780395507812
CS2_37,71,18,CS2_37_9_7_10.xlsx,2010-08-31 13:30:15,1.0562074218132054,93.06207973696182,1.099665578069358
CS2_37,72,19,CS2_37_9_7_10.xlsx,2010-08-31 13:30:15,1.0498848703738481,92.50500186187891,1.0996936169163933
CS2_37,73,20,CS2_37_9_7_10.xlsx,2010-08-31 13:30:15,1.048129584157472,92.35034418531272,1.0996911795242974
CS2_37,74,21,CS2_37_9_7_10.xlsx,2010-08-31 13:30:15,1.0477858183078403,92.32005509223445,1.0997053146362306
CS2_37,75,22,CS2_37_9_7_10.xlsx,2010-08-31 13:30:15,1.0467090709429492,92.22518324503986,1.099689601815265
CS2_37,76,23,CS2_37_9_7_10.xlsx,2010-08-31 13:30:15,1.0423366983053803,91.83993496649755,1.0997131751931233
CS2_37,77,24,CS2_37_9_7_10.xlsx,2010-08-31 13:30:15,1.0480238938065476,92.34103184413615,1.0996644631676051
CS2_37,78,25,CS2_37_9_7_10.xlsx,2010-08-31 13:30:15,1.04769672928456,92.31220548843791,1.0996613232985786
CS2_37,79,26,CS2_37_9_7_10.xlsx,2010-08-31 13:30:15,1.0467606203195814,92.22972524323023,1.0996738889942999
CS2_37,80,27,CS2_37_9_7_10.xlsx,2010-08-31 13:30:15,1.0456045937266936,92.12786812999325,1.0996707501618759
CS2_37,81,28,CS2_37_9_7_10.xlsx,2010-08-31 13:30:15,1.0446175811427274,92.04090278408347,1.0996911774510922
CS2_37,82,29,CS2_37_9_7_10.xlsx,2010-08-31 13:30:15,0.9302185751020993,81.9612449421554,1.0996740095823714
CS2_37,83,30,CS2_37_9_7_10.xlsx,2010-08-31 13:30:15,1.044114034898751,91.99653549434437,1.099647185076838
CS2_37,84,31,CS2_37_9_7_10.xlsx,2010-08-31 13:30:15,1.0424178015704442,91.84708094783079,1.0996786024259484
CS2_37,85,32,CS2_37_9_7_10.xlsx,2010-08-31 13:30:15,1.041258892696682,91.74496987779797,1.0996628978978034
CS2_37,86,33,CS2_37_9_7_10.xlsx,2010-08-31 13:30:15,1.0404145957713595,91.6705791604414,1.0996801759885706
CS2_37,87,34,CS2_37_9_7_10.xlsx,2010-08-31 13:30:15,1.0394181913682843,91.58278630451726,1.0996864629828411
CS2_37,88,35,CS2_37_9_7_10.xlsx,2010-08-31 13:30:15,1.0385409108544081,91.50548941429672,1.0996839393649185
CS2_37,89,36,CS2_37_9_7_10.xlsx,2010-08-31 13:30:15,1.0377888304666172,91.43922386496261,1.0996712582153187
CS2_37,90,37,CS2_37_9_7_10.xlsx,2010-08-31 13:30:15,1.037676070699355,91.42928863989664,1.099664919209062
CS2_37,91,38,CS2_37_9_7_10.xlsx,2010-08-31 13:30:15,0.9222062133958033,81.25527845432991,1.0996639868792366
CS2_37,92,39,CS2_37_9_7_10.xlsx,2010-08-31 13:30:15,1.0356102392784408,91.24726893008793,1.0996776014043574
CS2_37,93,40,CS2_37_9_7_10.xlsx,2010-08-31 13:30:15,1.0350248109623692,91.1956870385907,1.099664921300453
CS2_37,94,41,CS2_37_9_7_10.xlsx,2010-08-31 13:30:15,0.9149517331433046,80.61608864580795,1.099696701115901
CS2_37,95,42,CS2_37_9_7_10.xlsx,2010-08-31 13:30:15,1.0221474856247212,90.06107024588374,1.0997207047683852
CS2_37,96,43,CS2_37_9_7_10.xlsx,2010-08-31 13:30:15,1.0206254491879747,89.92696412873877,1.099719096507345
CS2_37,97,44,CS2_37_9_7_10.xlsx,2010-08-31 13:30:15,1.0192431249658327,89.80516800770559,1.0997287748115403
CS2_37,99,1,CS2_37_9_14_10.xlsx,2010-09-07 10:44:17,1.036168359941782,91.29644475351239,1.099701374246363
CS2_37,100,2,CS2_37_9_14_10.xlsx,2010-09-07 10:44:17,1.0351905432155653,91.2102896515277,1.0996918625998915
CS2_37,101,3,CS2_37_9_14_10.xlsx,2010-09-07 10:44:17,1.033837783064397,91.09109841081772,1.0997013732006675
CS2_37,102,4,CS2_37_9_14_10.xlsx,2010-09-07 10:44:17,1.0399444796640487,91.6291573887698,1.0996786065723585
CS2_37,103,5,CS2_37_9_14_10.xlsx,2010-09-07 10:44:17,1.0412342151713299,91.74279554936153,1.0996691807456638
CS2_37,104,6,CS2_37_9_14_10.xlsx,2010-09-07 10:44:17,1.0362913303356125,91.30727963344185,1.0996680897578859
CS2_37,105,7,CS2_37_9_14_10.xlsx,2010-09-07 10:44:17,1.029922232417393,90.74610056380386,1.0996733798389942
CS2_37,106,8,CS2_37_9_14_10.xlsx,2010-09-07 10:44:17,1.0299187304185402,90.74579200386597,1.0996781735293633
CS2_37,107,9,CS2_37_9_14_10.xlsx,2010-09-07 10:44:17,1.0293743170613396,90.69782392656286,1.0996781745843127
CS2_37,108,10,CS2_37_9_14_10.xlsx,2010-09-07 10:44:17,1.027029914288713,90.49125938890113,1.099690966901526
CS2_37,109,11,CS2_37_9_14_10.xlsx,2010-09-07 10:44:17,1.032367120869063,90.96151886075799,1.0996569938826979
CS2_37,110,12,CS2_37_9_14_10.xlsx,2010-09-07 10:44:17,1.0353146956769272,91.2212286830287,1.099653825425265
CS2_37,111,13,CS2_37_9_14_10.xlsx,2010-09-07 10:44:17,1.0357508605884203,91.25965902628661,1.0996617507516293
CS2_37,112,14,CS2_37_9_14_10.xlsx,2010-09-07 10:44:17,1.0228159801380965,90.11997107201186,1.0997069567705677
CS2_37,113,15,CS2_37_9_14_10.xlsx,2010-09-07 10:44:17,0.9058213048061887,79.81160968420151,1.0996848905086518
CS2_37,114,16,CS2_37_9_14_10.xlsx,2010-09-07 10:44:17,1.02123807379866,89.98094227658264,1.0996765678962774
CS2_37,115,17,CS2_37_9_14_10.xlsx,2010-09-07 10:44:17,1.0198020573785627,89.85441535409494,1.0996690818241663
CS2_37,116,18,CS2_37_9_14_10.xlsx,2010-09-07 10:44:17,1.0161322878831385,89.53107320145872,1.0997061867799078
CS2_37,117,19,CS2_37_9_14_10.xlsx,2010-09-07 10:44:17,1.0281862841641782,90.59314674865024,1.099655785391816
CS2_37,118,20,CS2_37_9_14_10.xlsx,2010-09-07 10:44:17,1.0294210379118205,90.70194048494244,1.099647485373313
CS2_37,119,21,CS2_37_9_14_10.xlsx,2010-09-07 10:44:17,1.0205571426336881,89.92094566127652,1.099683596619538
CS2_37,120,22,CS2_37_9_14_10.xlsx,2010-09-07 10:44:17,1.0158882626977501,89.50957222467004,1.099693282374314
CS2_37,121,23,CS2_37_9_14_10.xlsx,2010-09-07 10:44:17,1.0152986053836948,89.45761771758667,1.099704577454499
CS2_37,122,24,CS2_37_9_14_10.xlsx,2010-09-07 10:44:17,1.0161647153189577,89.53393037189281,1.0996739236371857
CS2_37,123,25,CS2_37_9_14_10.xlsx,2010-09-07 10:44:17,1.0092581005659014,88.92539087521138,1.0997054029155422
CS2_37,124,26,CS2_37_9_14_10.xlsx,2010-09-07 10:44:17,1.0214682149987908,90.00121994011255,1.099660583301983
CS2_37,125,27,CS2_37_9_14_10.xlsx,2010-09-07 10:44:17,1.0238520802190578,90.21126150072743,1.0996605885767303
CS2_37,126,28,CS2_37_9_14_10.xlsx,2010-09-07 10:44:17,1.024627401823107,90.27957482578809,1.0996589808337456
CS2_37,127,29,CS2_37_9_14_10.xlsx,2010-09-07 10:44:17,0.9154060260993475,80.65611624495757,1.0996466107887797
CS2_37,128,30,CS2_37_9_14_10.xlsx,2010-09-07 10:44:17,1.0273690930019654,90.52114431094002,1.099638202549082
CS2_37,129,31,CS2_37_9_14_10.xlsx,2010-09-07 10:44:17,1.0284434123604633,90.61580222731013,1.099657388915003
CS2_37,130,32,CS2_37_9_14_10.xlsx,2010-09-07 10:44:17,1.0289514527554182,90.66056549517633,1.0996506527850503
CS2_37,131,33,CS2_37_9_14_10.xlsx,2010-09-07 10:44:17,1.0295578891650976,90.71399840271648,1.0996443148244892
CS2_37,132,34,CS2_37_9_14_10.xlsx,2010-09-07 10:44:17,1.030423805529324,90.7902940015439,1.0996522380594622
CS2_37,133,35,CS2_37_9_14_10.xlsx,2010-09-07 10:44:17,1.0303339397166624,90.78237595509692,1.0996506559221368
CS2_37,134,36,CS2_37_9_14_10.xlsx,2010-09-07 10:44:17,1.0307306117649162,90.81732659549353,1.0996538212424831
CS2_37,135,37,CS2_37_9_14_10.xlsx,2010-09-07 10:44:17,1.0309897448817793,90.8401587270294,1.099642734778555
CS2_37,136,38,CS2_37_9_14_10.xlsx,2010-09-07 10:44:17,1.0313373147585523,90.87078299165621,1.099645895916119
CS2_37,137,39,CS2_37_9_14_10.xlsx,2010-09-07 10:44:17,1.0315868542587836,90.89276983286605,1.0996633318432592
CS2_37,138,40,CS2_37_9_14_10.xlsx,2010-09-07 10:44:17,1.031712916729603,90.90387715465621,1.0996427305957728
CS2_37,139,41,CS2_37_9_14_10.xlsx,2010-09-07 10:44:17,1.0317649320884215,90.90846021037986,1.09962846208037
CS2_37,140,42,CS2_37_9_14_10.xlsx,2010-09-07 10:44:17,1.0319665867434793,90.92622793403031,1.0996490696020293
CS2_37,141,43,CS2_37_9_14_10.xlsx,2010-09-07 10:44:17,1.0249967416181534,90.31211723057223,1.0996749791423832
CS2_37,142,44,CS2_37_9_14_10.xlsx,2010-09-07 10:44:17,1.0128242898030422,89.23960660622201,1.0997207068971224
CS2_37,143,45,CS2_37_9_14_10.xlsx,2010-09-07 10:44:17,1.013623965183811,89.31006573433629,1.099694891699723
CS2_37,144,46,CS2_37_9_14_10.xlsx,2010-09-07 10:44:17,1.0118915656903766,89.15742459921012,1.0996874968210857
CS2_37,145,47,CS2_37_9_14_10.xlsx,2010-09-07 10:44:17,1.0108907467005253,89.06924277553394,1.099677724881215
CS2_37,146,48,CS2_37_9_14_10.xlsx,2010-09-07 10:44:17,1.0174532146969781,89.64745961755226,1.0996642378824097
CS2_37,147,49,CS2_37_9_14_10.xlsx,2010-09-07 10:44:17,1.024037223511165,90.22757441375664,1.0996445913230424
CS2_37,148,50,CS2_37_9_14_10.xlsx,2010-09-07 10:44:17,1.025201187102283,90.330130853231,1.0996381993842337
CS2_37,149,1,CS2_37_9_21_10.xlsx,2010-09-14 13:57:43,1.022707145127772,90.11038165595606,1.0996941686731525
CS2_37,150,2,CS2_37_9_21_10.xlsx,2010-09-14 13:57:43,1.025399584421276,90.34761157409928,1.0997069546606688
CS2_37,151,3,CS2_37_9_21_10.xlsx,2010-09-14 13:57:43,1.03231005694325,90.95649097749903,1.0996490685563338
CS2_37,152,4,CS2_37_9_21_10.xlsx,2010-09-14 13:57:43,1.0331900998804184,91.03403126390425,1.0996237104399162
CS2_37,153,5,CS2_37_9_21_10.xlsx,2010-09-14 13:57:43,1.018816610641137,89.7675879743958,1.0996803737112455
CS2_37,154,6,CS2_37_9_21_10.xlsx,2010-09-14 13:57:43,1.017383427709837,89.64131070965045,1.099683596619538
CS2_37,155,7,CS2_37_9_21_10.xlsx,2010-09-14 13:57:43,1.0209886503795724,89.95896566324323,1.0996884373681886
CS2_37,156,8,CS2_37_9_21_10.xlsx,2010-09-14 13:57:43,1.0186825249749987,89.75577373157185,1.0997029574854034
CS2_37,157,9,CS2_37_9_21_10.xlsx,2010-09-14 13:57:43,1.015685736093202,89.49172767384405,1.0997077992984228
CS2_37,158,10,CS2_37_9_21_10.xlsx,2010-09-14 13:57:43,1.0267223460868653,90.46415965836168,1.099657382585306
CS2_37,159,11,CS2_37_9_21_10.xlsx,2010-09-14 13:57:43,1.0287328273567304,90.64130248502792,1.0996701759574687
CS2_37,160,12,CS2_37_9_21_10.xlsx,2010-09-14 13:57:43,1.0194497295282012,89.82337186601984,1.099704571068287
CS2_37,161,13,CS2_37_9_21_10.xlsx,2010-09-14 13:57:43,1.0150618967630312,89.43676140084843,1.099704571068287
CS2_37,162,14,CS2_37_9_21_10.xlsx,2010-09-14 13:57:43,1.0160275023830678,89.52184058638572,1.099690048822335
CS2_37,163,15,CS2_37_9_21_10.xlsx,2010-09-14 13:57:43,1.0161009931813414,89.52831583583732,1.099691666662693
CS2_37,164,16,CS2_37_9_21_10.xlsx,2010-09-14 13:57:43,1.0119592686411636,89.16338988337158,1.0996809843424205
CS2_37,165,17,CS2_37_9_21_10.xlsx,2010-09-14 13:57:43,1.019533470532977,89.83075025770954,1.0997416845389776
CS2_37,166,18,CS2_37_9_21_10.xlsx,2010-09-14 13:57:43,1.0238367674187359,90.2099122950552,1.099726148411236
CS2_37,167,19,CS2_37_9_21_10.xlsx,2010-09-14 13:57:43,1.0253176500248244,90.34039236205976,1.0997245501627964
CS2_37,168,20,CS2_37_9_21_10.xlsx,2010-09-14 13:57:43,1.0101542335089313,89.0043488466068,1.099772149378115
CS2_37,169,21,CS2_37_9_21_10.xlsx,2010-09-14 13:57:43,1.0108671537993175,89.06716401296507,1.0997640098537411
CS2_37,170,22,CS2_37_9_21_10.xlsx,2010-09-14 13:57:43,1.011382528230964,89.11257348033081,1.0996858644055891
CS2_37,171,23,CS2_37_9_21_10.xlsx,2010-09-14 13:57:43,1.011069713565977,89.08501148569347,1.0997054039894998
CS2_37,172,24,CS2_37_9_21_10.xlsx,2010-09-14 13:57:43,1.0097267833291212,88.9666863554185,1.0997005153346706
CS2_37,173,25,CS2_37_9_21_10.xlsx,2010-09-14 13:57:43,1.0202001869931578,89.88949442017034,1.0996445934329413
CS2_37,174,26,CS2_37_9_21_10.xlsx,2010-09-14 13:57:43,1.0220013361842426,90.0481930679711,1.0996302007573895
CS2_37,175,27,CS2_37_9_21_10.xlsx,2010-09-14 13:57:43,1.0235733347156746,90.18670132842942,1.0996637829637106
CS2_37,176,28,CS2_37_9_21_10.xlsx,2010-09-14 13:57:43,1.0238802968097573,90.21374765501811,1.0996445923779918
CS2_37,177,29,CS2_37_9_21_10.xlsx,2010-09-14 13:57:43,1.0242310476541157,90.24465219362611,1.0996397944678247
CS2_37,178,30,CS2_37_9_21_10.xlsx,2010-09-14 13:57:43,1.025548362909074,90.36072039648458,1.0996206112667524
CS2_37,179,31,CS2_37_9_21_10.xlsx,2010-09-14 13:57:43,1.02621288521728,90.41927123295484,1.099614216163095
CS2_37,180,32,CS2_37_9_21_10.xlsx,2010-09-14 13:57:43,1.026510022657586,90.44545191261257,1.0996110228310645
CS2_37,181,33,CS2_37_9_21_10.xlsx,2010-09-14 13:57:43,1.0268194908650656,90.47271905200748,1.0996158133565852
CS2_37,182,34,CS2_37_9_21_10.xlsx,2010-09-14 13:57:43,1.0271969483767478,90.50597670606673,1.0996174147698732
CS2_37,183,35,CS2_37_9_21_10.xlsx,2010-09-14 13:57:43,1.0272890750020451,90.51409395195257,1.0996445955428402
CS2_37,184,36,CS2_37_9_21_10.xlsx,2010-09-14 13:57:43,1.0276110244142345,90.54246080608526,1.099630201812339
CS2_37,185,37,CS2_37_9_21_10.xlsx,2010-09-14 13:57:43,1.028106112323762,90.5860828348286,1.0996206070469543
CS2_37,186,38,CS2_37_9_21_10.xlsx,2010-09-14 13:57:43,1.028569272640567,90.62689173414452,1.0996589903282907
CS2_37,187,39,CS2_37_9_21_10.xlsx,2010-09-14 13:57:43,1.028782539650976,90.64568261850876,1.099641399045961
CS2_37,188,40,CS2_37_9_21_10.xlsx,2010-09-14 13:57:43,1.0303717285090244,90.78570551284791,1.0996395569098623
CS2_37,189,41,CS2_37_9_21_10.xlsx,2010-09-14 13:57:43,1.0306178233415793,90.80738884555046,1.0996363884524296
CS2_37,190,42,CS2_37_9_21_10.xlsx,2010-09-14 13:57:43,0.9041912419273928,79.66798539367878,1.0997011506557464
CS2_37,191,43,CS2_37_9_21_10.xlsx,2010-09-14 13:57:43,1.0152916257355145,89.45700274313934,1.09970780142716
CS2_37,192,44,CS2_37_9_21_10.xlsx,2010-09-14 13:57:43,1.0147407572728042,89.40846590866671,1.099680371582508
CS2_37,193,45,CS2_37_9_21_10.xlsx,2010-09-14 13:57:43,1.0141669487763494,89.3579078355572,1.0997013481599944
CS2_37,194,46,CS2_37_9_21_10.xlsx,2010-09-14 13:57:43,1.0110577125706115,89.08395408203909,1.0997265641753737
CS2_37,195,47,CS2_37_9_21_10.xlsx,2010-09-14 13:57:43,1.020240921449144,89.89308351934983,1.099680371582508
CS2_37,196,48,CS2_37_9_21_10.xlsx,2010-09-14 13:57:43,1.023224612459778,90.15597552806665,1.0996381983292842
CS2_37,197,49,CS2_37_9_21_10.xlsx,2010-09-14 13:57:43,1.0203737618649598,89.90478804358781,1.0996561742254667
CS2_37,198,50,CS2_37_9_21_10.xlsx,2010-09-14 13:57:43,1.0100520540791322,88.99534585150656,1.0997119143202498
CS2_37,199,1,CS2_37_9_28_10.xlsx,2010-09-21 15:48:03,1.017868856221051,89.68408165206596,1.0997449095760072
CS2_37,200,2,CS2_37_9_28_10.xlsx,2010-09-21 15:48:03,1.025704316350557,90.37446140161939,1.099658983998594
CS2_37,201,3,CS2_37_9_28_10.xlsx,2010-09-21 15:48:03,1.027661927760922,90.54694588279509,1.0996621836603215
CS2_37,202,4,CS2_37_9_28_10.xlsx,2010-09-21 15:48:03,1.0213583863923907,89.99154297864163,1.0996739193797112
CS2_37,203,5,CS2_37_9_28_10.xlsx,2010-09-21 15:48:03,1.0153726378873236,89.46414069651442,1.0996836008770126
CS2_37,204,6,CS2_37_9_28_10.xlsx,2010-09-21 15:48:03,1.0170446447620378,89.6114606583722,1.0997013470956258
CS2_37,205,7,CS2_37_9_28_10.xlsx,2010-09-21 15:48:03,1.0174725873639963,89.64916653670993,1.0996755340269633
CS2_37,206,8,CS2_37_9_28_10.xlsx,2010-09-21 15:48:03,0.8955275610668725,78.90463139482767,1.0996984002566097
CS2_37,207,9,CS2_37_9_28_10.xlsx,2010-09-21 15:48:03,1.016906149354769,89.59925787474441,1.0996868248496736
CS2_37,208,10,CS2_37_9_28_10.xlsx,2010-09-21 15:48:03,1.0228064246665287,90.11912914263455,1.0996605864668314
CS2_37,209,11,CS2_37_9_28_10.xlsx,2010-09-21 15:48:03,1.0245628874965877,90.27389049023552,1.0996461990660271
CS2_37,210,12,CS2_37_9_28_10.xlsx,2010-09-21 15:48:03,1.015025010462594,89.43351136135657,1.0996981178011214
CS2_37,211,13,CS2_37_9_28_10.xlsx,2010-09-21 15:48:03,1.014020694369517,89.34502140909454,1.0996723068611962
CS2_37,212,14,CS2_37_9_28_10.xlsx,2010-09-21 15:48:03,1.0146113906731546,89.39706746119963,1.0996577878083502
CS2_37,213,15,CS2_37_9_28_10.xlsx,2010-09-21 15:48:03,1.0133339600397218,89.28451347889292,1.0996739193797112
CS2_37,214,16,CS2_37_9_28_10.xlsx,2010-09-21 15:48:03,1.0128270225486027,89.23984738751174,1.099681987294129
CS2_37,215,17,CS2_37_9_28_10.xlsx,2010-09-21 15:48:03,1.0215023396789746,90.00422665417524,1.0996286035638996
CS2_37,216,18,CS2_37_9_28_10.xlsx,2010-09-21 15:48:03,1.0240619139018818,90.22974987575603,1.0996142172180445
CS2_37,217,19,CS2_37_9_28_10.xlsx,2010-09-21 15:48:03,1.0188535649189028,89.77084400334715,1.0996206817882401
CS2_37,218,20,CS2_37_9_28_10.xlsx,2010-09-21 15:48:03,1.0122335737584045,89.18755881474408,1.0996744718637552
CS2_37,219,21,CS2_37_9_28_10.xlsx,2010-09-21 15:48:03,1.0153536769726195,89.4624700567143,1.0996416583657265
CS2_37,220,22,CS2_37_9_28_10.xlsx,2010-09-21 15:48:03,1.0207923108432233,89.94166625290974,1.099638202549082
CS2_37,221,23,CS2_37_9_28_10.xlsx,2010-09-21 15:48:03,1.0242420089945519,90.24561799363529,1.0996094182529281
CS2_37,222,24,CS2_37_9_28_10.xlsx,2010-09-21 15:48:03,1.0247404588387674,90.2895362413102,1.099609422472726
CS2_37,223,25,CS2_37_9_28_10.xlsx,2010-09-21 15:48:03,1.0248387235623646,90.29819431296721,1.0996110175563172
CS2_37,224,26,CS2_37_9_28_10.xlsx,2010-09-21 15:48:03,1.0252530521592043,90.33470066590516,1.0996078178945896
CS2_37,225,27,CS2_37_9_28_10.xlsx,2010-09-21 15:48:03,1.0255413553631882,90.36010296397984,1.0996142140531961
CS2_37,226,28,CS2_37_9_28_10.xlsx,2010-09-21 15:48:03,1.0256597350723275,90.37053336022933,1.0996094182529281
CS2_37,227,29,CS2_37_9_28_10.xlsx,2010-09-21 15:48:03,1.0261270452436229,90.41170790182488,1.0996110175563172
CS2_37,228,30,CS2_37_9_28_10.xlsx,2010-09-21 15:48:03,1.0271507278426846,90.50190423039798,1.0996126136948576
CS2_37,229,31,CS2_37_9_28_10.xlsx,2010-09-21 15:48:03,1.026905246743734,90.48027497355633,1.0995902371617545
CS2_37,230,32,CS2_37_9_28_10.xlsx,2010-09-21 15:48:03,1.0267943516588467,90.47050404502556,1.0996094140331303
CS2_37,231,33,CS2_37_9_28_10.xlsx,2010-09-21 15:48:03,1.026949156954764,90.48414388744176,1.0995950276872752
CS2_37,232,34,CS2_37_9_28_10.xlsx,2010-09-21 15:48:03,1.027020314224039,90.49041353044026,1.0995870417198248
CS2_37,233,35,CS2_37_9_28_10.xlsx,2010-09-21 15:48:03,1.0271868896195784,90.50509043236478,1.0995918333002952
CS2_37,234,36,CS2_37_9_28_10.xlsx,2010-09-21 15:48:03,1.0273496793629704,90.51943378175528,1.0995982252391039
CS2_37,235,37,CS2_37_9_28_10.xlsx,2010-09-21 15:48:03,1.0278317543952014,90.56190925026853,1.0995982262940533
CS2_37,236,38,CS2_37_9_28_10.xlsx,2010-09-21 15:48:03,1.0273716445854575,90.521369130101,1.0996014270107304
CS2_37,237,39,CS2_37_9_28_10.xlsx,2010-09-21 15:48:03,1.027285809625191,90.51380624069918,1.0996589850535434
CS2_37,238,40,CS2_37_9_28_10.xlsx,2010-09-21 15:48:03,1.027248601636174,90.51052785733505,1.0996781714194643
CS2_37,239,41,CS2_37_9_28_10.xlsx,2010-09-21 15:48:03,1.0272550901921562,90.51109956181442,1.0996829724944799
CS2_37,240,42,CS2_37_9_28_10.xlsx,2010-09-21 15:48:03,1.0148468242815483,89.41781143703675,1.0997336134314537
CS2_37,241,43,CS2_37_9_28_10.xlsx,2010-09-21 15:48:03,1.01696530240104,89.60446982970237,1.0997303862656866
CS2_37,242,44,CS2_37_9_28_10.xlsx,2010-09-21 15:48:03,1.0154456291614409,89.47057193306108,1.0997594307575906
CS2_37,243,45,CS2_37_9_28_10.xlsx,2010-09-21 15:48:03,1.0121648943939192,89.18150749910095,1.0996630761000488
CS2_37,244,46,CS2_37_9_28_10.xlsx,2010-09-21 15:48:03,1.0105643498972796,89.04048406327513,1.0996679615330052
CS2_37,245,47,CS2_37_9_28_10.xlsx,2010-09-21 15:48:03,1.0201622479175256,89.88615162101108,1.0996432666267668
CS2_37,246,48,CS2_37_9_28_10.xlsx,2010-09-21 15:48:03,1.0217362892881496,90.02483987534168,1.099639799742572
CS2_37,247,49,CS2_37_9_28_10.xlsx,2010-09-21 15:48:03,1.0128081527340882,89.23818477451859,1.0996868248496736
CS2_37,248,50,CS2_37_9_28_10.xlsx,2010-09-21 15:48:03,1.0096518617492904,88.96008504028642,1.099733076654039
CS2_37,249,1,CS2_37_10_04_10.xlsx,2010-09-28 09:39:06,1.012298519135953,89.19328113005747,1.0998242492074366
CS2_37,250,2,CS2_37_10_04_10.xlsx,2010-09-28 09:39:06,1.0113314925139851,89.10807674051925,1.0998226200138126
CS2_37,251,3,CS2_37_10_04_10.xlsx,2010-09-28 09:39:06,1.005757342924908,88.61694030007092,1.0998047106974833
CS2_37,252,4,CS2_37_10_04_10.xlsx,2010-09-28 09:39:06,1.015450104507297,89.47096625427518,1.099772340485028
CS2_37,253,5,CS2_37_10_04_10.xlsx,2010-09-28 09:39:06,1.0173875180649787,89.64167110946255,1.0997449085116386
CS2_37,254,6,CS2_37_10_04_10.xlsx,2010-09-28 09:39:06,1.0107453261959645,89.05642982391917,1.0997819180961128
CS2_37,255,7,CS2_37_10_04_10.xlsx,2010-09-28 09:39:06,1.0045791782984006,88.51313261215762,1.0998356460451006
CS2_37,256,8,CS2_37_10_04_10.xlsx,2010-09-28 09:39:06,1.0065200932364728,88.68414597279038,1.0998209940420616
CS2_37,257,9,CS2_37_10_04_10.xlsx,2010-09-28 09:39:06,1.0036041350275635,88.42722187839108,1.0998179587450894
CS2_37,258,10,CS2_37_10_04_10.xlsx,2010-09-28 09:39:06,1.0044265801070846,88.4996872369835,1.0998226200138126
CS2_37,259,11,CS2_37_10_04_10.xlsx,2010-09-28 09:39:06,1.0075411892151678,88.77411439511529,1.09977540454349
CS2_37,260,12,CS2_37_10_04_10.xlsx,2010-09-28 09:39:06,1.0116996662942466,89.1405164081339,1.0997623838819899
CS2_37,261,13,CS2_37_10_04_10.xlsx,2010-09-28 09:39:06,1.013221591547305,89.27461272892162,1.0997578161103385
CS2_37,262,14,CS2_37_10_04_10.xlsx,2010-09-28 09:39:06,1.002069200020344,88.29197927255169,1.0997916709293019
CS2_37,263,15,CS2_37_10_04_10.xlsx,2010-09-28 09:39:06,1.0016342929946482,88.25365976118718,1.0998228864236312
CS2_37,264,16,CS2_37_10_04_10.xlsx,2010-09-28 09:39:06,1.0037626766369367,88.44119092612584,1.0998048142953352
CS2_37,265,17,CS2_37_10_04_10.xlsx,2010-09-28 09:39:06,1.001709896389297,88.26032115079293,1.0996602481061761
CS2_37,266,18,CS2_37_10_04_10.xlsx,2010-09-28 09:39:06,1.0012442826995418,88.21929608561375,1.0996553247625178
CS2_37,267,19,CS2_37_10_04_10.xlsx,2010-09-28 09:39:06,1.010478859950826,89.03295157292402,1.099645167857677
CS2_37,268,20,CS2_37_10_04_10.xlsx,2010-09-28 09:39:06,1.0118404618223238,89.15292185463043,1.0996110002909387
CS2_37,269,21,CS2_37_10_04_10.xlsx,2010-09-28 09:39:06,1.0023287634058917,88.31484931491627,1.0996618975292554
CS2_37,270,22,CS2_37_10_04_10.xlsx,2010-09-28 09:39:06,0.9991156110822921,88.03173954729837,1.0996651801196011
CS2_37,271,23,CS2_37_10_04_10.xlsx,2010-09-28 09:39:06,0.9980989604563639,87.94216280350658,1.099706244468689
CS2_37,272,24,CS2_37_10_04_10.xlsx,2010-09-28 09:39:06,0.9997412974997459,88.0868685665316,1.099684889750047
CS2_37,274,1,CS2_37_10_05_10.xlsx,2010-10-04 14:14:51,1.008130103997511,88.82600347797992,1.0997135392180435
CS2_37,275,2,CS2_37_10_05_10.xlsx,2010-10-04 14:14:51,1.0006999286528098,88.17133323413601,1.0997341708703474
CS2_37,276,3,CS2_37_10_05_10.xlsx,2010-10-04 14:14:51,1.010021970795071,88.99269522349331,1.0996793583706692
CS2_37,277,4,CS2_37_10_05_10.xlsx,2010-10-04 14:14:51,1.011988309618387,89.16594867408087,1.0996658472078187
CS2_37,278,5,CS2_37_10_05_10.xlsx,2010-10-04 14:14:51,1.009029813300887,88.90527656127935,1.0996809789726325
CS2_37,279,6,CS2_37_10_05_10.xlsx,2010-10-04 14:14:51,0.9985973695156138,87.98607745763191,1.09971774708141
CS2_37,280,7,CS2_37_10_05_10.xlsx,2010-10-04 14:14:51,0.9985753388392302,87.98413634216544,1.0997078895568848
CS2_37,281,8,CS2_37_10_05_10.xlsx,2010-10-04 14:14:51,0.9963995529310408,87.79242857956436,1.0997161041606556
CS2_37,282,9,CS2_37_10_05_10.xlsx,2010-10-04 14:14:51,0.8435244200574719,74.32265217820634,1.099702960771063
CS2_37,283,1,CS2_37_10_14_10.xlsx,2010-10-06 09:37:04,1.001434473324528,88.23605371744074,1.0998064572160895
CS2_37,284,2,CS2_37_10_14_10.xlsx,2010-10-06 09:37:04,1.0002531441144369,88.13196719913512,1.0997883861715143
CS2_37,285,3,CS2_37_10_14_10.xlsx,2010-10-06 09:37:04,0.8731195752758611,76.93027132372735,1.0997914311786492
CS2_37,286,4,CS2_37_10_14_10.xlsx,2010-10-06 09:37:04,1.007997537374858,88.81432307756518,1.0997770348110714
CS2_37,287,5,CS2_37_10_14_10.xlsx,2010-10-06 09:37:04,1.0105971051760392,89.04337011984012,1.0997591244207847
CS2_37,288,6,CS2_37_10_14_10.xlsx,2010-10-06 09:37:04,1.0090656324623675,88.90843257551761,1.0997672660930737
CS2_37,289,7,CS2_37_10_14_10.xlsx,2010-10-06 09:37:04,0.9970127727676816,87.84645917256643,1.09977852973071
CS2_37,290,8,CS2_37_10_14_10.xlsx,2010-10-06 09:37:04,0.9972132151809481,87.86412008600144,1.0997883861715143
CS2_37,291,9,CS2_37_10_14_10.xlsx,2010-10-06 09:37:04,0.99519325100961,87.68614172408446,1.0997817111671517
CS2_37,292,10,CS2_37_10_14_10.xlsx,2010-10-06 09:37:04,0.994290415045354,87.60659315174935,1.099786681866427
CS2_37,293,11,CS2_37_10_14_10.xlsx,2010-10-06 09:37:04,0.994785848766659,87.65024564985178,1.0997618130587656
CS2_37,294,12,CS2_37_10_14_10.xlsx,2010-10-06 09:37:04,1.0018268583952388,88.27062663369179,1.099744031646035
CS2_37,295,13,CS2_37_10_14_10.xlsx,2010-10-06 09:37:04,1.0029708249252067,88.37142113885209,1.0997144612399015
CS2_37,296,14,CS2_37_10_14_10.xlsx,2010-10-06 09:37:04,0.8687943246895333,76.54917495322829,1.099748134613037
CS2_37,297,15,CS2_37_10_14_10.xlsx,2010-10-06 09:37:04,0.9879232236267477,87.04558206314934,1.0997667870390306
CS2_37,298,16,CS2_37_10_14_10.xlsx,2010-10-06 09:37:04,0.9885961136163299,87.10487017320372,1.0997303144647441
CS2_37,299,17,CS2_37_10_14_10.xlsx,2010-10-06 09:37:04,0.9891865450140394,87.15689288453679,1.099740262425274
CS2_37,300,18,CS2_37_10_14_10.xlsx,2010-10-06 09:37:04,0.9872093463750602,86.98268257925356,1.0997584981655857
CS2_37,301,19,CS2_37_10_14_10.xlsx,2010-10-06 09:37:04,0.9936684852892377,87.55179513067966,1.0997203697852038
CS2_37,302,20,CS2_37_10_14_10.xlsx,2010-10-06 09:37:04,0.996657286102419,87.81513736237568,1.0997029586271807
CS2_37,303,21,CS2_37_10_14_10.xlsx,2010-10-06 09:37:04,0.9975911428958746,87.89741916950999,1.099712815067985
CS2_37,304,22,CS2_37_10_14_10.xlsx,2010-10-06 09:37:04,0.9979443062702771,87.92853627532656,1.0997276024384932
CS2_37,305,23,CS2_37_10_14_10.xlsx,2010-10-06 09:37:04,0.998414827521195,87.96999374406475,1.0997128129005431
CS2_37,306,24,CS2_37_10_14_10.xlsx,2010-10-06 09:37:04,0.9992425726099725,88.04292608468536,1.0996914646842264
CS2_37,307,25,CS2_37_10_14_10.xlsx,2010-10-06 09:37:04,0.9994264816863208,88.05913025138027,1.099714457988739
CS2_37,308,26,CS2_37_10_14_10.xlsx,2010-10-06 09:37:04,0.9999869059114985,88.1085090408613,1.0996996738693932
CS2_37,309,27,CS2_37_10_14_10.xlsx,2010-10-06 09:37:04,1.000115580771734,88.11984653940189,1.0997013178738682
CS2_37,310,28,CS2_37_10_14_10.xlsx,2010-10-06 09:37:04,1.0002728983742877,88.13370774030858,1.0997029597109014
CS2_37,311,29,CS2_37_10_14_10.xlsx,2010-10-06 09:37:04,0.9998540296359728,88.09680135703638,1.0996947472745722
CS2_37,312,30,CS2_37_10_14_10.xlsx,2010-10-06 09:37:04,0.9996699938653926,88.08058602735541,1.099684889750047
CS2_37,313,31,CS2_37_10_14_10.xlsx,2010-10-06 09:37:04,1.0008341039025623,88.183155370142,1.0996947440234097
CS2_37,314,32,CS2_37_10_14_10.xlsx,2010-10-06 09:37:04,1.0000590262379525,88.11486353850306,1.0997062466361307
CS2_37,315,33,CS2_37_10_14_10.xlsx,2010-10-06 09:37:04,1.0005353170259106,88.15682935920411,1.0997111721472306
CS2_37,316,34,CS2_37_10_14_10.xlsx,2010-10-06 09:37:04,1.0008303505702827,88.18282466530061,1.099688172340393
CS2_37,317,35,CS2_37_10_14_10.xlsx,2010-10-06 09:37:04,1.0012226519511955,88.2173902076718,1.0996980331160806
CS2_37,318,36,CS2_37_10_14_10.xlsx,2010-10-06 09:37:04,0.8877603816264141,78.22026783375901,1.0996900553605995
CS2_37,319,37,CS2_37_10_14_10.xlsx,2010-10-06 09:37:04,0.9865519750925102,86.92476181724223,1.0997601572526705
CS2_37,320,38,CS2_37_10_14_10.xlsx,2010-10-06 09:37:04,0.984072621834045,86.70630683778441,1.099751482407252
CS2_37,321,39,CS2_37_10_14_10.xlsx,2010-10-06 09:37:04,0.9864999029828283,86.92017376121912,1.0997568412658272
CS2_37,322,40,CS2_37_10_14_10.xlsx,2010-10-06 09:37:04,0.9828368957858729,86.59742743242043,1.0997163421577878
CS2_37,323,41,CS2_37_10_14_10.xlsx,2010-10-06 09:37:04,0.9802232230564911,86.36713760967854,1.0997749081364385
CS2_37,324,42,CS2_37_10_14_10.xlsx,2010-10-06 09:37:04,0.9907161134295421,87.29166264178986,1.0996838939299278
CS2_37,325,43,CS2_37_10_14_10.xlsx,2010-10-06 09:37:04,0.9930501176687727,87.4973109681809,1.0996971600646273
CS2_37,326,44,CS2_37_10_14_10.xlsx,2010-10-06 09:37:04,0.9869412160281072,86.95905770480873,1.0997269973842376
CS2_37,327,45,CS2_37_10_14_10.xlsx,2010-10-06 09:37:04,0.9785661869415065,86.22113671641176,1.099748139028196
CS2_37,328,46,CS2_37_10_14_10.xlsx,2010-10-06 09:37:04,0.9793433291822708,86.2896104571594,1.0997163443653672
CS2_37,329,47,CS2_37_10_14_10.xlsx,2010-10-06 09:37:04,0.9800984755137563,86.35614614575846,1.0997314033684906
CS2_37,330,48,CS2_37_10_14_10.xlsx,2010-10-06 09:37:04,0.9784440308302393,86.21037358264437,1.099731402264701
CS2_37,331,49,CS2_37_10_14_10.xlsx,2010-10-06 09:37:04,0.9808567056280566,86.42295354542135,1.0997297322308575
CS2_37,332,50,CS2_37_10_14_10.xlsx,2010-10-06 09:37:04,0.9865237029878529,86.92227077163544,1.0997054445634193
CS2_37,333,1,CS2_37_10_21_10.xlsx,2010-10-14 11:21:51,0.991514751875751,87.36203040594977,1.0997750770061387
CS2_37,334,2,CS2_37_10_21_10.xlsx,2010-10-14 11:21:51,0.9896012046123841,87.19342840190572,1.0997386011508627
CS2_37,335,3,CS2_37_10_21_10.xlsx,2010-10-14 11:21:51,0.9941649660993257,87.59553988742164,1.0997651301392721
CS2_37,336,4,CS2_37_10_21_10.xlsx,2010-10-14 11:21:51,0.9975053638101432,87.88986120319463,1.099707888473164
CS2_37,337,5,CS2_37_10_21_10.xlsx,2010-10-14 11:21:51,0.9982558707874216,87.95598811985909,1.0997275981036099
CS2_37,338,6,CS2_37_10_21_10.xlsx,2010-10-14 11:21:51,0.9866107465003173,86.92994014616383,1.0997565013391
CS2_37,339,7,CS2_37_10_21_10.xlsx,2010-10-14 11:21:51,0.9854240856605951,86.82538385976947,1.0997715647573825
CS2_37,340,8,CS2_37_10_21_10.xlsx,2010-10-14 11:21:51,0.9845245546454002,86.74612648538155,1.0997732369988054
CS2_37,341,9,CS2_37_10_21_10.xlsx,2010-10-14 11:21:51,0.9834339986156593,86.65003796138392,1.0997464656829834
CS2_37,342,10,CS2_37_10_21_10.xlsx,2010-10-14 11:21:51,0.9804602301345149,86.38802022339414,1.099758176891892
CS2_37,343,11,CS2_37_10_21_10.xlsx,2010-10-14 11:21:51,0.9890709904310757,87.14671140920188,1.0997004705831546
CS2_37,344,12,CS2_37_10_21_10.xlsx,2010-10-14 11:21:51,0.8657292655384605,76.27911362509828,1.0996867945319728
CS2_37,345,13,CS2_37_10_21_10.xlsx,2010-10-14 11:21:51,0.9909609754753532,87.31323735406816,1.0997137356241908
CS2_37,346,14,CS2_37_10_21_10.xlsx,2010-10-14 11:21:51,0.9913291393610919,87.34567614987975,1.0996921860843623
CS2_37,347,15,CS2_37_10_21_10.xlsx,2010-10-14 11:21:51,0.9916244234400136,87.37169353049093,1.099712076537106
CS2_37,348,16,CS2_37_10_21_10.xlsx,2010-10-14 11:21:51,0.9922089227548803,87.42319356800529,1.0997021274829129
CS2_37,349,17,CS2_37_10_21_10.xlsx,2010-10-14 11:21:51,0.9923320160834095,87.43403927966959,1.0996739503440507
CS2_37,350,18,CS2_37_10_21_10.xlsx,2010-10-14 11:21:51,0.9923431741663649,87.43502241459579,1.0996971600646273
CS2_37,351,19,CS2_37_10_21_10.xlsx,2010-10-14 11:21:51,0.9923555628276475,87.43611397536341,1.0996954976965527
CS2_37,352,20,CS2_37_10_21_10.xlsx,2010-10-14 11:21:51,0.9921032029153309,87.41387862859591,1.0997187117917822
CS2_37,353,21,CS2_37_10_21_10.xlsx,2010-10-14 11:21:51,0.9918632321827445,87.39273488827628,1.0997021274829129
CS2_37,354,22,CS2_37_10_21_10.xlsx,2010-10-14 11:21:51,0.9916770114786857,87.37632704484336,1.0996921828033728
CS2_37,355,23,CS2_37_10_21_10.xlsx,2010-10-14 11:21:51,0.9915302375633495,87.36339484466163,1.099677266330894
CS2_37,356,24,CS2_37_10_21_10.xlsx,2010-10-14 11:21:51,0.9914738679766408,87.35842813938699,1.0996938429841208
CS2_37,357,25,CS2_37_10_21_10.xlsx,2010-10-14 11:21:51,0.9915208430858122,87.36256710041404,1.0996822359365062
CS2_37,358,26,CS2_37_10_21_10.xlsx,2010-10-14 11:21:51,0.9916448781415745,87.37349578734725,1.099687205542118
CS2_37,359,27,CS2_37_10_21_10.xlsx,2010-10-14 11:21:51,0.9913231599347512,87.3451493046414,1.0996656603769426
CS2_37,360,28,CS2_37_10_21_10.xlsx,2010-10-14 11:21:51,0.9871605679013662,86.9783847243866,1.0996739492503875
CS2_37,361,29,CS2_37_10_21_10.xlsx,2010-10-14 11:21:51,0.974965619838418,85.90389196322619,1.0997156294706827
CS2_37,362,30,CS2_37_10_21_10.xlsx,2010-10-14 11:21:51,0.9742541618683802,85.84120564142067,1.0997358939358006
CS2_37,363,31,CS2_37_10_21_10.xlsx,2010-10-14 11:21:51,0.9733415238885605,85.76079341679991,1.0997561617432354
CS2_37,364,32,CS2_37_10_21_10.xlsx,2010-10-14 11:21:51,0.9713891839863535,85.58877340643024,1.0997527804330132
CS2_37,365,33,CS2_37_10_21_10.xlsx,2010-10-14 11:21:51,0.9729394571678149,85.72536745362937,1.0997443355132486
CS2_37,366,34,CS2_37_10_21_10.xlsx,2010-10-14 11:21:51,0.854635511918886,75.30164673497295,1.0997337153617373
CS2_37,367,35,CS2_37_10_21_10.xlsx,2010-10-14 11:21:51,0.9818697172882764,86.5122096611718,1.0997230366424278
CS2_37,368,36,CS2_37_10_21_10.xlsx,2010-10-14 11:21:51,0.9747877639048781,85.88822113690273,1.099746025611307
CS2_37,369,37,CS2_37_10_21_10.xlsx,2010-10-14 11:21:51,0.9683101064425443,85.31747692244383,1.0997626297878769
CS2_37,370,38,CS2_37_10_21_10.xlsx,2010-10-14 11:21:51,0.9688008122085989,85.36071284200362,1.0997730493545532
CS2_37,371,39,CS2_37_10_21_10.xlsx,2010-10-14 11:21:51,0.9666283840559657,85.1693009301122,1.0997438756924756
CS2_37,372,40,CS2_37_10_21_10.xlsx,2010-10-14 11:21:51,0.9675533256646176,85.25079722332005,1.0997353511036567
CS2_37,373,41,CS2_37_10_21_10.xlsx,2010-10-14 11:21:51,0.9723433656493938,85.67284603096923,1.0997409631158703
CS2_37,374,42,CS2_37_10_21_10.xlsx,2010-10-14 11:21:51,0.9754264619866859,85.9444966094941,1.099730826983942
CS2_37,375,43,CS2_37_10_21_10.xlsx,2010-10-14 11:21:51,0.9774228380053813,86.12039662723667,1.0997046331564586
CS2_37,376,44,CS2_37_10_21_10.xlsx,2010-10-14 11:21:51,0.9656957930373196,85.08713064996947,1.0997506953635305
CS2_37,377,45,CS2_37_10_21_10.xlsx,2010-10-14 11:21:51,0.9640834698098146,84.94506939413941,1.099748985947303
CS2_37,378,46,CS2_37_10_21_10.xlsx,2010-10-14 11:21:51,0.9627391464590502,84.82662151706775,1.0997660373741727
CS2_37,379,47,CS2_37_10_21_10.xlsx,2010-10-14 11:21:51,0.9618773396983613,84.7506880140221,1.09975580786759
CS2_37,380,48,CS2_37_10_21_10.xlsx,2010-10-14 11:21:51,0.9616221736129305,84.72820541628788,1.0997523980320625
CS2_37,381,49,CS2_37_10_21_10.xlsx,2010-10-14 11:21:51,0.9708045302053421,85.53725975895595,1.0997409608876594
CS2_37,382,50,CS2_37_10_21_10.xlsx,2010-10-14 11:21:51,0.9726819676164737,85.70268013609736,1.0997156250142606
CS2_37,383,1,CS2_37_10_28_10.xlsx,2010-10-21 10:03:20,0.970324865832304,85.49499669281121,1.0997764262083536
CS2_37,384,2,CS2_37_10_28_10.xlsx,2010-10-21 10:03:20,0.9691913622921109,85.39512407815141,1.0997730471263423
CS2_37,385,3,CS2_37_10_28_10.xlsx,2010-10-21 10:03:20,0.965480517878196,85.06816282829922,1.0997643324564088
CS2_37,386,4,CS2_37_10_28_10.xlsx,2010-10-21 10:03:20,0.9746453416312839,85.87567235840731,1.0997325148537895
CS2_37,387,5,CS2_37_10_28_10.xlsx,2010-10-21 10:03:20,0.9764328183180981,86.03316632646778,1.0997054922246488
CS2_37,388,6,CS2_37_10_28_10.xlsx,2010-10-21 10:03:20,0.9690671845100178,85.38418281564934,1.0997730504686587
CS2_37,389,7,CS2_37_10_28_10.xlsx,2010-10-21 10:03:20,0.9625871790374738,84.81323171880265,1.0997592177031175
CS2_37,390,8,CS2_37_10_28_10.xlsx,2010-10-21 10:03:20,0.9633350565177681,84.87912695137464,1.099783087676426
CS2_37,391,9,CS2_37_10_28_10.xlsx,2010-10-21 10:03:20,0.962328161588764,84.79040977874878,1.0997660396234044
CS2_37,392,10,CS2_37_10_28_10.xlsx,2010-10-21 10:03:20,0.9605201055042034,84.63110256689315,1.0997677411673203
CS2_37,393,11,CS2_37_10_28_10.xlsx,2010-10-21 10:03:20,0.9651737958479671,85.04113765365574,1.0997524002812944
CS2_37,394,12,CS2_37_10_28_10.xlsx,2010-10-21 10:03:20,0.9695567172729032,85.42731538229546,1.0997139326879912
CS2_37,395,13,CS2_37_10_28_10.xlsx,2010-10-21 10:03:20,0.9701718320141701,85.4815129347051,1.0997156272424715
CS2_37,396,14,CS2_37_10_28_10.xlsx,2010-10-21 10:03:20,0.9707223009207215,85.53001456441932,1.0997122470463547
CS2_37,397,15,CS2_37_10_28_10.xlsx,2010-10-21 10:03:20,0.9710624654982905,85.55998635063065,1.0996919792389201
CS2_37,398,16,CS2_37_10_28_10.xlsx,2010-10-21 10:03:20,0.9716713146116458,85.61363184067804,1.0996953605491424
CS2_37,399,17,CS2_37_10_28_10.xlsx,2010-10-21 10:03:20,0.9727557817656773,85.70918387589035,1.099671714773802
CS2_37,400,18,CS2_37_10_28_10.xlsx,2010-10-21 10:03:20,0.9735716660258085,85.7810711628989,1.09970887130666
CS2_37,401,19,CS2_37_10_28_10.xlsx,2010-10-21 10:03:20,0.9740245358983444,85.82097337464066,1.099688604613331
CS2_37,402,20,CS2_37_10_28_10.xlsx,2010-10-21 10:03:20,0.9741434359848355,85.83144962116313,1.0996970528754118
CS2_37,403,21,CS2_37_10_28_10.xlsx,2010-10-21 10:03:20,0.9743966893562757,85.85376369031269,1.0996869134011669
CS2_37,404,22,CS2_37_10_28_10.xlsx,2010-10-21 10:03:20,0.974640768077748,85.87526938414767,1.0997139382585186
CS2_37,405,23,CS2_37_10_28_10.xlsx,2010-10-21 10:03:20,0.9746512325254031,85.8761914031015,1.0996666545065763
CS2_37,406,24,CS2_37_10_28_10.xlsx,2010-10-21 10:03:20,0.9748123508613773,85.89038748534809,1.0996902991678112
CS2_37,407,25,CS2_37_10_28_10.xlsx,2010-10-21 10:03:20,0.9750800783303291,85.9139768623481,1.0996750983122354
CS2_37,408,26,CS2_37_10_28_10.xlsx,2010-10-21 10:03:20,0.9754474424023343,85.94634518684137,1.099698736288837
CS2_37,409,27,CS2_37_10_28_10.xlsx,2010-10-21 10:03:20,0.975116051115819,85.91714641234603,1.0996818475634138
CS2_37,410,28,CS2_37_10_28_10.xlsx,2010-10-21 10:03:20,0.9751383041803976,85.91910712236135,1.0996784729378246
CS2_37,411,29,CS2_37_10_28_10.xlsx,2010-10-21 10:03:20,0.9610329013569086,84.67628483653797,1.0997370582706523
CS2_37,412,30,CS2_37_10_28_10.xlsx,2010-10-21 10:03:20,0.9578609271335949,84.39680325744924,1.099736517951602
CS2_37,413,31,CS2_37_10_28_10.xlsx,2010-10-21 10:03:20,0.9564542626121586,84.27286252085383,1.0997382425126576
CS2_37,414,32,CS2_37_10_28_10.xlsx,2010-10-21 10:03:20,0.9554537998281809,84.18471208235704,1.0997451248623076
CS2_37,415,33,CS2_37_10_28_10.xlsx,2010-10-21 10:03:20,0.9530477623952294,83.97271693555996,1.0997640564328148
CS2_37,416,34,CS2_37_10_28_10.xlsx,2010-10-21 10:03:20,0.9626933685074341,84.82258803718918,1.0996995512044654
CS2_37,417,35,CS2_37_10_28_10.xlsx,2010-10-21 10:03:20,0.9656036629948588,85.0790131029985,1.0997234155546944
CS2_37,418,36,CS2_37_10_28_10.xlsx,2010-10-21 10:03:20,0.9648899883396993,85.01613146981447,1.099720003469935
CS2_37,419,37,CS2_37_10_28_10.xlsx,2010-10-21 10:03:20,0.9526613019742882,83.93866603820209,1.0997399613970802
CS2_37,420,38,CS2_37_10_28_10.xlsx,2010-10-21 10:03:20,0.9541282716267716,84.06792023955653,1.0997657775878906
CS2_37,421,39,CS2_37_10_28_10.xlsx,2010-10-21 10:03:20,0.9535575308508157,84.01763246226562,1.0997244698660715
CS2_37,422,40,CS2_37_10_28_10.xlsx,2010-10-21 10:03:20,0.9521722438932585,83.89557529561417,1.0997537306376866
CS2_37,423,41,CS2_37_10_28_10.xlsx,2010-10-21 10:03:20,0.9492719188834329,83.64002863711394,1.0997272901810133
CS2_37,424,42,CS2_37_10_28_10.xlsx,2010-10-21 10:03:20,0.9608006631418178,84.65582240572714,1.099672277018709
CS2_37,425,43,CS2_37_10_28_10.xlsx,2010-10-21 10:03:20,0.9630972565080427,84.85817447271423,1.0997114856288117
CS2_37,426,44,CS2_37_10_28_10.xlsx,2010-10-21 10:03:20,0.9548192006884975,84.12879776617392,1.0997347967965263
CS2_37,427,45,CS2_37_10_28_10.xlsx,2010-10-21 10:03:20,0.9496667332004023,83.67481559343359,1.0997238136254823
CS2_37,428,46,CS2_37_10_28_10.xlsx,2010-10-21 10:03:20,0.9498381668703217,83.68992055627533,1.0997429272303214
CS2_37,429,47,CS2_37_10_28_10.xlsx,2010-10-21 10:03:20,0.9515541444978268,83.84111476633264,1.0996367023104714
CS2_37,430,48,CS2_37_10_28_10.xlsx,2010-10-21 10:03:20,0.9504956372470375,83.74785004944019,1.0996711265473138
CS2_37,431,49,CS2_37_10_28_10.xlsx,2010-10-21 10:03:20,0.9551267073742125,84.15589207654766,1.099622943287804
CS2_37,432,50,CS2_37_10_28_10.xlsx,2010-10-21 10:03:20,0.9601065302021112,84.59466258650136,1.0996194346895758
CS2_37,433,1,CS2_37_11_01_10.xlsx,2010-10-28 13:50:11,0.956829407752548,84.30591643265831,1.0996848855699812
CS2_37,434,2,CS2_37_11_01_10.xlsx,2010-10-28 13:50:11,0.9556056181990761,84.19808874781687,1.0996831666855584
CS2_37,435,3,CS2_37_11_01_10.xlsx,2010-10-28 13:50:11,0.9552846125431989,84.16980504773457,1.0996952215830484
CS2_37,436,4,CS2_37_11_01_10.xlsx,2010-10-28 13:50:11,0.9511378237750199,83.80443288784754,1.09970037710099
CS2_37,437,5,CS2_37_11_01_10.xlsx,2010-10-28 13:50:11,0.9493366896291326,83.64573556567404,1.0997255501838832
CS2_37,438,6,CS2_37_11_01_10.xlsx,2010-10-28 13:50:11,0.949593683608744,83.66837921854807,1.0997238101867528
CS2_37,439,7,CS2_37_11_01_10.xlsx,2010-10-28 13:50:11,0.9498802801154635,83.69363114010234,1.099696010351181
CS2_37,440,8,CS2_37_11_01_10.xlsx,2010-10-28 13:50:11,0.9489575056224915,83.6123257907262,1.0997081696987152
CS2_37,441,9,CS2_37_11_01_10.xlsx,2010-10-28 13:50:11,0.9466479074492753,83.40882787458091,1.0997081742836878
CS2_37,442,10,CS2_37_11_01_10.xlsx,2010-10-28 13:50:11,0.9532050697706591,83.98657723535821,1.0996504738217308
CS2_37,443,11,CS2_37_11_01_10.xlsx,2010-10-28 13:50:11,0.9563070416453758,84.25989093111991,1.0996435869307746
CS2_37,444,12,CS2_37_11_01_10.xlsx,2010-10-28 13:50:11,0.957481639934235,84.36338439022573,1.0996780043556578
CS2_37,445,13,CS2_37_11_01_10.xlsx,2010-10-28 13:50:11,0.95815901589412,84.42306775761062,1.0996401491619292
CS2_37,446,14,CS2_37_11_01_10.xlsx,2010-10-28 13:50:11,0.9584168565523967,84.44578601105633,1.0996521927061536
CS2_37,447,15,CS2_37_11_01_10.xlsx,2010-10-28 13:50:11,0.9585638445462443,84.4587370736235,1.0996539161318823
CS2_37,448,16,CS2_37_11_01_10.xlsx,2010-10-28 13:50:11,0.959019167444028,84.49885542059258,1.0996330684086062
CS2_37,450,1,CS2_37_11_08_10.xlsx,2010-11-01 14:23:58,0.950265047780569,83.72753288931443,1.0997081719912016
CS2_37,451,2,CS2_37_11_08_10.xlsx,2010-11-01 14:23:58,0.949857086934482,83.69158759674781,1.0996716847786536
CS2_37,452,3,CS2_37_11_08_10.xlsx,2010-11-01 14:23:58,0.9570307228310388,84.32365423633196,1.0996367045811244
CS2_37,453,4,CS2_37_11_08_10.xlsx,2010-11-01 14:23:58,0.9591641424788491,84.51162912201879,1.0996501198354758
CS2_37,454,5,CS2_37_11_08_10.xlsx,2010-11-01 14:23:58,0.9564071143940591,84.26870830725751,1.099678003220331
CS2_37,455,6,CS2_37_11_08_10.xlsx,2010-11-01 14:23:58,0.9503337617906391,83.73358725756836,1.0996952170417422
CS2_37,456,7,CS2_37_11_08_10.xlsx,2010-11-01 14:23:58,0.952188489712749,83.89700670929068,1.0996607950755528
CS2_37,457,8,CS2_37_11_08_10.xlsx,2010-11-01 14:23:58,0.9543756939727297,84.08972053901735,1.0996745643161592
CS2_37,458,9,CS2_37_11_08_10.xlsx,2010-11-01 14:23:58,0.9562892509687266,84.25832340060013,1.0996195009776524
CS2_37,459,10,CS2_37_11_08_10.xlsx,2010-11-01 14:23:58,0.9566816278737331,84.29289559737371,1.0996556338809786
CS2_37,460,11,CS2_37_11_08_10.xlsx,2010-11-01 14:23:58,0.961792891495481,84.74324731134591,1.0996228445251033
CS2_37,461,12,CS2_37_11_08_10.xlsx,2010-11-01 14:23:58,0.9625020782946176,84.80573352104928,1.0996143199362844
CS2_37,462,13,CS2_37_11_08_10.xlsx,2010-11-01 14:23:58,0.9560605859014171,84.23817579863527,1.0996676831018357
CS2_37,463,14,CS2_37_11_08_10.xlsx,2010-11-01 14:23:58,0.9525179477723231,83.9260351478122,1.0996539149965558
CS2_37,464,15,CS2_37_11_08_10.xlsx,2010-11-01 14:23:58,0.9538671890313211,84.04491634011977,1.0996590784617832
CS2_37,465,16,CS2_37_11_08_10.xlsx,2010-11-01 14:23:58,0.9537900669644959,84.0381211408207,1.0996418691816785
CS2_37,466,17,CS2_37_11_08_10.xlsx,2010-11-01 14:23:58,0.9527252470934489,83.94430022108625,1.0996332702182587
CS2_37,467,18,CS2_37_11_08_10.xlsx,2010-11-01 14:23:58,0.9570719375441712,84.32728565080666,1.0996263833273026
CS2_37,468,19,CS2_37_11_08_10.xlsx,2010-11-01 14:23:58,0.959074583050171,84.50373807096129,1.0996262554852467
CS2_37,469,20,CS2_37_11_08_10.xlsx,2010-11-01 14:23:58,0.9596020866181689,84.55021623244048,1.0996194358141917
CS2_37,470,21,CS2_37_11_08_10.xlsx,2010-11-01 14:23:58,0.9498736014494824,83.6930426850951,1.0996282582099621
CS2_37,471,22,CS2_37_11_08_10.xlsx,2010-11-01 14:23:58,0.9493599589808781,83.6477858204089,1.0996664785421812
CS2_37,472,23,CS2_37_11_08_10.xlsx,2010-11-01 14:23:58,0.9493727562464152,83.64891338315957,1.0996299867446606
CS2_37,473,24,CS2_37_11_08_10.xlsx,2010-11-01 14:23:58,0.9489740454639453,83.61378311057874,1.0996525757587874
CS2_37,474,25,CS2_37_11_08_10.xlsx,2010-11-01 14:23:58,0.9467712778188471,83.41969799623803,1.0996404141187668
CS2_37,475,26,CS2_37_11_08_10.xlsx,2010-11-01 14:23:58,0.9538361454260311,84.04218109852692,1.0996246610369
CS2_37,476,27,CS2_37_11_08_10.xlsx,2010-11-01 14:23:58,0.9554965750945712,84.18848099665301,1.0996074517567953
CS2_37,477,28,CS2_37_11_08_10.xlsx,2010-11-01 14:23:58,0.9528768885742878,83.95766130082288,1.0996349845613753
CS2_37,478,29,CS2_37_11_08_10.xlsx,2010-11-01 14:23:58,0.9457153755381995,83.32666280238627,1.0996543100247016
CS2_37,479,30,CS2_37_11_08_10.xlsx,2010-11-01 14:23:58,0.9467516626456991,83.41796970994704,1.0996473660835853
CS2_37,480,31,CS2_37_11_08_10.xlsx,2010-11-01 14:23:58,0.946182409459368,83.3678130036763,1.0996577888727188
CS2_37,481,32,CS2_37_11_08_10.xlsx,2010-11-01 14:23:58,0.9487698031127785,83.59578738589683,1.0996543146096742
CS2_37,482,33,CS2_37_11_08_10.xlsx,2010-11-01 14:23:58,0.9467201815891322,83.41519592466972,1.0996352021510785
CS2_37,483,34,CS2_37_11_08_10.xlsx,2010-11-01 14:23:58,0.9534545348784782,84.00855752187768,1.0996229398818242
CS2_37,484,35,CS2_37_11_08_10.xlsx,2010-11-01 14:23:58,0.9543761201227383,84.08975808695088,1.0995954093478975
CS2_37,485,36,CS2_37_11_08_10.xlsx,2010-11-01 14:23:58,0.9546329078428712,84.11238356637183,1.099609175182524
CS2_37,486,37,CS2_37_11_08_10.xlsx,2010-11-01 14:23:58,0.9550689847028124,84.1508061514372,1.0996074528921218
CS2_37,487,38,CS2_37_11_08_10.xlsx,2010-11-01 14:23:58,0.9552423424720828,84.16608064602384,1.099612619763329
CS2_37,488,39,CS2_37_11_08_10.xlsx,2010-11-01 14:23:58,0.9558347125441458,84.2182741733004,1.099598851658049
CS2_37,489,40,CS2_37_11_08_10.xlsx,2010-11-01 14:23:58,0.9567144201780238,84.2957849162458,1.0996074528921218
CS2_37,490,41,CS2_37_11_08_10.xlsx,2010-11-01 14:23:58,0.9572541084804058,84.34333667056234,1.099598851658049
CS2_37,491,42,CS2_37_11_08_10.xlsx,2010-11-01 14:23:58,0.957208450824119,84.33931378986465,1.099597133908953
CS2_37,492,43,CS2_37_11_08_10.xlsx,2010-11-01 14:23:58,0.9572011769085975,84.33867288762113,1.0995936870574952
CS2_37,493,44,CS2_37_11_08_10.xlsx,2010-11-01 14:23:58,0.9570976689007722,84.32955283195905,1.0996108974729266
CS2_37,494,45,CS2_37_11_08_10.xlsx,2010-11-01 14:23:58,0.9568362962860277,84.30652337902009,1.0996263833273026
CS2_37,495,46,CS2_37_11_08_10.xlsx,2010-11-01 14:23:58,0.9566117291835994,84.28673684735891,1.0996143397830782
CS2_37,496,47,CS2_37_11_08_10.xlsx,2010-11-01 14:23:58,0.956954577449217,84.31694509241916,1.0996298188254947
CS2_37,497,48,CS2_37_11_08_10.xlsx,2010-11-01 14:23:58,0.9568985396016529,84.31200761656868,1.099597133908953
CS2_37,498,49,CS2_37_11_08_10.xlsx,2010-11-01 14:23:58,0.9565809060646018,84.28402103273893,1.0996212187267485
CS2_37,499,50,CS2_37_11_08_10.xlsx,2010-11-01 14:23:58,0.9562752999009447,84.25709417672277,1.0996109008789063
CS2_37,500,1,CS2_37_11_15_10.xlsx,2010-11-08 12:42:15,0.951022596452035,83.79428024727899,1.0996934936160132
CS2_37,501,2,CS2_37_11_15_10.xlsx,2010-11-08 12:42:15,0.9494596830896279,83.65657247799955,1.0996907995297358
CS2_37,502,3,CS2_37_11_15_10.xlsx,2010-11-08 12:42:15,0.9537223656549383,84.03215600126741,1.0996728511083693
CS2_37,503,4,CS2_37_11_15_10.xlsx,2010-11-08 12:42:15,0.956214043681908,84.2516969119217,1.099660797346206
CS2_37,504,5,CS2_37_11_15_10.xlsx,2010-11-08 12:42:15,0.9561867566735716,84.24929266281954,1.099655630474999
CS2_37,505,6,CS2_37_11_15_10.xlsx,2010-11-08 12:42:15,0.9456498252818095,83.32088719140214,1.0996786401822016
CS2_37,506,7,CS2_37_11_15_10.xlsx,2010-11-08 12:42:15,0.9443612977213887,83.20735546260089,1.099680374448116
CS2_37,507,8,CS2_37_11_15_10.xlsx,2010-11-08 12:42:15,0.9466116269351215,83.40563121071418,1.0996612596970339
CS2_37,508,9,CS2_37_11_15_10.xlsx,2010-11-08 12:42:15,0.9457107195985355,83.32625256911264,1.099652573466301
CS2_37,509,10,CS2_37_11_15_10.xlsx,2010-11-08 12:42:15,0.9427070388739569,83.06159927344157,1.0996629974016776
CS2_37,510,11,CS2_37_11_15_10.xlsx,2010-11-08 12:42:15,0.9501150818046185,83.71431943774846,1.0996590727851505
CS2_37,511,12,CS2_37_11_15_10.xlsx,2010-11-08 12:42:15,0.9511553092534495,83.80597352745511,1.0996367045811244
CS2_37,512,13,CS2_37_11_15_10.xlsx,2010-11-08 12:42:15,0.9503030592607544,83.73088206801444,1.0996281022117251
CS2_37,513,14,CS2_37_11_15_10.xlsx,2010-11-08 12:42:15,0.9404535485873335,82.86304500426196,1.0996740142118584
CS2_37,514,15,CS2_37_11_15_10.xlsx,2010-11-08 12:42:15,0.9405897667052336,82.87504713669148,1.099656469613603
CS2_37,515,16,CS2_37_11_15_10.xlsx,2010-11-08 12:42:15,0.8162156623205696,71.91648674370664,1.0996186388863458
CS2_37,516,17,CS2_37_11_15_10.xlsx,2010-11-08 12:42:15,0.9415894925340105,82.96313264231405,1.099642154115897
CS2_37,517,18,CS2_37_11_15_10.xlsx,2010-11-08 12:42:15,0.9390080868564095,82.7356858586227,1.0997091022509973
CS2_37,518,19,CS2_37_11_15_10.xlsx,2010-11-08 12:42:15,0.946041735732809,83.35541828907049,1.099692532649407
CS2_37,519,20,CS2_37_11_15_10.xlsx,2010-11-08 12:42:15,0.947424884414044,83.47728705291631,1.099685584123318
CS2_37,520,21,CS2_37_11_15_10.xlsx,2010-11-08 12:42:15,0.9464055060288494,83.38746996717546,1.099692539526866
CS2_37,521,22,CS2_37_11_15_10.xlsx,2010-11-08 12:42:15,0.936280777164896,82.49538352147067,1.0997599803128288
CS2_37,522,23,CS2_37_11_15_10.xlsx,2010-11-08 12:42:15,0.808440412925929,71.23141214169654,1.0997161543771121
CS2_37,523,24,CS2_37_11_15_10.xlsx,2010-11-08 12:42:15,0.9347000092817339,82.35610259638884,1.099628409135689
CS2_37,524,25,CS2_37_11_15_10.xlsx,2010-11-08 12:42:15,0.9357776169575232,82.45105024528652,1.0996512082016583
CS2_37,525,26,CS2_37_11_15_10.xlsx,2010-11-08 12:42:15,0.9334712399874405,82.247836148263,1.0996512070442865
CS2_37,526,27,CS2_37_11_15_10.xlsx,2010-11-08 12:42:15,0.9410462179808299,82.91526490464908,1.0996299913296332
CS2_37,527,28,CS2_37_11_15_10.xlsx,2010-11-08 12:42:15,0.9429692518481438,83.0847027701676,1.0996230382185717
CS2_37,528,29,CS2_37_11_15_10.xlsx,2010-11-08 12:42:15,0.942204028839992,83.01727922898576,1.099645624940212
CS2_37,529,30,CS2_37_11_15_10.xlsx,2010-11-08 12:42:15,0.9307528476521547,82.00831951636088,1.0996657586565204
CS2_37,530,31,CS2_37_11_15_10.xlsx,2010-11-08 12:42:15,0.9309629132510757,82.02682832543857,1.0996693045485253
CS2_37,531,32,CS2_37_11_15_10.xlsx,2010-11-08 12:42:15,0.931719670458488,82.09350594777229,1.099658673884822
CS2_37,532,33,CS2_37_11_15_10.xlsx,2010-11-08 12:42:15,0.9318080507801234,82.10129310810589,1.099674615205503
CS2_37,533,34,CS2_37_11_15_10.xlsx,2010-11-08 12:42:15,0.9291912273105716,81.87072567471017,1.0996462737812716
CS2_37,534,35,CS2_37_11_15_10.xlsx,2010-11-08 12:42:15,0.9374671579422831,82.59991513166715,1.0996038473925545
CS2_37,535,36,CS2_37_11_15_10.xlsx,2010-11-08 12:42:15,0.9390725806499347,82.7413683850201,1.099635417021594
CS2_37,536,37,CS2_37_11_15_10.xlsx,2010-11-08 12:42:15,0.9392902961507517,82.76055122437396,1.0996231384647703
CS2_37,537,38,CS2_37_11_15_10.xlsx,2010-11-08 12:42:15,0.9395572767174514,82.78407479206842,1.099630156767021
CS2_37,538,39,CS2_37_11_15_10.xlsx,2010-11-08 12:42:15,0.9399436405733823,82.81811718111584,1.099644192214151
CS2_37,539,40,CS2_37_11_15_10.xlsx,2010-11-08 12:42:15,0.9403595529080775,82.85476307666212,1.0996406784335386
CS2_37,540,41,CS2_37_11_15_10.xlsx,2010-11-08 12:42:15,0.9407633302825928,82.89033976495942,1.099638927330091
CS2_37,541,42,CS2_37_11_15_10.xlsx,2010-11-08 12:42:15,0.9405883491177818,82.87492223353917,1.0996284056635737
CS2_37,542,43,CS2_37_11_15_10.xlsx,2010-11-08 12:42:15,0.9407092813343993,82.88557753036174,1.0996284033488302
CS2_37,543,44,CS2_37_11_15_10.xlsx,2010-11-08 12:42:15,0.940062578057649,82.8285967227437,1.0996319148146991
CS2_37,544,45,CS2_37_11_15_10.xlsx,2010-11-08 12:42:15,0.9397855414727943,82.8041871226809,1.0996319159720709
CS2_37,545,46,CS2_37_11_15_10.xlsx,2010-11-08 12:42:15,0.9396115899366038,82.78886031149118,1.0996284021914584
CS2_37,546,47,CS2_37_11_15_10.xlsx,2010-11-08 12:42:15,0.9393149072388169,82.76271969904346,1.0996389250153478
CS2_37,547,48,CS2_37_11_15_10.xlsx,2010-11-08 12:42:15,0.9390784823830032,82.74188838473043,1.0996477002079048
CS2_37,548,49,CS2_37_11_15_10.xlsx,2010-11-08 12:42:15,0.939129072823917,82.74634589141806,1.0996319124999556
CS2_37,549,50,CS2_37_11_15_10.xlsx,2010-11-08 12:42:15,0.9390973462468821,82.7435504734151,1.099614369059072
CS2_37,550,1,CS2_37_11_22_10.xlsx,2010-11-15 12:55:15,0.934268947860495,82.31812191993609,1.0996827859323002
CS2_37,551,2,CS2_37_11_22_10.xlsx,2010-11-15 12:55:15,0.9313696900005611,82.06266928765295,1.099655127992817
CS2_37,552,3,CS2_37_11_22_10.xlsx,2010-11-15 12:55:15,0.93748586855253,82.60156371722599,1.0996512035721715
CS2_37,553,4,CS2_37_11_22_10.xlsx,2010-11-15 12:55:15,0.9400104862611598,82.82400693212264,1.099631919444186
CS2_37,554,5,CS2_37_11_22_10.xlsx,2010-11-15 12:55:15,0.940359627180785,82.85476962080534,1.0996266487732673
CS2_37,555,6,CS2_37_11_22_10.xlsx,2010-11-15 12:55:15,0.9275387637299097,81.72512766590052,1.0996480455585556
CS2_37,556,7,CS2_37_11_22_10.xlsx,2010-11-15 12:55:15,0.926031526774322,81.59232552604942,1.0996728457656562
CS2_37,557,8,CS2_37_11_22_10.xlsx,2010-11-15 12:55:15,0.9252149960795313,81.52038128190102,1.0996710739883722
CS2_37,558,9,CS2_37_11_22_10.xlsx,2010-11-15 12:55:15,0.9250387645688765,81.50485358293014,1.0996321019004374
CS2_37,559,10,CS2_37_11_22_10.xlsx,2010-11-15 12:55:15,0.9234375835366535,81.36377406216873,1.0996462691063975
CS2_37,560,11,CS2_37_11_22_10.xlsx,2010-11-15 12:55:15,0.9312663881629,82.05356739757448,1.0996143864650352
CS2_37,561,12,CS2_37_11_22_10.xlsx,2010-11-15 12:55:15,0.9336123864492478,82.26027251541213,1.0996336659181465
CS2_37,562,13,CS2_37_11_22_10.xlsx,2010-11-15 12:55:15,0.934168580181872,82.30927855762097,1.099614369059072
CS2_37,563,14,CS2_37_11_22_10.xlsx,2010-11-15 12:55:15,0.7973065040986604,70.25040718976335,1.0996208353476091
CS2_37,564,15,CS2_37_11_22_10.xlsx,2010-11-15 12:55:15,0.9217270615662141,81.2130605482156,1.0996358725104
CS2_37,565,16,CS2_37_11_22_10.xlsx,2010-11-15 12:55:15,0.9212722644714173,81.17298852957038,1.0996573384445492
CS2_37,566,17,CS2_37_11_22_10.xlsx,2010-11-15 12:55:15,0.9205223372298317,81.10691269322228,1.0996269259122338
CS2_37,567,18,CS2_37_11_22_10.xlsx,2010-11-15 12:55:15,0.9187059604786452,80.94687235023635,1.0996340784696068
CS2_37,568,19,CS2_37_11_22_10.xlsx,2010-11-15 12:55:15,0.9263238040060351,81.6180779743671,1.0996197006281685
CS2_37,569,20,CS2_37_11_22_10.xlsx,2010-11-15 12:55:15,0.9285610464258802,81.81520064948438,1.0995984463130726
CS2_37,570,21,CS2_37_11_22_10.xlsx,2010-11-15 12:55:15,0.929464987404991,81.89484658430567,1.0995860473782408
CS2_37,571,22,CS2_37_11_22_10.xlsx,2010-11-15 12:55:15,0.9162706632345383,80.73229913134605,1.0996179899366776
CS2_37,572,23,CS2_37_11_22_10.xlsx,2010-11-15 12:55:15,0.9146615319006663,80.59051911218754,1.0996537586249928
CS2_37,573,24,CS2_37_11_22_10.xlsx,2010-11-15 12:55:15,0.9165697672671165,80.75865308678564,1.099621567395654
CS2_37,574,25,CS2_37_11_22_10.xlsx,2010-11-15 12:55:15,0.9085743824990011,80.05418243125789,1.0996397161483764
CS2_37,575,26,CS2_37_11_22_10.xlsx,2010-11-15 12:55:15,0.9002122303410438,79.31739602470104,1.0996910935700541
CS2_37,576,27,CS2_37_11_22_10.xlsx,2010-11-15 12:55:15,0.9139364662695861,80.52663382395669,1.0996144258975982
CS2_37,577,28,CS2_37_11_22_10.xlsx,2010-11-15 12:55:15,0.9183377690332648,80.91443112615403,1.0996233531744173
CS2_37,578,29,CS2_37_11_22_10.xlsx,2010-11-15 12:55:15,0.9200401345515701,81.06442597786034,1.0996090409779313
CS2_37,579,30,CS2_37_11_22_10.xlsx,2010-11-15 12:55:15,0.8981864790995111,79.13890776598086,1.0996983942359384
CS2_37,580,31,CS2_37_11_22_10.xlsx,2010-11-15 12:55:15,0.8961531636420474,78.95975302674599,1.0996974317394956
CS2_37,581,32,CS2_37_11_22_10.xlsx,2010-11-15 12:55:15,0.8936817090505116,78.74199399616755,1.0996789883594125
CS2_37,582,33,CS2_37_11_22_10.xlsx,2010-11-15 12:55:15,0.7500215274401789,66.08414384293162,1.099697519497699
CS2_37,583,34,CS2_37_11_22_10.xlsx,2010-11-15 12:55:15,0.8873108784568515,78.18066226108084,1.0996759515447714
CS2_37,584,35,CS2_37_11_22_10.xlsx,2010-11-15 12:55:15,0.9023330331588966,79.50425924575525,1.0996527671813965
CS2_37,585,36,CS2_37_11_22_10.xlsx,2010-11-15 12:55:15,0.9084996631893745,80.04759893808527,1.0996306824684143
CS2_37,586,37,CS2_37_11_22_10.xlsx,2010-11-15 12:55:15,0.9107169349740118,80.24296200726937,1.0996017742156983
CS2_37,587,38,CS2_37_11_22_10.xlsx,2010-11-15 12:55:15,0.9121175998938256,80.36637412098912,1.0996108090877532
CS2_37,588,39,CS2_37_11_22_10.xlsx,2010-11-15 12:55:15,0.9129695357423344,80.4414379012915,1.0996324872970582
CS2_37,589,40,CS2_37_11_22_10.xlsx,2010-11-15 12:55:15,0.9133725046954879,80.47694335985521,1.099665013551712
CS2_37,590,41,CS2_37_11_22_10.xlsx,2010-11-15 12:55:15,0.9149896123299612,80.61942616816975,1.0996340820104769
CS2_37,591,42,CS2_37_11_22_10.xlsx,2010-11-15 12:55:15,0.9154063045313592,80.65614077750823,1.0996305021909203
CS2_37,592,43,CS2_37_11_22_10.xlsx,2010-11-15 12:55:15,0.9157627801352461,80.68754972274765,1.0996376665511933
CS2_37,593,44,CS2_37_11_22_10.xlsx,2010-11-15 12:55:15,0.9135085575453772,80.48893093057603,1.0996433329582214
CS2_37,594,45,CS2_37_11_22_10.xlsx,2010-11-15 12:55:15,0.9129184879109218,80.43694009408127,1.0996758544445038
CS2_37,595,46,CS2_37_11_22_10.xlsx,2010-11-15 12:55:15,0.9125809447357582,80.40719927875182,1.0996451318264007
CS2_37,596,47,CS2_37_11_22_10.xlsx,2010-11-15 12:55:15,0.9121014441434951,80.36495064327593,1.0996650099754333
CS2_37,597,48,CS2_37_11_22_10.xlsx,2010-11-15 12:55:15,0.911785303720734,80.33709561724272,1.0996487474441528
CS2_37,598,49,CS2_37_11_22_10.xlsx,2010-11-15 12:55:15,0.9119551407141628,80.35205989745732,1.0996451413631438
CS2_37,599,50,CS2_37_11_22_10.xlsx,2010-11-15 12:55:15,0.911900599939095,80.34725432815962,1.0996270728111268
CS2_37,600,1,CS2_37_11_24_10.xlsx,2010-11-22 13:15:42,0.895447040625807,78.89753676592038,1.0996918994553235
CS2_37,601,2,CS2_37_11_24_10.xlsx,2010-11-22 13:15:42,0.890108037909717,78.42711903714921,1.099690054144178
CS2_37,602,3,CS2_37_11_24_10.xlsx,2010-11-22 13:15:42,0.901776333773433,79.45520865064526,1.099676489830017
CS2_37,603,4,CS2_37_11_24_10.xlsx,2010-11-22 13:15:42,0.9062249630899437,79.84717587945207,1.0996306884288787
CS2_37,604,5,CS2_37_11_24_10.xlsx,2010-11-22 13:15:42,0.9078170468272022,79.98745384062215,1.0996324932575225
CS2_37,605,6,CS2_37_11_24_10.xlsx,2010-11-22 13:15:42,0.8873534678389063,78.1844147971707,1.0997057587830061
CS2_37,606,7,CS2_37_11_24_10.xlsx,2010-11-22 13:15:42,0.8831659311623596,77.81545235281935,1.0997038932190728
CS2_37,607,8,CS2_37_11_24_10.xlsx,2010-11-22 13:15:42,0.8823136468203598,77.74035786687304,1.0996759503158098
CS2_37,608,9,CS2_37_11_24_10.xlsx,2010-11-22 13:15:42,0.8803576960669037,77.56801970561753,1.0996983051300049
CS2_37,609,10,CS2_37_11_24_10.xlsx,2010-11-22 13:15:42,0.8763285602364395,77.21301390639485,1.0997104905545712
CS2_37,610,11,CS2_37_11_24_10.xlsx,2010-11-22 13:15:42,0.8880429736095543,78.24516691809121,1.0996623988054237
CS2_37,611,12,CS2_37_11_24_10.xlsx,2010-11-22 13:15:42,0.8941653508049097,78.78460750804257,1.099634742250248
CS2_37,612,13,CS2_37_11_24_10.xlsx,2010-11-22 13:15:42,0.8958895683425006,78.93652773379868,1.0996642380344623
CS2_37,613,14,CS2_37_11_24_10.xlsx,2010-11-22 13:15:42,0.8762985730863271,77.21037174871142,1.0996784915526707
CS2_37,614,15,CS2_37_11_24_10.xlsx,2010-11-22 13:15:42,0.871772310853677,76.81156430984475,1.099708608041207
CS2_37,615,16,CS2_37_11_24_10.xlsx,2010-11-22 13:15:42,0.8711569723245329,76.75734703956074,1.0996879028777282
CS2_37,617,1,CS2_37_12_06_10.xlsx,2010-11-29 10:34:08,0.888495341944954,78.28502493956503,1.0998361663720042
CS2_37,618,2,CS2_37_12_06_10.xlsx,2010-11-29 10:34:08,0.8803422165339428,77.56665580918872,1.0997951780397868
CS2_37,619,3,CS2_37_12_06_10.xlsx,2010-11-29 10:34:08,0.87777447185776,77.34041269172523,1.099810256312291
CS2_37,620,4,CS2_37_12_06_10.xlsx,2010-11-29 10:34:08,0.8747617664530272,77.07496423452929,1.0997782560686271
CS2_37,621,5,CS2_37_12_06_10.xlsx,2010-11-29 10:34:08,0.888716111071489,78.3044768328511,1.0996955864283504
CS2_37,622,6,CS2_37_12_06_10.xlsx,2010-11-29 10:34:08,0.891579567670294,78.55677502808992,1.0996734560752401
CS2_37,623,7,CS2_37_12_06_10.xlsx,2010-11-29 10:34:08,0.8834830362557984,77.84339237566063,1.0997206574862766
CS2_37,624,8,CS2_37_12_06_10.xlsx,2010-11-29 10:34:08,0.8718539960819802,76.81876156776275,1.099759432176749
CS2_37,625,9,CS2_37_12_06_10.xlsx,2010-11-29 10:34:08,0.8718770934951481,76.82079667304752,1.0997330745061238
CS2_37,626,10,CS2_37_12_06_10.xlsx,2010-11-29 10:34:08,0.8683243059194634,76.50776175790817,1.099707713880037
CS2_37,627,11,CS2_37_12_06_10.xlsx,2010-11-29 10:34:08,0.8655333614132967,76.26185257869749,1.0997210289302626
CS2_37,628,12,CS2_37_12_06_10.xlsx,2010-11-29 10:34:08,0.8625069507855585,75.99519655892453,1.0997324416511938
CS2_37,629,13,CS2_37_12_06_10.xlsx,2010-11-29 10:34:08,0.876969417913724,77.26947966021535,1.0996879016359646
CS2_37,630,14,CS2_37_12_06_10.xlsx,2010-11-29 10:34:08,0.8802100449712924,77.55501021737757,1.0996684966628085
CS2_37,631,15,CS2_37_12_06_10.xlsx,2010-11-29 10:34:08,0.8746433353297078,77.06452930819374,1.0996991967161496
CS2_37,632,16,CS2_37_12_06_10.xlsx,2010-11-29 10:34:08,0.861698670058507,75.92397921665138,1.0996905954260574
CS2_37,633,17,CS2_37_12_06_10.xlsx,2010-11-29 10:34:08,0.8608758100604881,75.85147729973004,1.0997058128055772
CS2_37,634,18,CS2_37_12_06_10.xlsx,2010-11-29 10:34:08,0.8561449988919847,75.43464712310814,1.099679891099321
CS2_37,635,19,CS2_37_12_06_10.xlsx,2010-11-29 10:34:08,0.8546135812605531,75.29971443206321,1.099704880663689
CS2_37,636,20,CS2_37_12_06_10.xlsx,2010-11-29 10:34:08,0.8519159194223533,75.06202435726811,1.0996895064698888
CS2_37,637,21,CS2_37_12_06_10.xlsx,2010-11-29 10:34:08,0.8655593972131008,76.26414658423782,1.0996677674745259
CS2_37,638,22,CS2_37_12_06_10.xlsx,2010-11-29 10:34:08,0.869243963807282,76.58879250425528,1.0996464937925339
CS2_37,639,23,CS2_37_12_06_10.xlsx,2010-11-29 10:34:08,0.8669652276780511,76.38801383239752,1.0996468544006348
CS2_37,640,24,CS2_37_12_06_10.xlsx,2010-11-29 10:34:08,0.8520572672938087,75.07447847055342,1.0997125696628651
CS2_37,641,25,CS2_37_12_06_10.xlsx,2010-11-29 10:34:08,0.8541044222295611,75.25485260155304,1.099660669235473
CS2_37,642,26,CS2_37_12_06_10.xlsx,2010-11-29 10:34:08,0.8546529731771741,75.30318524055203,1.0996683658437525
CS2_37,643,27,CS2_37_12_06_10.xlsx,2010-11-29 10:34:08,0.8536984204728526,75.21907992369087,1.0996895013971533
CS2_37,644,28,CS2_37_12_06_10.xlsx,2010-11-29 10:34:08,0.8515257086753678,75.02764301994723,1.099690329643988
CS2_37,645,29,CS2_37_12_06_10.xlsx,2010-11-29 10:34:08,0.8624284409806897,75.98827908649446,1.0996658689097354
CS2_37,646,30,CS2_37_12_06_10.xlsx,2010-11-29 10:34:08,0.8651588689426504,76.22885617340394,1.0996639690901104
CS2_37,647,31,CS2_37_12_06_10.xlsx,2010-11-29 10:34:08,0.8663874766943742,76.33710838806846,1.0996487542202598
CS2_37,648,32,CS2_37_12_06_10.xlsx,2010-11-29 10:34:08,0.8515920804355552,75.03349101335391,1.099687578830313
CS2_37,649,33,CS2_37_12_06_10.xlsx,2010-11-29 10:34:08,0.8513327645635087,75.01064277932046,1.099684505052464
CS2_37,650,34,CS2_37_12_06_10.xlsx,2010-11-29 10:34:08,0.8506561788903646,74.9510290438338,1.0996825618128623
CS2_37,651,35,CS2_37_12_06_10.xlsx,2010-11-29 10:34:08,0.8494419791263077,74.84404631210361,1.0996806134459793
CS2_37,652,36,CS2_37_12_06_10.xlsx,2010-11-29 10:34:08,0.8463960304411842,74.57566880068353,1.0996942148413709
CS2_37,653,37,CS2_37_12_06_10.xlsx,2010-11-29 10:34:08,0.8559512657609183,75.41757736226509,1.099656822833609
CS2_37,654,38,CS2_37_12_06_10.xlsx,2010-11-29 10:34:08,0.8589442096399935,75.68128463809978,1.0996645156373368
CS2_37,655,39,CS2_37_12_06_10.xlsx,2010-11-29 10:34:08,0.8599299255260604,75.76813573239495,1.099652978968113
CS2_37,656,40,CS2_37_12_06_10.xlsx,2010-11-29 10:34:08,0.8604485990375821,75.8138358805759,1.0996582545732196
CS2_37,657,41,CS2_37_12_06_10.xlsx,2010-11-29 10:34:08,0.8602621982542402,75.79741217041808,1.0996392425737882
CS2_37,658,42,CS2_37_12_06_10.xlsx,2010-11-29 10:34:08,0.8599235648973149,75.76757529954126,1.0996356860120247
CS2_37,659,43,CS2_37_12_06_10.xlsx,2010-11-29 10:34:08,0.8599104041429442,75.76641570991204,1.0996414511761767
CS2_37,660,44,CS2_37_12_06_10.xlsx,2010-11-29 10:34:08,0.8604496717897234,75.8139304004053,1.0996278348721955
CS2_37,661,45,CS2_37_12_06_10.xlsx,2010-11-29 10:34:08,0.8612183226559722,75.88165596900804,1.099639240064119
CS2_37,662,46,CS2_37_12_06_10.xlsx,2010-11-29 10:34:08,0.8609460500876125,75.857666124832,1.0996544549339695
CS2_37,663,47,CS2_37_12_06_10.xlsx,2010-11-29 10:34:08,0.8607590267454057,75.84118756122254,1.0996164196415952
CS2_37,664,48,CS2_37_12_06_10.xlsx,2010-11-29 10:34:08,0.8600848783213806,75.7817885709338,1.0996297309273169
CS2_37,665,49,CS2_37_12_06_10.xlsx,2010-11-29 10:34:08,0.8595339216522717,75.73324396462513,1.0996222267759608
CS2_37,666,50,CS2_37_12_06_10.xlsx,2010-11-29 10:34:08,0.8588611165672901,75.67396333548649,1.099620300404569
CS2_37,667,1,CS2_37_12_13_10.xlsx,2010-12-06 12:33:56,0.858242168111879,75.61942799581651,1.0997067994259773
CS2_37,668,2,CS2_37_12_13_10.xlsx,2010-12-06 12:33:56,0.852006129459635,75.06997273323027,1.0996933465308332
CS2_37,669,3,CS2_37_12_13_10.xlsx,2010-12-06 12:33:56,0.8506516216377817,74.95062750584563,1.099713647237388
CS2_37,670,4,CS2_37_12_13_10.xlsx,2010-12-06 12:33:56,0.858227863865916,75.61816765352873,1.0996722071728808
CS2_37,671,5,CS2_37_12_13_10.xlsx,2010-12-06 12:33:56,0.8587954734955514,75.66817954657328,1.099679892367505
CS2_37,672,6,CS2_37_12_13_10.xlsx,2010-12-06 12:33:56,0.848011653130051,74.71802077094148,1.0996961567991523
CS2_37,673,7,CS2_37_12_13_10.xlsx,2010-12-06 12:33:56,0.8402262426091136,74.03205087552011,1.0997068869030995
CS2_37,674,8,CS2_37_12_13_10.xlsx,2010-12-06 12:33:56,0.8398747314146808,74.00107934272349,1.099675459706265
CS2_37,675,9,CS2_37_12_13_10.xlsx,2010-12-06 12:33:56,0.8375243961107808,73.79399209173197,1.0997009964092919
CS2_37,676,10,CS2_37_12_13_10.xlsx,2010-12-06 12:33:56,0.8351921854848978,73.58850180000809,1.099716711303462
CS2_37,677,11,CS2_37_12_13_10.xlsx,2010-12-06 12:33:56,0.8337585968463852,73.46218878853708,1.0997049251328344
CS2_37,678,12,CS2_37_12_13_10.xlsx,2010-12-06 12:33:56,0.8446788921630493,74.42437232609063,1.0996553603038992
CS2_37,679,13,CS2_37_12_13_10.xlsx,2010-12-06 12:33:56,0.8464180248606858,74.57760672156834,1.0996708985297912
CS2_37,680,14,CS2_37_12_13_10.xlsx,2010-12-06 12:33:56,0.7148640238086319,62.98642805459267,1.0996469274351868
CS2_37,681,15,CS2_37_12_13_10.xlsx,2010-12-06 12:33:56,0.8312305323511282,73.23944187843308,1.0997555832286456
CS2_37,682,16,CS2_37_12_13_10.xlsx,2010-12-06 12:33:56,0.8278789710588086,72.94413694325878,1.0997575704868023
CS2_37,683,17,CS2_37_12_13_10.xlsx,2010-12-06 12:33:56,0.830025766095595,73.13329032995755,1.0997337391088298
CS2_37,684,18,CS2_37_12_13_10.xlsx,2010-12-06 12:33:56,0.8273999193802091,72.9019278614144,1.099729767212501
CS2_37,685,19,CS2_37_12_13_10.xlsx,2010-12-06 12:33:56,0.826056782845578,72.78358455431203,1.0997158695053268
CS2_37,686,20,CS2_37_12_13_10.xlsx,2010-12-06 12:33:56,0.8303820103820545,73.16467889389645,1.099731750540681
CS2_37,687,21,CS2_37_12_13_10.xlsx,2010-12-06 12:33:56,0.8368981703681548,73.7388155527397,1.099708853856377
CS2_37,688,22,CS2_37_12_13_10.xlsx,2010-12-06 12:33:56,0.8380274571929327,73.83831663402633,1.0996892115344172
CS2_37,689,23,CS2_37_12_13_10.xlsx,2010-12-06 12:33:56,0.8257014944887828,72.75228021701345,1.099719837471679
CS2_37,690,24,CS2_37_12_13_10.xlsx,2010-12-06 12:33:56,0.8190714274412159,72.1681072453988,1.099737090534634
CS2_37,691,25,CS2_37_12_13_10.xlsx,2010-12-06 12:33:56,0.8194241057251688,72.19918161005945,1.0997290624512566
CS2_37,692,26,CS2_37_12_13_10.xlsx,2010-12-06 12:33:56,0.8198222138058284,72.23425877878705,1.0997009489271377
CS2_37,693,27,CS2_37_12_13_10.xlsx,2010-12-06 12:33:56,0.8178826439564411,72.0633639334647,1.0997290624512566
CS2_37,694,28,CS2_37_12_13_10.xlsx,2010-12-06 12:33:56,0.8139880713236209,71.7202144522059,1.0997344282235992
CS2_37,695,29,CS2_37_12_13_10.xlsx,2010-12-06 12:33:56,0.827118402217561,72.87712347915331,1.0997059345245361
CS2_37,696,30,CS2_37_12_13_10.xlsx,2010-12-06 12:33:56,0.8293318139531962,73.07214644072158,1.099703956436325
CS2_37,697,31,CS2_37_12_13_10.xlsx,2010-12-06 12:33:56,0.8300777706560254,73.13787243423887,1.0997158655753503
CS2_37,698,32,CS2_37_12_13_10.xlsx,2010-12-06 12:33:56,0.8136669064539497,71.6919167238499,1.0997384907154555
CS2_37,699,33,CS2_37_12_13_10.xlsx,2010-12-06 12:33:56,0.8151324003670624,71.82104089830608,1.0997587964775857
CS2_37,700,34,CS2_37_12_13_10.xlsx,2010-12-06 12:33:56,0.8135335893256901,71.68017019663927,1.0997486449359508
CS2_37,701,35,CS2_37_12_13_10.xlsx,2010-12-06 12:33:56,0.8141546079030064,71.73488793405218,1.099752706088377
CS2_37,702,36,CS2_37_12_13_10.xlsx,2010-12-06 12:33:56,0.8099662098315328,71.36584959248432,1.0997425518678816
CS2_37,703,37,CS2_37_12_13_10.xlsx,2010-12-06 12:33:56,0.8186505776965731,72.13102631632712,1.0997511479589674
CS2_37,704,38,CS2_37_12_13_10.xlsx,2010-12-06 12:33:56,0.6875331293156961,60.578312157984335,1.099693448919999
CS2_37,705,39,CS2_37_12_13_10.xlsx,2010-12-06 12:33:56,0.8220428053876887,72.42991435418486,1.0996868981255425
CS2_37,706,40,CS2_37_12_13_10.xlsx,2010-12-06 12:33:56,0.823292662254218,72.54003882118877,1.0997049662801954
CS2_37,707,41,CS2_37_12_13_10.xlsx,2010-12-06 12:33:56,0.8236782563035376,72.57401338283526,1.099696938196818
CS2_37,708,42,CS2_37_12_13_10.xlsx,2010-12-06 12:33:56,0.8241144299867855,72.61244449896952,1.099684096954681
CS2_37,709,43,CS2_37_12_13_10.xlsx,2010-12-06 12:33:56,0.8244561098096241,72.64254979293057,1.0996761531620236
CS2_37,710,44,CS2_37_12_13_10.xlsx,2010-12-06 12:33:56,0.8250171353208628,72.69198156152366,1.0996821149364933
CS2_37,711,45,CS2_37_12_13_10.xlsx,2010-12-06 12:33:56,0.8253574350580166,72.72196525660043,1.0996860815928533
CS2_37,712,46,CS2_37_12_13_10.xlsx,2010-12-06 12:33:56,0.8255966704018718,72.74304420206697,1.0996960139536596
CS2_37,713,47,CS2_37_12_13_10.xlsx,2010-12-06 12:33:56,0.8256285524406479,72.74585331775152,1.0996940227655263
CS2_37,714,48,CS2_37_12_13_10.xlsx,2010-12-06 12:33:56,0.8258122581888827,72.76203956927493,1.0996582783185518
CS2_37,715,49,CS2_37_12_13_10.xlsx,2010-12-06 12:33:56,0.8258797103408497,72.76798275563695,1.099672183885679
CS2_37,716,50,CS2_37_12_13_10.xlsx,2010-12-06 12:33:56,0.826393718795714,72.81327186724907,1.0998032446745987
CS2_37,717,1,CS2_37_12_20_10.xlsx,2010-12-13 12:36:53,0.82131589287493,72.36586633783216,1.0997129983372158
CS2_37,718,2,CS2_37_12_20_10.xlsx,2010-12-13 12:36:53,0.8103258349579869,71.397536041095,1.0996958526332727
CS2_37,719,3,CS2_37_12_20_10.xlsx,2010-12-13 12:36:53,0.8051590648472329,70.94229366909566,1.0997091193090787
CS2_37,720,4,CS2_37_12_20_10.xlsx,2010-12-13 12:36:53,0.8156331358630133,71.86516053398458,1.0996929261419508
CS2_37,721,5,CS2_37_12_20_10.xlsx,2010-12-13 12:36:53,0.8173281939838191,72.01451153336157,1.0996828820970324
CS2_37,722,6,CS2_37_12_20_10.xlsx,2010-12-13 12:36:53,0.8095420137872642,71.32847382208114,1.0996978872277763
CS2_37,723,7,CS2_37_12_20_10.xlsx,2010-12-13 12:36:53,0.7976820167077125,70.28349347910779,1.0997234975749797
CS2_37,724,8,CS2_37_12_20_10.xlsx,2010-12-13 12:36:53,0.79821855536537,70.33076771928984,1.0996947478164325
CS2_37,725,9,CS2_37_12_20_10.xlsx,2010-12-13 12:36:53,0.7964809831053934,70.17767081344812,1.0996873844629047
CS2_37,726,10,CS2_37_12_20_10.xlsx,2010-12-13 12:36:53,0.7964272421541398,70.17293571635695,1.099683228580431
CS2_37,727,11,CS2_37_12_20_10.xlsx,2010-12-13 12:36:53,0.7949221954441867,70.04032655831007,1.0996915389751565
CS2_37,728,12,CS2_37_12_20_10.xlsx,2010-12-13 12:36:53,0.8021006644287478,70.67281903964833,1.0996803709051826
CS2_37,729,13,CS2_37_12_20_10.xlsx,2010-12-13 12:36:53,0.8039927995874976,70.83953443037566,1.0996434146707708
CS2_37,730,14,CS2_37_12_20_10.xlsx,2010-12-13 12:36:53,0.8041926247652373,70.85714095939657,1.0996660034764896
CS2_37,731,15,CS2_37_12_20_10.xlsx,2010-12-13 12:36:53,0.7911349768370481,69.70663600404964,1.0996998438889953
CS2_37,732,16,CS2_37_12_20_10.xlsx,2010-12-13 12:36:53,0.7883045035601448,69.45724395818016,1.0996769940716096
CS2_37,733,17,CS2_37_12_20_10.xlsx,2010-12-13 12:36:53,0.7883559527085513,69.46177712529537,1.0996894630892524
CS2_37,734,18,CS2_37_12_20_10.xlsx,2010-12-13 12:36:53,0.7884626097930436,69.47117464504059,1.0996707691543404
CS2_37,735,19,CS2_37_12_20_10.xlsx,2010-12-13 12:36:53,0.7875073447624423,69.38700656535116,1.0996882527373557
CS2_37,736,20,CS2_37_12_20_10.xlsx,2010-12-13 12:36:53,0.7856112312084491,69.21994063956062,1.099681948506555
CS2_37,737,21,CS2_37_12_20_10.xlsx,2010-12-13 12:36:53,0.795358945430479,70.07880845231122,1.0996562297316803
CS2_37,738,22,CS2_37_12_20_10.xlsx,2010-12-13 12:36:53,0.7954132199396398,70.08359056100966,1.0996271536268036
CS2_37,739,23,CS2_37_12_20_10.xlsx,2010-12-13 12:36:53,0.79493116882092,70.04111719950782,1.0996583028771412
CS2_37,740,24,CS2_37_12_20_10.xlsx,2010-12-13 12:36:53,0.7789266598876381,68.63096531481163,1.099681954051173
CS2_37,741,25,CS2_37_12_20_10.xlsx,2010-12-13 12:36:53,0.7769853503707687,68.45991718797411,1.099706153308644
CS2_37,742,26,CS2_37_12_20_10.xlsx,2010-12-13 12:36:53,0.7779622022159387,68.5459872746152,1.0996891428442563
CS2_37,743,27,CS2_37_12_20_10.xlsx,2010-12-13 12:36:53,0.77536703392256,68.31732787148903,1.0996955212424784
CS2_37,744,28,CS2_37_12_20_10.xlsx,2010-12-13 12:36:53,0.7733340964802515,68.138206439042,1.0996806425206802
CS2_37,745,29,CS2_37_12_20_10.xlsx,2010-12-13 12:36:53,0.7795862133126903,68.68907834466293,1.0996882499650467
CS2_37,746,30,CS2_37_12_20_10.xlsx,2010-12-13 12:36:53,0.7874249023965163,69.37974259629254,1.0996624601298366
CS2_37,747,31,CS2_37_12_20_10.xlsx,2010-12-13 12:36:53,0.7889925889397098,69.51787092892137,1.0996624573893932
CS2_37,748,32,CS2_37_12_20_10.xlsx,2010-12-13 12:36:53,0.7816832422024795,68.87384685293307,1.0996588343797729
CS2_37,749,33,CS2_37_12_20_10.xlsx,2010-12-13 12:36:53,0.7768187067852921,68.44523427785724,1.0996657652013442
CS2_37,750,34,CS2_37_12_20_10.xlsx,2010-12-13 12:36:53,0.7749162527687545,68.2776096960502,1.0996402488035315
CS2_37,751,35,CS2_37_12_20_10.xlsx,2010-12-13 12:36:53,0.7784828617632513,68.59186241173991,1.0996672441793043
CS2_37,752,36,CS2_37_12_20_10.xlsx,2010-12-13 12:36:53,0.7777775398602493,68.52971673673157,1.0996551317327163
CS2_37,753,37,CS2_37_12_20_10.xlsx,2010-12-13 12:36:53,0.7760588941111983,68.37828743938465,1.0996444968616261
CS2_37,754,38,CS2_37_12_20_10.xlsx,2010-12-13 12:36:53,0.784616195212859,69.13226835355852,1.0996441300525222
CS2_37,755,39,CS2_37_12_20_10.xlsx,2010-12-13 12:36:53,0.7867053456426518,69.31634269337533,1.0996588385382364
CS2_37,756,40,CS2_37_12_20_10.xlsx,2010-12-13 12:36:53,0.7871104143917975,69.35203316425579,1.0996354640215293
CS2_37,757,41,CS2_37_12_20_10.xlsx,2010-12-13 12:36:53,0.7876355679739362,69.39830426927344,1.099635465391751
CS2_37,758,42,CS2_37_12_20_10.xlsx,2010-12-13 12:36:53,0.7878334639737048,69.41574081907393,1.099606381065544
CS2_37,759,43,CS2_37_12_20_10.xlsx,2010-12-13 12:36:53,0.6604812704727152,58.194781998390596,1.0996175645148918
CS2_37,760,44,CS2_37_12_20_10.xlsx,2010-12-13 12:36:53,0.7868687109472958,69.33073675527363,1.099635465391751
CS2_37,761,45,CS2_37_12_20_10.xlsx,2010-12-13 12:36:53,0.7876626110553175,69.40068702605386,1.0996167741972824
CS2_37,762,46,CS2_37_12_20_10.xlsx,2010-12-13 12:36:53,0.7878919250845016,69.42089180783061,1.099614694200713
CS2_37,763,47,CS2_37_12_20_10.xlsx,2010-12-13 12:36:53,0.7879910646396837,69.42962696060354,1.0996209273393127
CS2_37,764,48,CS2_37_12_20_10.xlsx,2010-12-13 12:36:53,0.7874362783117377,69.38074492434626,1.0996126183148087
CS2_37,765,49,CS2_37_12_20_10.xlsx,2010-12-13 12:36:53,0.7874212276060959,69.37941881174791,1.099627152256582
CS2_37,766,50,CS2_37_12_20_10.xlsx,2010-12-13 12:36:53,0.787251135616934,69.36443206394526,1.0997455394131013
CS2_37,767,1,CS2_37_12_23_10.xlsx,2010-12-20 12:10:10,0.798626981895287,70.36675404310168,1.0996885855089535
CS2_37,768,2,CS2_37_12_23_10.xlsx,2010-12-20 12:10:10,0.7895463388806739,69.5666616494712,1.0996458434510505
CS2_37,769,3,CS2_37_12_23_10.xlsx,2010-12-20 12:10:10,0.782542563507074,68.94956136328044,1.09964622869048
CS2_37,770,4,CS2_37_12_23_10.xlsx,2010-12-20 12:10:10,0.7911421615120822,69.7072690433439,1.099625079111121
CS2_37,771,5,CS2_37_12_23_10.xlsx,2010-12-20 12:10:10,0.7902826190973311,69.63153505105521,1.0996084665430004
CS2_37,772,6,CS2_37_12_23_10.xlsx,2010-12-20 12:10:10,0.7892338817134372,69.53913115384009,1.0996167646057304
CS2_37,773,7,CS2_37_12_23_10.xlsx,2010-12-20 12:10:10,0.7771440639255722,68.47390138576276,1.0996487505295698
CS2_37,774,8,CS2_37_12_23_10.xlsx,2010-12-20 12:10:10,0.7700039526502822,67.84478858925247,1.0996657595914954
CS2_37,775,9,CS2_37_12_23_10.xlsx,2010-12-20 12:10:10,0.7679542698018027,67.664191724715,1.0996491880643935
CS2_37,776,10,CS2_37_12_23_10.xlsx,2010-12-20 12:10:10,0.7676520990579405,67.6375675623784,1.099681448368799
CS2_37,777,11,CS2_37_12_23_10.xlsx,2010-12-20 12:10:10,0.7645701751203999,67.36602028360026,1.0996599396069844
CS2_37,778,12,CS2_37_12_23_10.xlsx,2010-12-20 12:10:10,0.7626741967718296,67.19896627071394,1.0996706925687336
CS2_37,779,13,CS2_37_12_23_10.xlsx,2010-12-20 12:10:10,0.7774752570491987,68.50308270019279,1.0996359993429745
CS2_37,780,14,CS2_37_12_23_10.xlsx,2010-12-20 12:10:10,0.7783004593197642,68.57579099395828,1.0996630385864612
CS2_37,781,15,CS2_37_12_23_10.xlsx,2010-12-20 12:10:10,0.7788315119619789,68.62258186316981,1.0996147172395574
CS2_37,782,16,CS2_37_12_23_10.xlsx,2010-12-20 12:10:10,0.7637387698910718,67.2927654492301,1.0996556324618203
CS2_37,783,17,CS2_37_12_23_10.xlsx,2010-12-20 12:10:10,0.7590430917681985,66.87903083341025,1.099745417215738
CS2_37,784,18,CS2_37_12_23_10.xlsx,2010-12-20 12:10:10,0.758778530716393,66.85572044835715,1.0997475902718234
CS2_37,785,19,CS2_37_12_23_10.xlsx,2010-12-20 12:10:10,0.7566484347100282,66.66803840759721,1.0997214676385902
CS2_37,786,20,CS2_37_12_23_10.xlsx,2010-12-20 12:10:10,0.7546805322058177,66.49464718161337,1.0997323530266083
CS2_37,787,21,CS2_37_12_23_10.xlsx,2010-12-20 12:10:10,0.7552714601865507,66.5467136467092,1.099712759615427
CS2_37,788,22,CS2_37_12_23_10.xlsx,2010-12-20 12:10:10,0.7686365211939581,67.72430466479302,1.0996835983934856
CS2_37,789,23,CS2_37_12_23_10.xlsx,2010-12-20 12:10:10,0.6463697220546365,56.95141822630049,1.0996940505336708
CS2_37,790,24,CS2_37_12_23_10.xlsx,2010-12-20 12:10:10,0.7692915484933778,67.78201889924125,1.0996742599150713
CS2_37,791,25,CS2_37_12_23_10.xlsx,2010-12-20 12:10:10,0.7575249309193417,66.74526619300724,1.099732354462865
CS2_37,792,26,CS2_37_12_23_10.xlsx,2010-12-20 12:10:10,0.7511830373017183,66.18648408512031,1.0997139811515808
CS2_37,793,27,CS2_37_12_23_10.xlsx,2010-12-20 12:10:10,0.7481417140976632,65.91851412327725,1.0996963483531301
CS2_37,795,1,CS2_37_1_10_11.xlsx,2011-01-03 10:38:25,0.800980866364356,70.57415400983929,1.0996721603653647
CS2_37,796,2,CS2_37_1_10_11.xlsx,2011-01-03 10:38:25,0.792092045149262,69.79096297027381,1.0996666091612015
CS2_37,797,3,CS2_37_1_10_11.xlsx,2011-01-03 10:38:25,0.7519599497739169,66.25493758103711,1.0997519450015332
CS2_37,798,4,CS2_37_1_10_11.xlsx,2011-01-03 10:38:25,0.735210489050433,64.7791482453363,1.0997464656829834
CS2_37,799,5,CS2_37_1_10_11.xlsx,2011-01-03 10:38:25,0.754787397581143,66.50406305379364,1.0996801020151161
CS2_37,800,6,CS2_37_1_10_11.xlsx,2011-01-03 10:38:25,0.7565584997500516,66.66011426860365,1.0996779246502613
CS2_37,801,7,CS2_37_1_10_11.xlsx,2011-01-03 10:38:25,0.7562596899531879,66.63378623817363,1.0996648647699012
CS2_37,802,8,CS2_37_1_10_11.xlsx,2011-01-03 10:38:25,0.7254343830909313,63.917778846172,1.099759431183338
CS2_37,803,9,CS2_37_1_10_11.xlsx,2011-01-03 10:38:25,0.7130351855301393,62.82528973063837,1.099742993523803
CS2_37,804,10,CS2_37_1_10_11.xlsx,2011-01-03 10:38:25,0.704814637241447,62.10097999324747,1.0997168574577723
CS2_37,805,11,CS2_37_1_10_11.xlsx,2011-01-03 10:38:25,0.696770800816612,61.392240278586144,1.0997463758889732
CS2_37,806,12,CS2_37_1_10_11.xlsx,2011-01-03 10:38:25,0.695133649570316,61.24799143439348,1.0997111781851037
CS2_37,807,13,CS2_37_1_10_11.xlsx,2011-01-03 10:38:25,0.6877253897966735,60.59525216412468,1.0997505156617415
CS2_37,808,14,CS2_37_1_10_11.xlsx,2011-01-03 10:38:25,0.7083477140562273,62.41227819989087,1.0996821125348408
CS2_37,809,15,CS2_37_1_10_11.xlsx,2011-01-03 10:38:25,0.7133981455412304,62.85727001480972,1.0996658878448682
CS2_37,810,16,CS2_37_1_10_11.xlsx,2011-01-03 10:38:25,0.7184503285658561,63.302416157294026,1.099672080595282
CS2_37,811,17,CS2_37_1_10_11.xlsx,2011-01-03 10:38:25,0.6908166919641747,60.86762575558191,1.0997291160257239
CS2_37,812,18,CS2_37_1_10_11.xlsx,2011-01-03 10:38:25,0.6807441635368239,59.98013867274192,1.099749943415324
CS2_37,813,19,CS2_37_1_10_11.xlsx,2011-01-03 10:38:25,0.6792642771039965,59.849746378227465,1.099749943415324
CS2_37,814,20,CS2_37_1_10_11.xlsx,2011-01-03 10:38:25,0.6744038782063289,59.421498270491504,1.0997566838522215
CS2_37,815,21,CS2_37_1_10_11.xlsx,2011-01-03 10:38:25,0.6726641232776629,59.26820905044764,1.0997444745656606
CS2_37,816,22,CS2_37_1_10_11.xlsx,2011-01-03 10:38:25,0.6643350595355546,58.534338053052394,1.0997339046164736
CS2_37,817,23,CS2_37_1_10_11.xlsx,2011-01-03 10:38:25,0.6734135794539409,59.33424338139033,1.0997298230996002
CS2_37,818,24,CS2_37_1_10_11.xlsx,2011-01-03 10:38:25,0.6907743693906276,60.86389672789968,1.0997053400466317
CS2_37,819,25,CS2_37_1_10_11.xlsx,2011-01-03 10:38:25,0.561006100098286,49.43005828404598,1.0996563280782392
CS2_37,820,26,CS2_37_1_10_11.xlsx,2011-01-03 10:38:25,0.6951282824115452,61.24751853584422,1.0996595450810023
CS2_37,821,27,CS2_37_1_10_11.xlsx,2011-01-03 10:38:25,0.6628063811189939,58.39964671330596,1.0997314322484684
CS2_37,822,28,CS2_37_1_10_11.xlsx,2011-01-03 10:38:25,0.6535554236539447,57.584547970884984,1.0997230427132711
CS2_37,823,29,CS2_37_1_10_11.xlsx,2011-01-03 10:38:25,0.6536336346618299,57.59143911641359,1.099725549419721
CS2_37,824,30,CS2_37_1_10_11.xlsx,2011-01-03 10:38:25,0.6505332368992747,57.31826411514359,1.099735587835312
CS2_37,825,31,CS2_37_1_10_11.xlsx,2011-01-03 10:38:25,0.6496484409760122,57.24030504473653,1.099735591146681
CS2_37,826,32,CS2_37_1_10_11.xlsx,2011-01-03 10:38:25,0.641691631461704,56.53923324181247,1.0997576847882338
CS2_37,827,33,CS2_37_1_10_11.xlsx,2011-01-03 10:38:25,0.6368767250264291,56.11499345959589,1.0997623358454023
CS2_37,828,34,CS2_37_1_10_11.xlsx,2011-01-03 10:38:25,0.6335596009838937,55.822722778886344,1.099739100251879
CS2_37,829,35,CS2_37_1_10_11.xlsx,2011-01-03 10:38:25,0.6301992962016989,55.52664745776782,1.0997003810746329
CS2_37,830,36,CS2_37_1_10_11.xlsx,2011-01-03 10:38:25,0.6280000810264497,55.33287535034746,1.0997184532029287
CS2_37,831,37,CS2_37_1_10_11.xlsx,2011-01-03 10:38:25,0.6245234592367872,55.026551376928104,1.0997121230415676
CS2_37,832,38,CS2_37_1_10_11.xlsx,2011-01-03 10:38:25,0.6230824135380644,54.899581326396806,1.0997095073478809
CS2_37,833,39,CS2_37_1_10_11.xlsx,2011-01-03 10:38:25,0.6290001781971917,55.420993574785335,1.099728775024414
CS2_37,834,40,CS2_37_1_10_11.xlsx,2011-01-03 10:38:25,0.6374424358458803,56.16483804911548,1.0997339384896414
CS2_37,835,41,CS2_37_1_10_11.xlsx,2011-01-03 10:38:25,0.64246414619193,56.607299254167174,1.0996864161021274
CS2_37,836,42,CS2_37_1_10_11.xlsx,2011-01-03 10:38:25,0.6392598522761581,56.32496999787554,1.0996762413374135
CS2_37,837,43,CS2_37_1_10_11.xlsx,2011-01-03 10:38:25,0.6387544749204288,56.28044136949741,1.0996797238077436
CS2_37,838,44,CS2_37_1_10_11.xlsx,2011-01-03 10:38:25,0.6380939808296837,56.222245457909146,1.0996771454811096
CS2_37,839,45,CS2_37_1_10_11.xlsx,2011-01-03 10:38:25,0.6382094908058207,56.23242300295159,1.0996745671544756
CS2_37,840,46,CS2_37_1_10_11.xlsx,2011-01-03 10:38:25,0.6391633723705326,56.31646918592808,1.0996889648303179
CS2_37,841,47,CS2_37_1_10_11.xlsx,2011-01-03 10:38:25,0.6396472349146798,56.359102151513426,1.0996889614723098
CS2_37,842,48,CS2_37_1_10_11.xlsx,2011-01-03 10:38:25,0.639702735154188,56.36399225889941,1.0997704082811381
CS2_37,843,49,CS2_37_1_10_11.xlsx,2011-01-03 10:38:25,0.6394546669022958,56.34213504888458,1.09979840903215
CS2_37,844,50,CS2_37_1_10_11.xlsx,2011-01-03 10:38:25,0.6397190580112309,56.36543046032868,1.0997907695635942
CS2_37,845,1,CS2_37_1_18_11.xlsx,2011-01-10 11:47:49,0.670958289258065,59.11790859026216,1.0997054077483512
CS2_37,846,2,CS2_37_1_18_11.xlsx,2011-01-10 11:47:49,0.5440997646696739,47.940446770981296,1.099675856033961
CS2_37,847,3,CS2_37_1_18_11.xlsx,2011-01-10 11:47:49,0.6588554577255121,58.05153218552918,1.099667822321256
CS2_37,848,4,CS2_37_1_18_11.xlsx,2011-01-10 11:47:49,0.6491910451308109,57.200004051069584,1.0996828807724848
CS2_37,849,5,CS2_37_1_18_11.xlsx,2011-01-10 11:47:49,0.6446031617828929,56.79576719651798,1.0996660531406672
CS2_37,850,6,CS2_37_1_18_11.xlsx,2011-01-10 11:47:49,0.6401385876399881,56.40239507443488,1.0996889631513138
CS2_37,851,7,CS2_37_1_18_11.xlsx,2011-01-10 11:47:49,0.6369102236389077,56.11794501104419,1.0996719820158822
CS2_37,852,8,CS2_37_1_18_11.xlsx,2011-01-10 11:47:49,0.6350103239993059,55.950545494527525,1.0997029611042568
CS2_37,853,9,CS2_37_1_18_11.xlsx,2011-01-10 11:47:49,0.6326952516894906,55.74656525405259,1.0996797272137233
CS2_37,854,10,CS2_37_1_18_11.xlsx,2011-01-10 11:47:49,0.6437203796338729,56.7179855590803,1.0996838740899528
CS2_37,855,11,CS2_37_1_18_11.xlsx,2011-01-10 11:47:49,0.6375248036248626,56.172095446343626,1.099669407095228
CS2_37,856,12,CS2_37_1_18_11.xlsx,2011-01-10 11:47:49,0.6381590010471685,56.22797436734409,1.099671983718872
CS2_37,857,13,CS2_37_1_18_11.xlsx,2011-01-10 11:47:49,0.6354089494870854,55.98566825182195,1.099641009739467
CS2_37,858,14,CS2_37_1_18_11.xlsx,2011-01-10 11:47:49,0.6293614618198902,55.45282615294078,1.0996387989624687
CS2_37,859,15,CS2_37_1_18_11.xlsx,2011-01-10 11:47:49,0.6256539781075929,55.126161013374755,1.09961524044258
CS2_37,860,16,CS2_37_1_18_11.xlsx,2011-01-10 11:47:49,0.6221679798285411,54.819010880637464,1.0996388024178103
CS2_37,861,17,CS2_37_1_18_11.xlsx,2011-01-10 11:47:49,0.618823769097304,54.524353600921216,1.0996365371872396
CS2_37,862,18,CS2_37_1_18_11.xlsx,2011-01-10 11:47:49,0.61649592932182,54.31924842335195,1.099692330640905
CS2_37,863,19,CS2_37_1_18_11.xlsx,2011-01-10 11:47:49,0.6158758629024597,54.26461458025543,1.0997029595515306
CS2_37,864,20,CS2_37_1_18_11.xlsx,2011-01-10 11:47:49,0.6162252946341589,54.2954028922919,1.099718903794008
CS2_37,865,21,CS2_37_1_18_11.xlsx,2011-01-10 11:47:49,0.635933594072748,56.03189450933175,1.099604879106794
CS2_37,866,22,CS2_37_1_18_11.xlsx,2011-01-10 11:47:49,0.6211117297491704,54.725945042357495,1.099689674728057
CS2_37,867,23,CS2_37_1_18_11.xlsx,2011-01-10 11:47:49,0.6117650938996562,53.90241610974821,1.0996870188152088
CS2_37,868,24,CS2_37_1_18_11.xlsx,2011-01-10 11:47:49,0.604986470105267,53.305153853270824,1.0997043082963174
CS2_37,869,25,CS2_37_1_18_11.xlsx,2011-01-10 11:47:49,0.5996499955982841,52.83495888415146,1.0996865286971584
CS2_37,870,26,CS2_37_1_18_11.xlsx,2011-01-10 11:47:49,0.59761392819496,52.65556167189489,1.0996920050996724
CS2_37,871,27,CS2_37_1_18_11.xlsx,2011-01-10 11:47:49,0.5925647935990135,52.210684125433446,1.0996974851145889
CS2_37,872,28,CS2_37_1_18_11.xlsx,2011-01-10 11:47:49,0.590572694929616,52.035160983495,1.0996960108096783
CS2_37,873,29,CS2_37_1_18_11.xlsx,2011-01-10 11:47:49,0.5859363507207576,51.62665425882905,1.099690451988807
CS2_37,874,30,CS2_37_1_18_11.xlsx,2011-01-10 11:47:49,0.5853251170300489,51.572798664475236,1.0996793288450974
CS2_37,875,31,CS2_37_1_18_11.xlsx,2011-01-10 11:47:49,0.5895768697687807,51.94741916440928,1.0996960108096783
CS2_37,876,32,CS2_37_1_18_11.xlsx,2011-01-10 11:47:49,0.5846649617567792,51.514632605980474,1.0996876661594097
CS2_37,877,33,CS2_37_1_18_11.xlsx,2011-01-10 11:47:49,0.5853860831515867,51.57817036888351,1.0996793288450974
CS2_37,878,34,CS2_37_1_18_11.xlsx,2011-01-10 11:47:49,0.5833679260274955,51.40035122529005,1.0997029598802328
CS2_37,879,35,CS2_37_1_18_11.xlsx,2011-01-10 11:47:49,0.5769714991995087,50.83676421462897,1.099705781787634
CS2_37,880,36,CS2_37_1_18_11.xlsx,2011-01-10 11:47:49,0.5717464712706679,50.37638876592507,1.0996699730555217
CS2_37,881,37,CS2_37_1_18_11.xlsx,2011-01-10 11:47:49,0.5683584042798877,50.07786732597073,1.0997158648475769
CS2_37,882,38,CS2_37_1_18_11.xlsx,2011-01-10 11:47:49,0.5595008242546449,49.29742893710713,1.0997204472941737
CS2_37,883,39,CS2_37_1_18_11.xlsx,2011-01-10 11:47:49,0.5561016440784989,48.997928318138044,1.0996971303416836
CS2_37,884,40,CS2_37_1_18_11.xlsx,2011-01-10 11:47:49,0.5530328098046944,48.72753436521728,1.0997192566512062
CS2_37,885,41,CS2_37_1_18_11.xlsx,2011-01-10 11:47:49,0.5536070589583204,48.77813126448153,1.0996748208999634
CS2_37,886,42,CS2_37_1_18_11.xlsx,2011-01-10 11:47:49,0.556798130936329,49.05929554029584,1.0997117046386964
CS2_37,887,43,CS2_37_1_18_11.xlsx,2011-01-10 11:47:49,0.5529941167406172,48.72412513239042,1.0997429519403177
CS2_37,888,44,CS2_37_1_18_11.xlsx,2011-01-10 11:47:49,0.5520829695861558,48.64384426388921,1.0997251780306707
CS2_37,889,45,CS2_37_1_18_11.xlsx,2011-01-10 11:47:49,0.5483889138855282,48.318362261902884,1.0997192507884541
CS2_37,890,46,CS2_37_1_18_11.xlsx,2011-01-10 11:47:49,0.5430907523922563,47.851543039500775,1.099739102522532
CS2_37,891,47,CS2_37_1_18_11.xlsx,2011-01-10 11:47:49,0.5377193712430852,47.37827245791024,1.0997511486212412
CS2_37,892,48,CS2_37_1_18_11.xlsx,2011-01-10 11:47:49,0.5369134455548483,47.30726261731282,1.0998445192972819
CS2_37,893,49,CS2_37_1_18_11.xlsx,2011-01-10 11:47:49,0.532352242033209,46.90537651325704,1.099848448219946
CS2_37,894,50,CS2_37_1_18_11.xlsx,2011-01-10 11:47:49,0.5313546878359965,46.81748234935923,1.0998515112925384
CS2_37,895,1,CS2_37_1_24_11.xlsx,2011-01-18 13:17:53,0.547920493401054,48.27708989098758,1.0997103687192573
CS2_37,896,2,CS2_37_1_24_11.xlsx,2011-01-18 13:17:53,0.537052617843264,47.31952504071019,1.099701426796994
CS2_37,897,3,CS2_37_1_24_11.xlsx,2011-01-18 13:17:53,0.5242558488646751,46.192006041632816,1.0996936169163933
CS2_37,898,4,CS2_37_1_24_11.xlsx,2011-01-18 13:17:53,0.5156617290965699,45.434781047175385,1.099691865736978
CS2_37,899,5,CS2_37_1_24_11.xlsx,2011-01-18 13:17:53,0.5130573891807111,45.20531353548555,1.099695044651366
CS2_37,900,6,CS2_37_1_24_11.xlsx,2011-01-18 13:17:53,0.5103404657783699,44.965926330769804,1.0997045416581004
CS2_37,901,7,CS2_37_1_24_11.xlsx,2011-01-18 13:17:53,0.5059429260281489,44.57846058641916,1.099696506346975
CS2_37,902,8,CS2_37_1_24_11.xlsx,2011-01-18 13:17:53,0.5029581313968108,44.315471338054294,1.0996803705181395
CS2_37,905,11,CS2_37_1_24_11.xlsx,2011-01-18 13:17:53,0.5021165627503255,44.24132100842596,1.0996577824865068
CS2_37,906,12,CS2_37_1_24_11.xlsx,2011-01-18 13:17:53,0.5062769973669461,44.607895499417225,1.0996577867439814
CS2_38,1,1,CS2_38_8_17_10.xlsx,2010-08-16 13:45:26,1.139523791577926,100.0,1.0995886386397051
CS2_38,2,1,CS2_38_8_18_10.xlsx,2010-08-17 14:31:24,1.138201215011273,99.88393602867902,1.0995413732528687
CS2_38,3,1,CS2_38_8_19_10.xlsx,2010-08-18 10:59:55,1.137782647927788,99.84720427401284,1.0995183019638062
CS2_38,4,1,CS2_38_8_30_10.xlsx,2010-08-19 14:22:08,1.13657769522771,99.741462497581,1.0995168552398682
CS2_38,5,2,CS2_38_8_30_10.xlsx,2010-08-19 14:22:08,1.1349006888698079,99.5942952010053,1.0994980993270873
CS2_38,6,3,CS2_38_8_30_10.xlsx,2010-08-19 14:22:08,1.133634758366525,99.48320225914316,1.099477907180786
CS2_38,7,4,CS2_38_8_30_10.xlsx,2010-08-19 14:22:08,1.1255019906180386,98.76950344841234,1.0994992525346818
CS2_38,8,5,CS2_38_8_30_10.xlsx,2010-08-19 14:22:08,1.1141365979715472,97.77212254855824,1.099500135320132
CS2_38,9,6,CS2_38_8_30_10.xlsx,2010-08-19 14:22:08,1.1097239512348844,97.38488651458721,1.0995030901471123
CS2_38,10,7,CS2_38_8_30_10.xlsx,2010-08-19 14:22:08,1.1066326715507433,97.11360830986797,1.0994986598608925
CS2_38,11,8,CS2_38_8_30_10.xlsx,2010-08-19 14:22:08,1.1022135577292964,96.72580475068754,1.0995147454837138
CS2_38,12,9,CS2_38_8_30_10.xlsx,2010-08-19 14:22:08,1.1098872977308343,97.39922114253943,1.0995016117564966
CS2_38,13,10,CS2_38_8_30_10.xlsx,2010-08-19 14:22:08,1.1120765053508848,97.59133715066763,1.099495705033912
CS2_38,14,11,CS2_38_8_30_10.xlsx,2010-08-19 14:22:08,1.1124094344838404,97.62055366509377,1.0994960263492615
CS2_38,15,12,CS2_38_8_30_10.xlsx,2010-08-19 14:22:08,1.1120854324926022,97.59212056052561,1.099490164741268
CS2_38,16,13,CS2_38_8_30_10.xlsx,2010-08-19 14:22:08,1.1115539095880873,97.54547625977092,1.0994868385987204
CS2_38,17,14,CS2_38_8_30_10.xlsx,2010-08-19 14:22:08,1.111246707740296,97.51851746785613,1.0994705802104512
CS2_38,18,15,CS2_38_8_30_10.xlsx,2010-08-19 14:22:08,1.1105883832797652,97.4607455752992,1.099436595791676
CS2_38,19,16,CS2_38_8_30_10.xlsx,2010-08-19 14:22:08,1.1100267597993785,97.4114597697252,1.0994691037740865
CS2_38,20,17,CS2_38_8_30_10.xlsx,2010-08-19 14:22:08,1.1092168708588837,97.34038719129545,1.0994720605553174
CS2_38,21,18,CS2_38_8_30_10.xlsx,2010-08-19 14:22:08,1.1084759466264487,97.27536667676902,1.0994617137752596
CS2_38,22,19,CS2_38_8_30_10.xlsx,2010-08-19 14:22:08,1.1078006336251498,97.21610393857172,1.0994631882573738
CS2_38,23,20,CS2_38_8_30_10.xlsx,2010-08-19 14:22:08,1.1072185520719309,97.16502281525327,1.0994572864204157
CS2_38,24,21,CS2_38_8_30_10.xlsx,2010-08-19 14:22:08,1.106670160151026,97.11689815783427,1.099454327684934
CS2_38,25,22,CS2_38_8_30_10.xlsx,2010-08-19 14:22:08,1.1060458154512425,97.0621081916749,1.0994853562996036
CS2_38,26,23,CS2_38_8_30_10.xlsx,2010-08-19 14:22:08,1.1052863669303576,96.99546206050171,1.0994469347547313
CS2_38,27,24,CS2_38_8_30_10.xlsx,2010-08-19 14:22:08,1.1045634187461566,96.93201905127765,1.099454324753558
CS2_38,28,25,CS2_38_8_30_10.xlsx,2010-08-19 14:22:08,1.0901271617547152,95.66515151431723,1.099475508928299
CS2_38,29,26,CS2_38_8_30_10.xlsx,2010-08-19 14:22:08,1.0846098893088545,95.18097799493674,1.0994840930489933
CS2_38,30,27,CS2_38_8_30_10.xlsx,2010-08-19 14:22:08,1.0814778489151706,94.90612279517414,1.0995007553020446
CS2_38,31,28,CS2_38_8_30_10.xlsx,2010-08-19 14:22:08,1.078956013588197,94.68481672454953,1.0994689424498743
CS2_38,32,29,CS2_38_8_30_10.xlsx,2010-08-19 14:22:08,1.076516534352045,94.47073789142803,1.099478029403366
CS2_38,33,30,CS2_38_8_30_10.xlsx,2010-08-19 14:22:08,1.0888757561706939,95.55533322063434,1.0994920323292414
CS2_38,34,31,CS2_38_8_30_10.xlsx,2010-08-19 14:22:08,1.090979969267572,95.73999045310548,1.0994770089785257
CS2_38,35,32,CS2_38_8_30_10.xlsx,2010-08-19 14:22:08,1.0770842481560479,94.52055815917485,1.0994901556928618
CS2_38,36,33,CS2_38_8_30_10.xlsx,2010-08-19 14:22:08,1.0710422629291259,93.99033796793553,1.0994851841764934
CS2_38,37,34,CS2_38_8_30_10.xlsx,2010-08-19 14:22:08,1.0709958605835723,93.98626588572921,1.0994729611833216
CS2_38,38,35,CS2_38_8_30_10.xlsx,2010-08-19 14:22:08,1.0692804449333124,93.83572794497377,1.0994821271653903
CS2_38,39,36,CS2_38_8_30_10.xlsx,2010-08-19 14:22:08,1.0687207962078276,93.78661543590452,1.0994607381901498
CS2_38,40,37,CS2_38_8_30_10.xlsx,2010-08-19 14:22:08,1.080376856552455,94.80950415755964,1.0994522791950643
CS2_38,41,38,CS2_38_8_30_10.xlsx,2010-08-19 14:22:08,1.0823385600487327,94.98165532375525,1.0994704611161177
CS2_38,42,39,CS2_38_8_30_10.xlsx,2010-08-19 14:22:08,1.0685290046762432,93.7697845866496,1.0994714326777701
CS2_38,43,40,CS2_38_8_30_10.xlsx,2010-08-19 14:22:08,1.0652275806343496,93.48006496286519,1.099477050650833
CS2_38,44,41,CS2_38_8_30_10.xlsx,2010-08-19 14:22:08,1.0649681856980067,93.4573015121799,1.0994493095283835
CS2_38,45,42,CS2_38_8_30_10.xlsx,2010-08-19 14:22:08,1.0649829231798904,93.45859481399532,1.0994539383130195
CS2_38,46,43,CS2_38_8_30_10.xlsx,2010-08-19 14:22:08,1.0614914253676915,93.15219508473965,1.0994446909325755
CS2_38,47,44,CS2_38_8_30_10.xlsx,2010-08-19 14:22:08,1.0731266663201424,94.17325678072575,1.0994546322499292
CS2_38,48,45,CS2_38_8_30_10.xlsx,2010-08-19 14:22:08,1.0755370950308532,94.3847862572076,1.0994553105169986
CS2_38,49,46,CS2_38_8_30_10.xlsx,2010-08-19 14:22:08,1.0646519371651095,93.42954881976272,1.0994755080622485
CS2_38,50,47,CS2_38_8_30_10.xlsx,2010-08-19 14:22:08,1.06102307259372,93.11109433919724,1.099477045556419
CS2_38,51,48,CS2_38_8_30_10.xlsx,2010-08-19 14:22:08,1.0595876473228714,92.98512722192794,1.0994585558899448
CS2_38,52,49,CS2_38_8_30_10.xlsx,2010-08-19 14:22:08,1.0592787629779323,92.95802078086703,1.0994708843720264
CS2_38,53,50,CS2_38_8_30_10.xlsx,2010-08-19 14:22:08,1.0563564140346458,92.70156725485158,1.0996018760224693
CS2_38,54,1,CS2_38_9_7_10.xlsx,2010-08-31 13:30:16,1.103042117131989,96.79851577338111,1.0995177217751495
CS2_38,55,2,CS2_38_9_7_10.xlsx,2010-08-31 13:30:16,1.10123183536115,96.63965276549847,1.0995058018313952
CS2_38,56,3,CS2_38_9_7_10.xlsx,2010-08-31 13:30:16,1.104258534284754,96.90526362382137,1.0994927462984303
CS2_38,57,4,CS2_38_9_7_10.xlsx,2010-08-31 13:30:16,1.1033394929749063,96.82461227484207,1.0994750114737963
CS2_38,58,5,CS2_38_9_7_10.xlsx,2010-08-31 13:30:16,1.0914332314850226,95.77976691243005,1.0995072934253156
CS2_38,59,6,CS2_38_9_7_10.xlsx,2010-08-31 13:30:16,1.0879623007073302,95.47517206295471,1.0994740058978398
CS2_38,60,7,CS2_38_9_7_10.xlsx,2010-08-31 13:30:16,1.0854165618033997,95.25176831107646,1.0994830181201298
CS2_38,61,8,CS2_38_9_7_10.xlsx,2010-08-31 13:30:16,1.0813346681240787,94.89355782793518,1.0994785100221633
CS2_38,62,9,CS2_38_9_7_10.xlsx,2010-08-31 13:30:16,1.0799085963672717,94.7684115372349,1.0994725008805593
CS2_38,63,10,CS2_38_9_7_10.xlsx,2010-08-31 13:30:16,1.0789391344883974,94.68333548300598,1.099475504954656
CS2_38,64,11,CS2_38_9_7_10.xlsx,2010-08-31 13:30:16,1.0735980602344384,94.21462440444543,1.0994810607253003
CS2_38,65,12,CS2_38_9_7_10.xlsx,2010-08-31 13:30:16,1.0679735899537306,93.72104363655997,1.099466855243101
CS2_38,66,13,CS2_38_9_7_10.xlsx,2010-08-31 13:30:16,1.066344883617985,93.57811495461551,1.0994912901167142
CS2_38,67,14,CS2_38_9_7_10.xlsx,2010-08-31 13:30:16,1.062953981690855,93.28054311344893,1.0994103146811662
CS2_38,68,15,CS2_38_9_7_10.xlsx,2010-08-31 13:30:16,1.0603676502546673,93.0535771250858,1.0994107947390304
CS2_38,69,16,CS2_38_9_7_10.xlsx,2010-08-31 13:30:16,0.8972451240640211,78.73860385324507,1.0993859720230104
CS2_38,70,17,CS2_38_9_7_10.xlsx,2010-08-31 13:30:16,1.0623643976855277,93.22880360527148,1.0993812922704018
CS2_38,71,18,CS2_38_9_7_10.xlsx,2010-08-31 13:30:16,1.0593688385617845,92.9659254498628,1.0993858777870567
CS2_38,72,19,CS2_38_9_7_10.xlsx,2010-08-31 13:30:16,1.052461221029784,92.35974086793006,1.0993984662569487
CS2_38,73,20,CS2_38_9_7_10.xlsx,2010-08-31 13:30:16,1.0524471191603695,92.35850334489469,1.0993815151035276
CS2_38,74,21,CS2_38_9_7_10.xlsx,2010-08-31 13:30:16,1.051938891846401,92.31390337096481,1.0993784329830072
CS2_38,75,22,CS2_38_9_7_10.xlsx,2010-08-31 13:30:16,1.048338662640706,91.99796181429845,1.099394174485371
CS2_38,76,23,CS2_38_9_7_10.xlsx,2010-08-31 13:30:16,1.0546400937989624,92.55094993133727,1.0993768914133055
CS2_38,77,24,CS2_38_9_7_10.xlsx,2010-08-31 13:30:16,1.0545684743441832,92.544664897597,1.0993953831175454
CS2_38,78,25,CS2_38_9_7_10.xlsx,2010-08-31 13:30:16,1.0536291021635087,92.46222939360689,1.099389221933153
CS2_38,79,26,CS2_38_9_7_10.xlsx,2010-08-31 13:30:16,1.0525421351108868,92.36684156049138,1.099392299978142
CS2_38,80,27,CS2_38_9_7_10.xlsx,2010-08-31 13:30:16,1.0515942318457476,92.28365740302621,1.0994107927012646
CS2_38,81,28,CS2_38_9_7_10.xlsx,2010-08-31 13:30:16,1.0519377300887918,92.31380141981488,1.0993938395100782
CS2_38,82,29,CS2_38_9_7_10.xlsx,2010-08-31 13:30:16,1.0507601896369145,92.21046523143687,1.0994000098644159
CS2_38,83,30,CS2_38_9_7_10.xlsx,2010-08-31 13:30:16,1.0495616991201508,92.10529055008124,1.0993817448616028
CS2_38,84,31,CS2_38_9_7_10.xlsx,2010-08-31 13:30:16,1.0484136382241616,92.00454136832002,1.0994003928940872
CS2_38,85,32,CS2_38_9_7_10.xlsx,2010-08-31 13:30:16,1.0475262851117222,91.92667084740613,1.0993770792566497
CS2_38,86,33,CS2_38_9_7_10.xlsx,2010-08-31 13:30:16,1.0465112120368403,91.83759213905583,1.0993926155156102
CS2_38,87,34,CS2_38_9_7_10.xlsx,2010-08-31 13:30:16,1.045668835439585,91.76366857524076,1.099391068877845
CS2_38,88,35,CS2_38_9_7_10.xlsx,2010-08-31 13:30:16,0.8893844725559248,78.04878486340094,1.0994044915594237
CS2_38,89,36,CS2_38_9_7_10.xlsx,2010-08-31 13:30:16,1.0452782651290633,91.72939370415789,1.0993910678501786
CS2_38,90,37,CS2_38_9_7_10.xlsx,2010-08-31 13:30:16,1.0436846010364746,91.58954018777085,1.0993957293444667
CS2_38,91,38,CS2_38_9_7_10.xlsx,2010-08-31 13:30:16,1.042650116039745,91.49875796765615,1.0994081599959011
CS2_38,92,39,CS2_38_9_7_10.xlsx,2010-08-31 13:30:16,1.0420584845324825,91.44683877898846,1.099386407383557
CS2_38,93,40,CS2_38_9_7_10.xlsx,2010-08-31 13:30:16,1.028802495061747,90.28354674693885,1.0994075066164921
CS2_38,94,41,CS2_38_9_7_10.xlsx,2010-08-31 13:30:16,1.0274932444327831,90.1686522060227,1.0994075066164921
CS2_38,95,42,CS2_38_9_7_10.xlsx,2010-08-31 13:30:16,1.0262562618918594,90.0600996202789,1.0994138309830113
CS2_38,97,1,CS2_38_9_14_10.xlsx,2010-09-07 10:44:17,1.041462487241435,91.39453646678996,1.0994128235455216
CS2_38,98,2,CS2_38_9_14_10.xlsx,2010-09-07 10:44:17,1.0434352172439951,91.56765527458846,1.0994337030079053
CS2_38,99,3,CS2_38_9_14_10.xlsx,2010-09-07 10:44:17,1.0406802594005589,91.32589131460817,1.0994274357090825
CS2_38,100,4,CS2_38_9_14_10.xlsx,2010-09-07 10:44:17,1.047993131855351,91.96763942981566,1.0994314767163376
CS2_38,101,5,CS2_38_9_14_10.xlsx,2010-09-07 10:44:17,1.0487057528076722,92.03017616293067,1.0994283649428138
CS2_38,102,6,CS2_38_9_14_10.xlsx,2010-09-07 10:44:17,1.0410146592768097,91.35523689551859,1.0994221506447628
CS2_38,103,7,CS2_38_9_14_10.xlsx,2010-09-07 10:44:17,1.0379292651260403,91.08447518140844,1.0994180275046308
CS2_38,104,8,CS2_38_9_14_10.xlsx,2010-09-07 10:44:17,1.036910222248257,90.9950480992084,1.0994039183077604
CS2_38,105,9,CS2_38_9_14_10.xlsx,2010-09-07 10:44:17,1.0363491892634134,90.94581411313544,1.0994039203809656
CS2_38,106,10,CS2_38_9_14_10.xlsx,2010-09-07 10:44:17,1.0334997721200843,90.6957607869663,1.099378836673239
CS2_38,107,11,CS2_38_9_14_10.xlsx,2010-09-07 10:44:17,1.0430106903659109,91.53040051244818,1.0993895099080842
CS2_38,108,12,CS2_38_9_14_10.xlsx,2010-09-07 10:44:17,1.0441604320340225,91.63129719197426,1.09939417756837
CS2_38,109,13,CS2_38_9_14_10.xlsx,2010-09-07 10:44:17,1.034515207854902,90.78487132088607,1.0993819692860478
CS2_38,110,14,CS2_38_9_14_10.xlsx,2010-09-07 10:44:17,1.0308935269099884,90.46704724633132,1.0994011801585817
CS2_38,111,15,CS2_38_9_14_10.xlsx,2010-09-07 10:44:17,1.0276337852395212,90.18098549891022,1.0994011822499727
CS2_38,112,16,CS2_38_9_14_10.xlsx,2010-09-07 10:44:17,1.0278726291306217,90.2019454729683,1.0994027570674294
CS2_38,113,17,CS2_38_9_14_10.xlsx,2010-09-07 10:44:17,1.0239182578209558,89.85492583731943,1.0994217406239426
CS2_38,114,18,CS2_38_9_14_10.xlsx,2010-09-07 10:44:17,1.0368234562508434,90.98743386613535,1.0993913754172948
CS2_38,115,19,CS2_38_9_14_10.xlsx,2010-09-07 10:44:17,1.0380939873002504,91.09893053332189,1.0994133244390074
CS2_38,116,20,CS2_38_9_14_10.xlsx,2010-09-07 10:44:17,1.0286570201219014,90.27078045448225,1.0994248996701157
CS2_38,117,21,CS2_38_9_14_10.xlsx,2010-09-07 10:44:17,1.0242783825383732,89.8865289262658,1.099412250937077
CS2_38,118,22,CS2_38_9_14_10.xlsx,2010-09-07 10:44:17,1.0237205612694247,89.83757678739241,1.0994027664786892
CS2_38,119,23,CS2_38_9_14_10.xlsx,2010-09-07 10:44:17,1.0248138999417904,89.9335237680914,1.0993999928499745
CS2_38,120,24,CS2_38_9_14_10.xlsx,2010-09-07 10:44:17,1.021555645342712,89.64759252004202,1.0994036101869173
CS2_38,121,25,CS2_38_9_14_10.xlsx,2010-09-07 10:44:17,0.8826996093916755,77.46214830401918,1.0994068347677892
CS2_38,122,26,CS2_38_9_14_10.xlsx,2010-09-07 10:44:17,1.0324373963549824,90.60253098580256,1.0993932705176503
CS2_38,123,27,CS2_38_9_14_10.xlsx,2010-09-07 10:44:17,1.032674094065122,90.62330261969814,1.0993885324712385
CS2_38,124,28,CS2_38_9_14_10.xlsx,2010-09-07 10:44:17,1.0356770226610266,90.88682749018339,1.099380404016246
CS2_38,125,29,CS2_38_9_14_10.xlsx,2010-09-07 10:44:17,1.0367788690456265,90.98352107330501,1.0993882407312807
CS2_38,126,30,CS2_38_9_14_10.xlsx,2010-09-07 10:44:17,1.0373579859153885,91.03434202799171,1.09937569991402
CS2_38,127,31,CS2_38_9_14_10.xlsx,2010-09-07 10:44:17,1.0380948328065713,91.09900473153759,1.0993631549503493
CS2_38,128,32,CS2_38_9_14_10.xlsx,2010-09-07 10:44:17,1.0393143594074843,91.2060254545735,1.099378836673239
CS2_38,129,33,CS2_38_9_14_10.xlsx,2010-09-07 10:44:17,1.0391230331804948,91.18923543856826,1.0993882417678833
CS2_38,130,34,CS2_38_9_14_10.xlsx,2010-09-07 10:44:17,1.039276411387803,91.20269528981856,1.099375701987225
CS2_38,131,35,CS2_38_9_14_10.xlsx,2010-09-07 10:44:17,1.0393237605107686,91.20685045738203,1.0993835355924524
CS2_38,132,36,CS2_38_9_14_10.xlsx,2010-09-07 10:44:17,1.0396648764552268,91.23678541328022,1.0993819692860478
CS2_38,133,37,CS2_38_9_14_10.xlsx,2010-09-07 10:44:17,1.0397003814089416,91.23990118444509,1.0993929469067119
CS2_38,134,38,CS2_38_9_14_10.xlsx,2010-09-07 10:44:17,1.0399316959633254,91.26020041435967,1.0993725683378137
CS2_38,135,39,CS2_38_9_14_10.xlsx,2010-09-07 10:44:17,1.040032047018471,91.26900681716471,1.0993788418562516
CS2_38,136,40,CS2_38_9_14_10.xlsx,2010-09-07 10:44:17,1.0400669795613169,91.27207235586641,1.099407051957172
CS2_38,137,41,CS2_38_9_14_10.xlsx,2010-09-07 10:44:17,1.040013738816043,91.26740016335341,1.099405488760575
CS2_38,138,42,CS2_38_9_14_10.xlsx,2010-09-07 10:44:17,1.0221579459033308,89.70044798168927,1.0994079714327787
CS2_38,139,43,CS2_38_9_14_10.xlsx,2010-09-07 10:44:17,1.0217168658273579,89.66174057783928,1.0994175419343257
CS2_38,140,44,CS2_38_9_14_10.xlsx,2010-09-07 10:44:17,1.0197346617942173,89.48779036742764,1.0994143528220928
CS2_38,141,45,CS2_38_9_14_10.xlsx,2010-09-07 10:44:17,1.0189094658688589,89.41537450990387,1.0994100464241845
CS2_38,142,46,CS2_38_9_14_10.xlsx,2010-09-07 10:44:17,1.025685917045223,90.01004846286985,1.099412253028468
CS2_38,143,47,CS2_38_9_14_10.xlsx,2010-09-07 10:44:17,1.0313985491023843,90.5113659517527,1.0994201584866172
CS2_38,144,48,CS2_38_9_14_10.xlsx,2010-09-07 10:44:17,1.0323435234202023,90.59429307664489,1.0994384019271186
CS2_38,145,49,CS2_38_9_14_10.xlsx,2010-09-07 10:44:17,1.015438489054496,89.1107756204365,1.0995292252143927
CS2_38,146,50,CS2_38_9_14_10.xlsx,2010-09-07 10:44:17,1.0191297197209295,89.43470309731015,1.099601031404681
CS2_38,147,1,CS2_38_9_21_10.xlsx,2010-09-14 13:57:43,1.021517898028991,89.64427996843055,1.0994148797222547
CS2_38,148,2,CS2_38_9_21_10.xlsx,2010-09-14 13:57:43,1.0247282042930381,89.92600346448866,1.0994143528220928
CS2_38,149,3,CS2_38_9_21_10.xlsx,2010-09-14 13:57:43,1.0311855859469148,90.49267716639837,1.0994185763492919
CS2_38,150,4,CS2_38_9_21_10.xlsx,2010-09-14 13:57:43,1.0319128516397544,90.55649906272163,1.0994407210433692
CS2_38,151,5,CS2_38_9_21_10.xlsx,2010-09-14 13:57:43,1.0169789653104937,89.24596158736261,1.0994132650750024
CS2_38,152,6,CS2_38_9_21_10.xlsx,2010-09-14 13:57:43,1.0155387986461637,89.11957838457438,1.0994020008615084
CS2_38,153,7,CS2_38_9_21_10.xlsx,2010-09-14 13:57:43,1.017786412930195,89.3168199253516,1.099405220576695
CS2_38,154,8,CS2_38_9_21_10.xlsx,2010-09-14 13:57:43,1.0136199389764586,88.95118701934909,1.0994309751050813
CS2_38,155,9,CS2_38_9_21_10.xlsx,2010-09-14 13:57:43,1.0119593751833165,88.80546265576712,1.0994251579851717
CS2_38,156,10,CS2_38_9_21_10.xlsx,2010-09-14 13:57:43,1.0250587435917549,89.95501025672587,1.0994095654614204
CS2_38,157,11,CS2_38_9_21_10.xlsx,2010-09-14 13:57:43,1.0265451281842388,90.08544935799516,1.0994063795140359
CS2_38,158,12,CS2_38_9_21_10.xlsx,2010-09-14 13:57:43,1.0143698322180406,89.01699461784982,1.0994390196033887
CS2_38,159,13,CS2_38_9_21_10.xlsx,2010-09-14 13:57:43,1.0113056595720504,88.74809521718464,1.0994202865136635
CS2_38,160,14,CS2_38_9_21_10.xlsx,2010-09-14 13:57:43,1.013751365094718,88.96272044403322,1.0994052227054323
CS2_38,161,15,CS2_38_9_21_10.xlsx,2010-09-14 13:57:43,1.012232831007445,88.82946003310576,1.099417037792034
CS2_38,162,16,CS2_38_9_21_10.xlsx,2010-09-14 13:57:43,1.0055367054844258,88.2418351346605,1.099413792292277
CS2_38,163,17,CS2_38_9_21_10.xlsx,2010-09-14 13:57:43,1.0182877408925144,89.36081444008,1.0995114584054266
CS2_38,164,18,CS2_38_9_21_10.xlsx,2010-09-14 13:57:43,1.022015943010775,89.68798638206272,1.0994973119381255
CS2_38,165,19,CS2_38_9_21_10.xlsx,2010-09-14 13:57:43,1.0190452666167822,89.4272918343974,1.0994921433074134
CS2_38,166,20,CS2_38_9_21_10.xlsx,2010-09-14 13:57:43,1.0047770823722857,88.17517368206474,1.0994966234172787
CS2_38,167,21,CS2_38_9_21_10.xlsx,2010-09-14 13:57:43,1.0053461037627436,88.2251086983113,1.0994982461671572
CS2_38,168,22,CS2_38_9_21_10.xlsx,2010-09-14 13:57:43,1.0058675096071568,88.27086516678233,1.0993650636157475
CS2_38,169,23,CS2_38_9_21_10.xlsx,2010-09-14 13:57:43,1.005320310302782,88.22284516856736,1.0993894274170335
CS2_38,170,24,CS2_38_9_21_10.xlsx,2010-09-14 13:57:43,1.0095242316523247,88.59176430659797,1.099391050166912
CS2_38,171,25,CS2_38_9_21_10.xlsx,2010-09-14 13:57:43,1.017734619204262,89.31227471740458,1.0993859012212073
CS2_38,172,26,CS2_38_9_21_10.xlsx,2010-09-14 13:57:43,1.0191918082477223,89.44015173535104,1.0993875148040908
CS2_38,173,27,CS2_38_9_21_10.xlsx,2010-09-14 13:57:43,1.020180579345105,89.52692228851463,1.0993648936263227
CS2_38,174,28,CS2_38_9_21_10.xlsx,2010-09-14 13:57:43,1.0206694858320908,89.56982674479707,1.0993983988213327
CS2_38,175,29,CS2_38_9_21_10.xlsx,2010-09-14 13:57:43,1.021104314494405,89.60798554986353,1.0993808539567795
CS2_38,176,30,CS2_38_9_21_10.xlsx,2010-09-14 13:57:43,0.9090590705848101,79.77534802726797,1.0993895781040193
CS2_38,177,31,CS2_38_9_21_10.xlsx,2010-09-14 13:57:43,1.0220187635376234,89.68823390009344,1.0993856307679573
CS2_38,178,32,CS2_38_9_21_10.xlsx,2010-09-14 13:57:43,1.0224036188748364,89.72200724822864,1.0993904181286298
CS2_38,179,33,CS2_38_9_21_10.xlsx,2010-09-14 13:57:43,1.0224587759678059,89.72684761166616,1.0993872290163968
CS2_38,180,34,CS2_38_9_21_10.xlsx,2010-09-14 13:57:43,1.022533943988961,89.73344405324207,1.0994015900434646
CS2_38,181,35,CS2_38_9_21_10.xlsx,2010-09-14 13:57:43,1.0225233114574337,89.73251098527054,1.0994079724877281
CS2_38,182,36,CS2_38_9_21_10.xlsx,2010-09-14 13:57:43,1.0227267887387939,89.75036732867152,1.0993760560466126
CS2_38,183,37,CS2_38_9_21_10.xlsx,2010-09-14 13:57:43,1.0230265891048802,89.77667659648165,1.09937606132136
CS2_38,184,38,CS2_38_9_21_10.xlsx,2010-09-14 13:57:43,1.0237266489639154,89.8381110188438,1.0993936125156099
CS2_38,185,39,CS2_38_9_21_10.xlsx,2010-09-14 13:57:43,1.0242014484481459,89.87977750160965,1.0993936093507615
CS2_38,186,40,CS2_38_9_21_10.xlsx,2010-09-14 13:57:43,1.0257083873815276,90.01202036871952,1.0993983946015349
CS2_38,187,41,CS2_38_9_21_10.xlsx,2010-09-14 13:57:43,1.0260540648077239,90.04235562180955,1.0994063668546423
CS2_38,188,42,CS2_38_9_21_10.xlsx,2010-09-14 13:57:43,1.010539817289434,88.68088799533666,1.0994056710251816
CS2_38,189,43,CS2_38_9_21_10.xlsx,2010-09-14 13:57:43,1.0087572748248164,88.5244592767972,1.099381306149938
CS2_38,190,44,CS2_38_9_21_10.xlsx,2010-09-14 13:57:43,1.0082514758297947,88.48007240231858,1.0994121620246955
CS2_38,191,45,CS2_38_9_21_10.xlsx,2010-09-14 13:57:43,1.008051865400418,88.46255539821108,1.099413790144362
CS2_38,192,46,CS2_38_9_21_10.xlsx,2010-09-14 13:57:43,1.0041984255078304,88.12439309558361,1.0994121663205259
CS2_38,193,47,CS2_38_9_21_10.xlsx,2010-09-14 13:57:43,1.0167220243065458,89.22341348386122,1.0993826815060206
CS2_38,194,48,CS2_38_9_21_10.xlsx,2010-09-14 13:57:43,1.018464459504706,89.37632255088013,1.0993859033499445
CS2_38,195,49,CS2_38_9_21_10.xlsx,2010-09-14 13:57:43,1.0087398494778839,88.52293009881413,1.0994251612070445
CS2_38,196,50,CS2_38_9_21_10.xlsx,2010-09-14 13:57:43,1.003704975018728,88.0810898760502,1.099499552900141
CS2_38,197,1,CS2_38_9_28_10.xlsx,2010-09-21 15:48:03,1.009789241645305,88.61502051194785,1.0994235363092508
CS2_38,198,2,CS2_38_9_28_10.xlsx,2010-09-21 15:48:03,1.021027489390059,89.60124368936762,1.099411161599961
CS2_38,199,3,CS2_38_9_28_10.xlsx,2010-09-21 15:48:03,1.0229044141852128,89.76595501957642,1.0993983956564843
CS2_38,200,4,CS2_38_9_28_10.xlsx,2010-09-21 15:48:03,1.0137499802196692,88.96259891299903,1.0994164869189262
CS2_38,201,5,CS2_38_9_28_10.xlsx,2010-09-21 15:48:03,1.0083843543020166,88.4917332797135,1.0994072927011025
CS2_38,202,6,CS2_38_9_28_10.xlsx,2010-09-21 15:48:03,1.0101760177120962,88.64896241554389,1.0994202865136635
CS2_38,203,7,CS2_38_9_28_10.xlsx,2010-09-21 15:48:03,1.0110300201673486,88.72390621764474,1.0994072959229753
CS2_38,204,8,CS2_38_9_28_10.xlsx,2010-09-21 15:48:03,1.0088890028711637,88.5360191974694,1.0993796834000595
CS2_38,205,9,CS2_38_9_28_10.xlsx,2010-09-21 15:48:03,1.0156350456710133,89.12802463427631,1.0993907366480147
CS2_38,206,10,CS2_38_9_28_10.xlsx,2010-09-21 15:48:03,1.0201747110459802,89.52640731031336,1.0993875116109848
CS2_38,207,11,CS2_38_9_28_10.xlsx,2010-09-21 15:48:03,1.022037103723008,89.68984336059968,1.0993728658794302
CS2_38,208,12,CS2_38_9_28_10.xlsx,2010-09-21 15:48:03,1.0081257488258437,88.46903910886036,1.0993731881047155
CS2_38,209,13,CS2_38_9_28_10.xlsx,2010-09-21 15:48:03,1.008573697612924,88.5083492830218,1.0993845537976101
CS2_38,210,14,CS2_38_9_28_10.xlsx,2010-09-21 15:48:03,0.8895168799280047,78.06040439895241,1.099384753071532
CS2_38,211,15,CS2_38_9_28_10.xlsx,2010-09-21 15:48:03,1.0077501251248489,88.43607589178924,1.0993829342696044
CS2_38,212,16,CS2_38_9_28_10.xlsx,2010-09-21 15:48:03,1.006951046511137,88.36595198392374,1.0994040450534306
CS2_38,213,17,CS2_38_9_28_10.xlsx,2010-09-21 15:48:03,1.0187411780852536,89.40060625452833,1.0993762442043848
CS2_38,214,18,CS2_38_9_28_10.xlsx,2010-09-21 15:48:03,1.0216622799376758,89.65695034089245,1.0993792441038959
CS2_38,215,19,CS2_38_9_28_10.xlsx,2010-09-21 15:48:03,1.0134958438901904,88.94029693638765,1.0993907334549087
CS2_38,216,20,CS2_38_9_28_10.xlsx,2010-09-21 15:48:03,1.007529930848854,88.41675253253844,1.0993910512408696
CS2_38,217,21,CS2_38_9_28_10.xlsx,2010-09-21 15:48:03,1.0116450903747278,88.77788229185444,1.0993796834000595
CS2_38,218,22,CS2_38_9_28_10.xlsx,2010-09-21 15:48:03,1.0188244745716801,89.40791601734699,1.0993891230651311
CS2_38,219,23,CS2_38_9_28_10.xlsx,2010-09-21 15:48:03,1.0223365243104574,89.71611930057234,1.0993904202385287
CS2_38,220,24,CS2_38_9_28_10.xlsx,2010-09-21 15:48:03,0.9117536037559013,80.0118093623455,1.0994017289416624
CS2_38,221,25,CS2_38_9_28_10.xlsx,2010-09-21 15:48:03,1.0226987798749576,89.74790938404209,1.0993632974877823
CS2_38,222,26,CS2_38_9_28_10.xlsx,2010-09-21 15:48:03,1.0231361220773039,89.78628876721764,1.0993505315443055
CS2_38,223,27,CS2_38_9_28_10.xlsx,2010-09-21 15:48:03,1.0237249032800477,89.83795782468668,1.0993744651828192
CS2_38,224,28,CS2_38_9_28_10.xlsx,2010-09-21 15:48:03,1.024152627898566,89.87549320759659,1.099356913988569
CS2_38,225,29,CS2_38_9_28_10.xlsx,2010-09-21 15:48:03,1.0246012864380525,89.91486566675914,1.0993983988213327
CS2_38,226,30,CS2_38_9_28_10.xlsx,2010-09-21 15:48:03,1.0258811745412615,90.02718347114975,1.0993904212934782
CS2_38,227,31,CS2_38_9_28_10.xlsx,2010-09-21 15:48:03,1.0255856215560435,90.00124693630929,1.0993920195419176
CS2_38,228,32,CS2_38_9_28_10.xlsx,2010-09-21 15:48:03,1.0256295361285055,90.00510070160902,1.0993856318229067
CS2_38,229,33,CS2_38_9_28_10.xlsx,2010-09-21 15:48:03,0.9172739346548084,80.49625127919771,1.0993767433827466
CS2_38,230,34,CS2_38_9_28_10.xlsx,2010-09-21 15:48:03,1.0257085996318835,90.01203899495248,1.0993760581565115
CS2_38,231,35,CS2_38_9_28_10.xlsx,2010-09-21 15:48:03,1.0259623548342063,90.03430752538581,1.0993696809869953
CS2_38,232,36,CS2_38_9_28_10.xlsx,2010-09-21 15:48:03,1.0261698887101218,90.05251985912113,1.0993824469304718
CS2_38,233,37,CS2_38_9_28_10.xlsx,2010-09-21 15:48:03,1.0264056247278006,90.07320709877519,1.0994015889885151
CS2_38,234,38,CS2_38_9_28_10.xlsx,2010-09-21 15:48:03,1.0264376268724007,90.07601547757663,1.0993856339328056
CS2_38,235,39,CS2_38_9_28_10.xlsx,2010-09-21 15:48:03,1.026372174196787,90.07027161543901,1.0994941196610442
CS2_38,236,40,CS2_38_9_28_10.xlsx,2010-09-21 15:48:03,1.0264381882190818,90.07606473909144,1.0994941228258925
CS2_38,237,41,CS2_38_9_28_10.xlsx,2010-09-21 15:48:03,1.0264105506499277,90.07363937778187,1.099484545994649
CS2_38,238,42,CS2_38_9_28_10.xlsx,2010-09-21 15:48:03,1.0127450686072805,88.87441193350672,1.0995079944799613
CS2_38,239,43,CS2_38_9_28_10.xlsx,2010-09-21 15:48:03,1.013629909467383,88.95206198931444,1.0995114573410578
CS2_38,240,44,CS2_38_9_28_10.xlsx,2010-09-21 15:48:03,1.012223542065783,88.82864487314765,1.0995226056726128
CS2_38,241,45,CS2_38_9_28_10.xlsx,2010-09-21 15:48:03,1.0082280755050377,88.47801888444296,1.0993991757298376
CS2_38,242,46,CS2_38_9_28_10.xlsx,2010-09-21 15:48:03,1.0055242699800004,88.24074384507821,1.099379682326102
CS2_38,243,47,CS2_38_9_28_10.xlsx,2010-09-21 15:48:03,1.0174915745634152,89.29094610253554,1.09940683309521
CS2_38,244,48,CS2_38_9_28_10.xlsx,2010-09-21 15:48:03,1.0196132992856093,89.47714008443178,1.09939556568861
CS2_38,245,49,CS2_38_9_28_10.xlsx,2010-09-21 15:48:03,1.0122447266902341,88.83050395012417,1.0994073002188056
CS2_38,246,50,CS2_38_9_28_10.xlsx,2010-09-21 15:48:03,1.005584450269133,88.24602502389844,1.0993894317128636
CS2_38,247,1,CS2_38_10_04_10.xlsx,2010-09-28 09:39:06,1.010010477358328,88.63443526350093,1.0994755094115798
CS2_38,248,2,CS2_38_10_04_10.xlsx,2010-09-28 09:39:06,1.009900866858336,88.62481628925904,1.0994868794003048
CS2_38,249,3,CS2_38_10_04_10.xlsx,2010-09-28 09:39:06,1.0035962798702998,88.07155122936011,1.099483152953061
CS2_38,250,4,CS2_38_10_04_10.xlsx,2010-09-28 09:39:06,1.0156539594978495,89.12968443523668,1.099474434341703
CS2_38,251,5,CS2_38_10_04_10.xlsx,2010-09-28 09:39:06,1.0173924483477226,89.28224718668794,1.0994744332773345
CS2_38,252,6,CS2_38_10_04_10.xlsx,2010-09-28 09:39:06,1.0099630587795945,88.63027400078013,1.0994755083376222
CS2_38,253,7,CS2_38_10_04_10.xlsx,2010-09-28 09:39:06,1.0029798473279818,88.01745560214513,1.099484796957536
CS2_38,254,8,CS2_38_10_04_10.xlsx,2010-09-28 09:39:06,1.004999925211381,88.19472946850311,1.0994998699909933
CS2_38,255,9,CS2_38_10_04_10.xlsx,2010-09-28 09:39:06,1.0017108886060502,87.90609691605974,1.0994962659749117
CS2_38,256,10,CS2_38_10_04_10.xlsx,2010-09-28 09:39:06,1.0028284673997838,88.00417111178899,1.099481515450911
CS2_38,257,11,CS2_38_10_04_10.xlsx,2010-09-28 09:39:06,1.007027547269475,88.37266538112554,1.0994738834398288
CS2_38,258,12,CS2_38_10_04_10.xlsx,2010-09-28 09:39:06,1.011516698653173,88.76661515355477,1.0994917530197281
CS2_38,259,13,CS2_38_10_04_10.xlsx,2010-09-28 09:39:06,1.013149996928771,88.90994680557198,1.0994792633822985
CS2_38,260,14,CS2_38_10_04_10.xlsx,2010-09-28 09:39:06,1.0004845943801506,87.79848229362159,1.0994929920543324
CS2_38,261,15,CS2_38_10_04_10.xlsx,2010-09-28 09:39:06,1.0000334297757796,87.75888991233867,1.0994700453498147
CS2_38,262,16,CS2_38_10_04_10.xlsx,2010-09-28 09:39:06,1.002228144889619,87.95148923585086,1.0994995485652577
CS2_38,263,17,CS2_38_10_04_10.xlsx,2010-09-28 09:39:06,0.9994275350636421,87.70571904248798,1.0993848226287148
CS2_38,264,18,CS2_38_10_04_10.xlsx,2010-09-28 09:39:06,0.9996632606315998,87.72640536511679,1.0993913737210361
CS2_38,265,19,CS2_38_10_04_10.xlsx,2010-09-28 09:39:06,1.0103278461655734,88.6622862666648,1.0993845527236525
CS2_38,266,20,CS2_38_10_04_10.xlsx,2010-09-28 09:39:06,1.0124643694297397,88.84977890876293,1.0993778567228998
CS2_38,267,21,CS2_38_10_04_10.xlsx,2010-09-28 09:39:06,1.00166178426635,87.9017877177733,1.0993880954655735
CS2_38,268,22,CS2_38_10_04_10.xlsx,2010-09-28 09:39:06,0.9984279040223498,87.6179954645618,1.0994110443375327
CS2_38,269,23,CS2_38_10_04_10.xlsx,2010-09-28 09:39:06,0.9978550160430792,87.56772113211655,1.0994274345311252
CS2_38,270,24,CS2_38_10_04_10.xlsx,2010-09-28 09:39:06,0.9985901423605661,87.63223284507245,1.0994126850908452
CS2_38,272,1,CS2_38_10_05_10.xlsx,2010-10-04 14:14:51,1.006976451875464,88.36818145596412,1.0994202918834515
CS2_38,273,2,CS2_38_10_05_10.xlsx,2010-10-04 14:14:51,1.0010009474823032,87.84379535386384,1.0994421796365217
CS2_38,274,3,CS2_38_10_05_10.xlsx,2010-10-04 14:14:51,0.886974134516886,77.83726334389839,1.0994105120094455
CS2_38,275,4,CS2_38_10_05_10.xlsx,2010-10-04 14:14:51,1.0115551587306117,88.76999025442787,1.099389428490991
CS2_38,276,5,CS2_38_10_05_10.xlsx,2010-10-04 14:14:51,1.0120119795050408,88.81007899832294,1.0993943031843718
CS2_38,277,6,CS2_38_10_05_10.xlsx,2010-10-04 14:14:51,0.9988722355410937,87.65698820188136,1.0994028535756197
CS2_38,278,7,CS2_38_10_05_10.xlsx,2010-10-04 14:14:51,0.9988487269628026,87.65492518411334,1.099402852491899
CS2_38,279,8,CS2_38_10_05_10.xlsx,2010-10-04 14:14:51,0.9958806626714587,87.3944598640138,1.099386459047144
CS2_38,280,9,CS2_38_10_05_10.xlsx,2010-10-04 14:14:51,0.8341369709665729,73.20048753098199,1.0994127766116635
CS2_38,281,1,CS2_38_10_14_10.xlsx,2010-10-06 09:37:04,0.9980221595707,87.58238897221398,1.099527405608784
CS2_38,282,2,CS2_38_10_14_10.xlsx,2010-10-06 09:37:04,0.996957905156179,87.48899430837398,1.0995142969218168
CS2_38,283,3,CS2_38_10_14_10.xlsx,2010-10-06 09:37:04,0.9966017512836141,87.45773968471477,1.0995126594196667
CS2_38,284,4,CS2_38_10_14_10.xlsx,2010-10-06 09:37:04,1.0069508401717142,88.36593387641037,1.0995014938148293
CS2_38,285,5,CS2_38_10_14_10.xlsx,2010-10-06 09:37:04,1.0094181834929215,88.58245794896094,1.0994868761784322
CS2_38,286,6,CS2_38_10_14_10.xlsx,2010-10-06 09:37:04,1.0037922837988695,88.08875174154058,1.099515934423967
CS2_38,287,7,CS2_38_10_14_10.xlsx,2010-10-06 09:37:04,0.9943849192718162,87.26319947167295,1.0995091385797624
CS2_38,288,8,CS2_38_10_14_10.xlsx,2010-10-06 09:37:04,0.9970706629202724,87.49888947378665,1.099504461071708
CS2_38,289,9,CS2_38_10_14_10.xlsx,2010-10-06 09:37:04,0.9940513417862018,87.23392606043925,1.0994959052549589
CS2_38,290,10,CS2_38_10_14_10.xlsx,2010-10-06 09:37:04,0.9942103703197986,87.24788176147614,1.099507488241983
CS2_38,291,11,CS2_38_10_14_10.xlsx,2010-10-06 09:37:04,0.9973186554105311,87.52065229191223,1.0995077382434497
CS2_38,292,12,CS2_38_10_14_10.xlsx,2010-10-06 09:37:04,1.0019934048582666,87.93088939992927,1.0994995474815368
CS2_38,293,13,CS2_38_10_14_10.xlsx,2010-10-06 09:37:04,1.0032301527955632,88.03942139780744,1.0994864333759655
CS2_38,294,14,CS2_38_10_14_10.xlsx,2010-10-06 09:37:04,0.9913461709451727,86.99653120646406,1.0994727502175428
CS2_38,295,15,CS2_38_10_14_10.xlsx,2010-10-06 09:37:04,0.9899233458540824,86.87166983001836,1.0994876360674517
CS2_38,296,16,CS2_38_10_14_10.xlsx,2010-10-06 09:37:04,0.9898769741028826,86.86760043264881,1.099484328829914
CS2_38,297,17,CS2_38_10_14_10.xlsx,2010-10-06 09:37:04,0.988507361087338,86.7474087327767,1.0994744005553219
CS2_38,298,18,CS2_38_10_14_10.xlsx,2010-10-06 09:37:04,0.9864477949648673,86.56666953823837,1.0994604881162997
CS2_38,299,19,CS2_38_10_14_10.xlsx,2010-10-06 09:37:04,0.9964065693156137,87.44061130447005,1.0994897116314282
CS2_38,300,20,CS2_38_10_14_10.xlsx,2010-10-06 09:37:04,0.9982749710595265,87.60457468616703,1.099455294825814
CS2_38,301,21,CS2_38_10_14_10.xlsx,2010-10-06 09:37:04,0.9989746948600065,87.66597961738931,1.0994536551562222
CS2_38,302,22,CS2_38_10_14_10.xlsx,2010-10-06 09:37:04,0.9994617212116239,87.70871908059465,1.0994782393628901
CS2_38,303,23,CS2_38_10_14_10.xlsx,2010-10-06 09:37:04,1.0002167791928294,87.77497991575983,1.0994667649269103
CS2_38,304,24,CS2_38_10_14_10.xlsx,2010-10-06 09:37:04,1.001189714176956,87.86036075566132,1.0994831507856195
CS2_38,305,25,CS2_38_10_14_10.xlsx,2010-10-06 09:37:04,1.0021840920216185,87.9476233342939,1.0994618513367393
CS2_38,306,26,CS2_38_10_14_10.xlsx,2010-10-06 09:37:04,1.0021212564345277,87.94210913726218,1.099484791538932
CS2_38,307,27,CS2_38_10_14_10.xlsx,2010-10-06 09:37:04,1.0025207388029038,87.9771660945042,1.099465129592202
CS2_38,308,28,CS2_38_10_14_10.xlsx,2010-10-06 09:37:04,1.0023505810750208,87.96223374038044,1.0994454611431468
CS2_38,309,29,CS2_38_10_14_10.xlsx,2010-10-06 09:37:04,1.0018693996236188,87.9200072019827,1.099455294825814
CS2_38,310,30,CS2_38_10_14_10.xlsx,2010-10-06 09:37:04,1.0026206745928299,87.9859360553128,1.099458570913835
CS2_38,311,31,CS2_38_10_14_10.xlsx,2010-10-06 09:37:04,1.0026474930169762,87.9882895317689,1.0994585698301143
CS2_38,312,32,CS2_38_10_14_10.xlsx,2010-10-06 09:37:04,1.0028094534868721,88.00250252767937,1.0994503779844804
CS2_38,313,33,CS2_38_10_14_10.xlsx,2010-10-06 09:37:04,1.0035051937668271,88.06355788124874,1.099475504041792
CS2_38,314,34,CS2_38_10_14_10.xlsx,2010-10-06 09:37:04,1.0038944852810943,88.09772053034342,1.0994771343093734
CS2_38,315,35,CS2_38_10_14_10.xlsx,2010-10-06 09:37:04,1.0040234491492726,88.10903787791716,1.099447896888664
CS2_38,316,36,CS2_38_10_14_10.xlsx,2010-10-06 09:37:04,0.99121855947417,86.98533253979768,1.0994926002047478
CS2_38,317,37,CS2_38_10_14_10.xlsx,2010-10-06 09:37:04,0.9842600013705862,86.37467761929373,1.0994838564484208
CS2_38,318,38,CS2_38_10_14_10.xlsx,2010-10-06 09:37:04,0.9884278687539236,86.74043280704336,1.0994710976924371
CS2_38,319,39,CS2_38_10_14_10.xlsx,2010-10-06 09:37:04,0.984744016753595,86.41715285206958,1.09949219889111
CS2_38,320,40,CS2_38_10_14_10.xlsx,2010-10-06 09:37:04,0.9818937298596353,86.16702320010216,1.0994855220671054
CS2_38,321,41,CS2_38_10_14_10.xlsx,2010-10-06 09:37:04,0.9914973365504665,87.00979688870878,1.0994909433049893
CS2_38,322,42,CS2_38_10_14_10.xlsx,2010-10-06 09:37:04,0.9954483769059692,87.35652421328983,1.0994979078119451
CS2_38,323,43,CS2_38_10_14_10.xlsx,2010-10-06 09:37:04,0.9963337481636003,87.43422081463986,1.099473320354115
CS2_38,324,44,CS2_38_10_14_10.xlsx,2010-10-06 09:37:04,0.9804890602743086,86.04375507742597,1.099475505175414
CS2_38,325,45,CS2_38_10_14_10.xlsx,2010-10-06 09:37:04,0.981497236631867,86.13222855775255,1.099485519859526
CS2_38,326,46,CS2_38_10_14_10.xlsx,2010-10-06 09:37:04,0.9803151318649412,86.02849182354284,1.099490531064846
CS2_38,327,47,CS2_38_10_14_10.xlsx,2010-10-06 09:37:04,0.9801542495836486,86.01437344510425,1.0994838531370517
CS2_38,328,48,CS2_38_10_14_10.xlsx,2010-10-06 09:37:04,0.9759834948096682,85.64836487162768,1.0994934835166574
CS2_38,329,49,CS2_38_10_14_10.xlsx,2010-10-06 09:37:04,0.8652097473397262,75.92730873496282,1.0994672850558633
CS2_38,330,50,CS2_38_10_14_10.xlsx,2010-10-06 09:37:04,0.9889069304543767,86.78247332466957,1.0995935037595417
CS2_38,331,1,CS2_38_10_21_10.xlsx,2010-10-14 11:21:51,0.9925802201285,87.10482637260696,1.0995124436299735
CS2_38,332,2,CS2_38_10_21_10.xlsx,2010-10-14 11:21:51,0.9902516208578459,86.90047791688673,1.0994744027426484
CS2_38,333,3,CS2_38_10_21_10.xlsx,2010-10-14 11:21:51,0.9968424261474489,87.47886033753602,1.0994897105477073
CS2_38,334,4,CS2_38_10_21_10.xlsx,2010-10-14 11:21:51,0.9999130941045684,87.7483297404405,1.0995044621554289
CS2_38,335,5,CS2_38_10_21_10.xlsx,2010-10-14 11:21:51,1.0005822071857722,87.8070483987212,1.0994798757813193
CS2_38,336,6,CS2_38_10_21_10.xlsx,2010-10-14 11:21:51,0.9867671738119954,86.59469693437426,1.099520578428551
CS2_38,337,7,CS2_38_10_21_10.xlsx,2010-10-14 11:21:51,0.9864948810744041,86.57080162480688,1.0994888621347922
CS2_38,338,8,CS2_38_10_21_10.xlsx,2010-10-14 11:21:51,0.985323408733227,86.46799794928599,1.0995038858166448
CS2_38,339,9,CS2_38_10_21_10.xlsx,2010-10-14 11:21:51,0.9840346388243013,86.35490071354148,1.0995088948143854
CS2_38,340,10,CS2_38_10_21_10.xlsx,2010-10-14 11:21:51,0.980363707226628,86.03275460085786,1.099482184206998
CS2_38,341,11,CS2_38_10_21_10.xlsx,2010-10-14 11:21:51,0.9913593702781096,86.99768952654779,1.0994942494488638
CS2_38,342,12,CS2_38_10_21_10.xlsx,2010-10-14 11:21:51,0.992420613343711,87.09081992658375,1.0994578632739707
CS2_38,343,13,CS2_38_10_21_10.xlsx,2010-10-14 11:21:51,0.9929597368840408,87.1381312284025,1.099456210748865
CS2_38,344,14,CS2_38_10_21_10.xlsx,2010-10-14 11:21:51,0.9931481522663308,87.15466580044765,1.099471096598774
CS2_38,345,15,CS2_38_10_21_10.xlsx,2010-10-14 11:21:51,0.9941562452910802,87.24313196782387,1.0994628263176034
CS2_38,346,16,CS2_38_10_21_10.xlsx,2010-10-14 11:21:51,0.9950768356384927,87.32391925407595,1.0994782404466108
CS2_38,347,17,CS2_38_10_21_10.xlsx,2010-10-14 11:21:51,0.9954371949082343,87.35554292638582,1.0994798844510858
CS2_38,348,18,CS2_38_10_21_10.xlsx,2010-10-14 11:21:51,0.9945202859667148,87.27507870542823,1.0994628252239402
CS2_38,349,19,CS2_38_10_21_10.xlsx,2010-10-14 11:21:51,0.994293358103036,87.25516443375123,1.0994595212673923
CS2_38,350,20,CS2_38_10_21_10.xlsx,2010-10-14 11:21:51,0.9939867829367728,87.22826063687317,1.0994744027426484
CS2_38,351,21,CS2_38_10_21_10.xlsx,2010-10-14 11:21:51,0.9935977975561414,87.19412485282845,1.0994578632739707
CS2_38,352,22,CS2_38_10_21_10.xlsx,2010-10-14 11:21:51,0.9934219369971018,87.1786920413032,1.0994710987861003
CS2_38,353,23,CS2_38_10_21_10.xlsx,2010-10-14 11:21:51,0.9933774207679456,87.17478547704494,1.0994529046049906
CS2_38,354,24,CS2_38_10_21_10.xlsx,2010-10-14 11:21:51,0.993522663204736,87.18753136597363,1.0994777088865229
CS2_38,355,25,CS2_38_10_21_10.xlsx,2010-10-14 11:21:51,0.9935256089196969,87.18778987000685,1.0994644799363722
CS2_38,356,26,CS2_38_10_21_10.xlsx,2010-10-14 11:21:51,0.993458082120334,87.18186399115623,1.099464483217362
CS2_38,357,27,CS2_38_10_21_10.xlsx,2010-10-14 11:21:51,0.9931732696934432,87.15687000428244,1.0994413270862824
CS2_38,358,28,CS2_38_10_21_10.xlsx,2010-10-14 11:21:51,0.9810053346969454,86.08906123307209,1.0994488022945546
CS2_38,359,29,CS2_38_10_21_10.xlsx,2010-10-14 11:21:51,0.9749240049680488,85.55538832743879,1.099436195097237
CS2_38,360,30,CS2_38_10_21_10.xlsx,2010-10-14 11:21:51,0.9749707519836335,85.55949065649328,1.0994547349270258
CS2_38,361,31,CS2_38_10_21_10.xlsx,2010-10-14 11:21:51,0.9725170249048816,85.34416149031992,1.099476631556716
CS2_38,362,32,CS2_38_10_21_10.xlsx,2010-10-14 11:21:51,0.9696453032377903,85.09215080933933,1.0994749459150797
CS2_38,363,33,CS2_38_10_21_10.xlsx,2010-10-14 11:21:51,0.9800476455501155,86.00501830620139,1.099477173001678
CS2_38,364,34,CS2_38_10_21_10.xlsx,2010-10-14 11:21:51,0.9834037168539069,86.29953355271014,1.099470501696622
CS2_38,365,35,CS2_38_10_21_10.xlsx,2010-10-14 11:21:51,0.9846410692112215,86.40811859204496,1.0994621537349842
CS2_38,366,36,CS2_38_10_21_10.xlsx,2010-10-14 11:21:51,0.9699155820840133,85.11586938794387,1.0994732591593377
CS2_38,367,37,CS2_38_10_21_10.xlsx,2010-10-14 11:21:51,0.9686636774726267,85.00600730163737,1.0994624709183316
CS2_38,368,38,CS2_38_10_21_10.xlsx,2010-10-14 11:21:51,0.9672441202192559,84.88143269741563,1.0994692714709156
CS2_38,369,39,CS2_38_10_21_10.xlsx,2010-10-14 11:21:51,0.9679076903470474,84.93966492851916,1.0994675710516155
CS2_38,370,40,CS2_38_10_21_10.xlsx,2010-10-14 11:21:51,0.9666945187772384,84.83320189731478,1.0994539643233676
CS2_38,371,41,CS2_38_10_21_10.xlsx,2010-10-14 11:21:51,0.9773107552951004,85.76483988472016,1.0994571447372437
CS2_38,372,42,CS2_38_10_21_10.xlsx,2010-10-14 11:21:51,0.9793500780778004,85.94380260561921,1.0994688305589888
CS2_38,373,43,CS2_38_10_21_10.xlsx,2010-10-14 11:21:51,0.9696645364215826,85.09383863577476,1.0994732580452322
CS2_38,374,44,CS2_38_10_21_10.xlsx,2010-10-14 11:21:51,0.9644746379856102,84.63839413568355,1.0994590678304996
CS2_38,375,45,CS2_38_10_21_10.xlsx,2010-10-14 11:21:51,0.9662831589398735,84.79710262142382,1.0994590655812677
CS2_38,376,46,CS2_38_10_21_10.xlsx,2010-10-14 11:21:51,0.9615962942557985,84.38580232925659,1.0994675733008474
CS2_38,377,47,CS2_38_10_21_10.xlsx,2010-10-14 11:21:51,0.9631093296612221,84.51858019810025,1.0994675688023836
CS2_38,378,48,CS2_38_10_21_10.xlsx,2010-10-14 11:21:51,0.9696450043484433,85.09212458001886,1.0994496668610618
CS2_38,379,49,CS2_38_10_21_10.xlsx,2010-10-14 11:21:51,0.9738581283536689,85.46185130589895,1.0994513591873312
CS2_38,380,50,CS2_38_10_21_10.xlsx,2010-10-14 11:21:51,0.9753648210452752,85.59407256382634,1.0995794155887355
CS2_38,381,1,CS2_38_10_28_10.xlsx,2010-10-21 10:03:20,0.969452681602282,85.07524711352077,1.0995019050402062
CS2_38,382,2,CS2_38_10_28_10.xlsx,2010-10-21 10:03:20,0.96857087639073,84.99786345395447,1.0995236972592912
CS2_38,383,3,CS2_38_10_28_10.xlsx,2010-10-21 10:03:20,0.828829612822271,72.73473524186544,1.0994603175383348
CS2_38,384,4,CS2_38_10_28_10.xlsx,2010-10-21 10:03:20,0.9745500896096959,85.52257502760983,1.0994715768600178
CS2_38,385,5,CS2_38_10_28_10.xlsx,2010-10-21 10:03:20,0.9774566154093347,85.77763997852358,1.0994571502561923
CS2_38,386,6,CS2_38_10_28_10.xlsx,2010-10-21 10:03:20,0.9728444330049202,85.37289350122292,1.099466524391531
CS2_38,387,7,CS2_38_10_28_10.xlsx,2010-10-21 10:03:20,0.9617534913600432,84.39959731145939,1.0994913825448953
CS2_38,388,8,CS2_38_10_28_10.xlsx,2010-10-21 10:03:20,0.962657656149446,84.47894315716137,1.0994879805816795
CS2_38,389,9,CS2_38_10_28_10.xlsx,2010-10-21 10:03:20,0.9620442238545053,84.42511081952397,1.0994658717569314
CS2_38,390,10,CS2_38_10_28_10.xlsx,2010-10-21 10:03:20,0.9606754612628112,84.30499374941009,1.0994607693744156
CS2_38,391,11,CS2_38_10_28_10.xlsx,2010-10-21 10:03:20,0.962538297074456,84.46846868739846,1.0994556624934357
CS2_38,392,12,CS2_38_10_28_10.xlsx,2010-10-21 10:03:20,0.8397141679772737,73.6899197878529,1.099455256824908
CS2_38,393,13,CS2_38_10_28_10.xlsx,2010-10-21 10:03:20,0.9706283635258881,85.17842020497314,1.0994648409781056
CS2_38,394,14,CS2_38_10_28_10.xlsx,2010-10-21 10:03:20,0.9712261002176934,85.23087515994845,1.099479997269461
CS2_38,395,15,CS2_38_10_28_10.xlsx,2010-10-21 10:03:20,0.9718776259311923,85.28805042195829,1.0994867420642176
CS2_38,396,16,CS2_38_10_28_10.xlsx,2010-10-21 10:03:20,0.9724355895038759,85.33701504883201,1.0994648365216835
CS2_38,397,17,CS2_38_10_28_10.xlsx,2010-10-21 10:03:20,0.9745429913469845,85.52195211277787,1.0994665232774252
CS2_38,398,18,CS2_38_10_28_10.xlsx,2010-10-21 10:03:20,0.9753704000469661,85.59456215445465,1.0994682066908508
CS2_38,399,19,CS2_38_10_28_10.xlsx,2010-10-21 10:03:20,0.9756462484016062,85.6187694905962,1.0994648409781056
CS2_38,400,20,CS2_38_10_28_10.xlsx,2010-10-21 10:03:20,0.975934846394555,85.64409568343936,1.0994732591593377
CS2_38,401,21,CS2_38_10_28_10.xlsx,2010-10-21 10:03:20,0.9761833801580195,85.66590600151271,1.099459785167302
CS2_38,402,22,CS2_38_10_28_10.xlsx,2010-10-21 10:03:20,0.9763182923709799,85.6777453517709,1.0994783205406689
CS2_38,403,23,CS2_38_10_28_10.xlsx,2010-10-21 10:03:20,0.9764962712295109,85.69336405669364,1.099481686253414
CS2_38,404,24,CS2_38_10_28_10.xlsx,2010-10-21 10:03:20,0.9766872773410888,85.71012598066483,1.0994749436868685
CS2_38,405,25,CS2_38_10_28_10.xlsx,2010-10-21 10:03:20,0.977044384060143,85.74146422227888,1.0994671638365145
CS2_38,406,26,CS2_38_10_28_10.xlsx,2010-10-21 10:03:20,0.9775897707531485,85.7893251530498,1.0994538057733465
CS2_38,407,27,CS2_38_10_28_10.xlsx,2010-10-21 10:03:20,0.977435029044436,85.77574564642993,1.0994621537349842
CS2_38,408,28,CS2_38_10_28_10.xlsx,2010-10-21 10:03:20,0.9774946353259253,85.78097645266055,1.0994421232629705
CS2_38,409,29,CS2_38_10_28_10.xlsx,2010-10-21 10:03:20,0.9701832193617932,85.13935615318371,1.0994766326708214
CS2_38,410,30,CS2_38_10_28_10.xlsx,2010-10-21 10:03:20,0.9596287232044212,84.21313625015237,1.0994794796097953
CS2_38,411,31,CS2_38_10_28_10.xlsx,2010-10-21 10:03:20,0.9573605623040038,84.01409162140648,1.0994840928486416
CS2_38,412,32,CS2_38_10_28_10.xlsx,2010-10-21 10:03:20,0.9565763797524944,83.9452749317239,1.0994823739642188
CS2_38,413,33,CS2_38_10_28_10.xlsx,2010-10-21 10:03:20,0.9559778239040853,83.89274809087749,1.0994858060564314
CS2_38,414,34,CS2_38_10_28_10.xlsx,2010-10-21 10:03:20,0.9581898976429954,84.08687073713195,1.099454909279233
CS2_38,415,35,CS2_38_10_28_10.xlsx,2010-10-21 10:03:20,0.965925772378192,84.76573982195241,1.0994675710516155
CS2_38,416,36,CS2_38_10_28_10.xlsx,2010-10-21 10:03:20,0.9679901643886595,84.94690251690668,1.099447991246375
CS2_38,417,37,CS2_38_10_28_10.xlsx,2010-10-21 10:03:20,0.9569134619274777,83.97485590032453,1.0994755029678345
CS2_38,418,38,CS2_38_10_28_10.xlsx,2010-10-21 10:03:20,0.9536735857483976,83.69053746809647,1.0994703542618525
CS2_38,419,39,CS2_38_10_28_10.xlsx,2010-10-21 10:03:20,0.9565573339723983,83.94360355107904,1.0994652055558705
CS2_38,420,40,CS2_38_10_28_10.xlsx,2010-10-21 10:03:20,0.9550455049653479,83.81093155087824,1.0994583368301392
CS2_38,421,41,CS2_38_10_28_10.xlsx,2010-10-21 10:03:20,0.9528233587299084,83.61592498305902,1.099444603919983
CS2_38,422,42,CS2_38_10_28_10.xlsx,2010-10-21 10:03:20,0.961079293854489,84.34043246465784,1.0994556636180517
CS2_38,423,43,CS2_38_10_28_10.xlsx,2010-10-21 10:03:20,0.9644282143577243,84.63432018582581,1.0994675721762315
CS2_38,424,44,CS2_38_10_28_10.xlsx,2010-10-21 10:03:20,0.9659848611252073,84.77092521145038,1.0994352608356837
CS2_38,425,45,CS2_38_10_28_10.xlsx,2010-10-21 10:03:20,0.9541584779773729,83.73308964932858,1.0994634878067744
CS2_38,426,46,CS2_38_10_28_10.xlsx,2010-10-21 10:03:20,0.9542921856030802,83.74482328988049,1.099463491212754
CS2_38,427,47,CS2_38_10_28_10.xlsx,2010-10-21 10:03:20,0.9539336307064588,83.71335796205922,1.099442880494254
CS2_38,428,48,CS2_38_10_28_10.xlsx,2010-10-21 10:03:20,0.953824144516588,83.7037498967709,1.0993535961423602
CS2_38,429,49,CS2_38_10_28_10.xlsx,2010-10-21 10:03:20,0.9524841105157975,83.58615393162349,1.0993827853884015
CS2_38,430,50,CS2_38_10_28_10.xlsx,2010-10-21 10:03:20,0.9628309861603483,84.49415389801499,1.0993417085341688
CS2_38,431,1,CS2_38_11_01_10.xlsx,2010-10-28 13:50:12,0.959779196805883,84.2263412049391,1.0993999651500157
CS2_38,432,2,CS2_38_11_01_10.xlsx,2010-10-28 13:50:12,0.9600471079306699,84.24985200188489,1.0993893348945762
CS2_38,433,3,CS2_38_11_01_10.xlsx,2010-10-28 13:50:12,0.9581154543358359,84.08033789352571,1.099384509949457
CS2_38,434,4,CS2_38_11_01_10.xlsx,2010-10-28 13:50:12,0.95455665459908,83.76803201952305,1.0993999572027298
CS2_38,435,5,CS2_38_11_01_10.xlsx,2010-10-28 13:50:12,0.9529327423257721,83.62552404511214,1.0994016783578056
CS2_38,436,6,CS2_38_11_01_10.xlsx,2010-10-28 13:50:12,0.9529918447043313,83.63071063085928,1.0993845122201102
CS2_38,437,7,CS2_38_11_01_10.xlsx,2010-10-28 13:50:12,0.9529337562613387,83.62561302399737,1.0993845110847837
CS2_38,438,8,CS2_38_11_01_10.xlsx,2010-10-28 13:50:12,0.9519232688433563,83.53693673435333,1.0993845088141305
CS2_38,439,9,CS2_38_11_01_10.xlsx,2010-10-28 13:50:12,0.9500272731716928,83.37055182113988,1.0994142614878142
CS2_38,440,10,CS2_38_11_01_10.xlsx,2010-10-28 13:50:12,0.9581317597099925,84.08176878722685,1.0993759234746296
CS2_38,441,11,CS2_38_11_01_10.xlsx,2010-10-28 13:50:12,0.9611521455897893,84.34682563835364,1.099391038687724
CS2_38,442,12,CS2_38_11_01_10.xlsx,2010-10-28 13:50:12,0.9624647906257504,84.46201805870173,1.0994046476652037
CS2_38,443,13,CS2_38_11_01_10.xlsx,2010-10-28 13:50:12,0.9633229268785684,84.5373246261609,1.0994097477984879
CS2_38,444,14,CS2_38_11_01_10.xlsx,2010-10-28 13:50:12,0.9637150334909599,84.57173431688342,1.099394441775556
CS2_38,445,15,CS2_38_11_01_10.xlsx,2010-10-28 13:50:12,0.9641437381921811,84.60935570788813,1.09939274023164
CS2_38,446,16,CS2_38_11_01_10.xlsx,2010-10-28 13:50:12,0.96451242452261,84.64171012937136,1.0994012445773718
CS2_38,448,1,CS2_38_11_08_10.xlsx,2010-11-01 14:23:58,0.957372093596055,84.01510356096725,1.0993999594733828
CS2_38,449,2,CS2_38_11_08_10.xlsx,2010-11-01 14:23:58,0.8384474823031081,73.57876057524781,1.0994258665520211
CS2_38,450,3,CS2_38_11_08_10.xlsx,2010-11-01 14:23:58,0.9616037100052439,84.3864531054405,1.0993859351805921
CS2_38,451,4,CS2_38_11_08_10.xlsx,2010-11-01 14:23:58,0.9637247495604941,84.5725869598564,1.099385937429824
CS2_38,452,5,CS2_38_11_08_10.xlsx,2010-11-01 14:23:58,0.9646729575159321,84.65579785571008,1.0993604221433964
CS2_38,453,6,CS2_38_11_08_10.xlsx,2010-11-01 14:23:58,0.9578640668839764,84.05827714729844,1.09939824399494
CS2_38,454,7,CS2_38_11_08_10.xlsx,2010-11-01 14:23:58,0.9593723145590296,84.19063486428517,1.0994012400789082
CS2_38,455,8,CS2_38_11_08_10.xlsx,2010-11-01 14:23:58,0.9594964281902536,84.20152657467695,1.0993740299962602
CS2_38,456,9,CS2_38_11_08_10.xlsx,2010-11-01 14:23:58,0.9620630182526453,84.42676013990489,1.0994199514389038
CS2_38,457,10,CS2_38_11_08_10.xlsx,2010-11-01 14:23:58,0.9609508020642643,84.32915654473635,1.0993995385349922
CS2_38,458,11,CS2_38_11_08_10.xlsx,2010-11-01 14:23:58,0.9667054153680237,84.83415813805901,1.099385936305208
CS2_38,459,12,CS2_38_11_08_10.xlsx,2010-11-01 14:23:58,0.9678691488465816,84.93628268229047,1.0993755387368602
CS2_38,460,13,CS2_38_11_08_10.xlsx,2010-11-01 14:23:58,0.9635775957943356,84.5596733403913,1.0993893393930398
CS2_38,461,14,CS2_38_11_08_10.xlsx,2010-11-01 14:23:58,0.8322797964910027,73.03750940895449,1.0994101905304452
CS2_38,462,15,CS2_38_11_08_10.xlsx,2010-11-01 14:23:58,0.9584619742301506,84.11074707821109,1.099393089612325
CS2_38,463,16,CS2_38_11_08_10.xlsx,2010-11-01 14:23:58,0.9594184273566402,84.19468153693487,1.099396138821008
CS2_38,464,17,CS2_38_11_08_10.xlsx,2010-11-01 14:23:58,0.9599703752855699,84.24311825523853,1.0993978358664602
CS2_38,465,18,CS2_38_11_08_10.xlsx,2010-11-01 14:23:58,0.958695500623957,84.13124041020929,1.0993845133554367
CS2_38,466,19,CS2_38_11_08_10.xlsx,2010-11-01 14:23:58,0.9646918936025521,84.65745961009907,1.0993893393930398
CS2_38,467,20,CS2_38_11_08_10.xlsx,2010-11-01 14:23:58,0.9658579990090033,84.75979230513094,1.0993961365717762
CS2_38,468,21,CS2_38_11_08_10.xlsx,2010-11-01 14:23:58,0.9590175596554715,84.15950300848891,1.0993982485362461
CS2_38,469,22,CS2_38_11_08_10.xlsx,2010-11-01 14:23:58,0.9552694185124118,83.83058129831824,1.099374204590207
CS2_38,470,23,CS2_38_11_08_10.xlsx,2010-11-01 14:23:58,0.9562779450737935,83.91908551111622,1.0993930930183047
CS2_38,471,24,CS2_38_11_08_10.xlsx,2010-11-01 14:23:58,0.9557237011212187,83.87044730306202,1.0993930930183047
CS2_38,472,25,CS2_38_11_08_10.xlsx,2010-11-01 14:23:58,0.8278097346155704,72.6452348545775,1.0993830541987994
CS2_38,473,26,CS2_38_11_08_10.xlsx,2010-11-01 14:23:58,0.9529287743342323,83.62517583022017,1.0993862242925734
CS2_38,474,27,CS2_38_11_08_10.xlsx,2010-11-01 14:23:58,0.9615913893482251,84.38537189440217,1.0993689253645123
CS2_38,475,28,CS2_38_11_08_10.xlsx,2010-11-01 14:23:58,0.9623119257159232,84.4486032523627,1.0993774263363965
CS2_38,476,29,CS2_38_11_08_10.xlsx,2010-11-01 14:23:58,0.9544973229139906,83.76282531076207,1.0993827933356874
CS2_38,477,30,CS2_38_11_08_10.xlsx,2010-11-01 14:23:58,0.952501174638499,83.58765141002873,1.0993707736333211
CS2_38,478,31,CS2_38_11_08_10.xlsx,2010-11-01 14:23:58,0.9540691417528357,83.72524986351652,1.099367340405782
CS2_38,479,32,CS2_38_11_08_10.xlsx,2010-11-01 14:23:58,0.9537576027741324,83.69791046253113,1.099369058154878
CS2_38,480,33,CS2_38_11_08_10.xlsx,2010-11-01 14:23:58,0.9552140006165004,83.82571804786916,1.0993776412237257
CS2_38,481,34,CS2_38_11_08_10.xlsx,2010-11-01 14:23:58,0.9588151412885715,84.14173959113896,1.0993859340559762
CS2_38,482,35,CS2_38_11_08_10.xlsx,2010-11-01 14:23:58,0.9612108896954794,84.35198078352254,1.0993536103446528
CS2_38,483,36,CS2_38_11_08_10.xlsx,2010-11-01 14:23:58,0.9619530986134706,84.41711403685842,1.0993859340559762
CS2_38,484,37,CS2_38_11_08_10.xlsx,2010-11-01 14:23:58,0.9624227196202355,84.45832607738235,1.0993655234012965
CS2_38,485,38,CS2_38_11_08_10.xlsx,2010-11-01 14:23:58,0.9627421697740246,84.48635973110244,1.0993451104973846
CS2_38,486,39,CS2_38_11_08_10.xlsx,2010-11-01 14:23:58,0.9631283434569653,84.52024877192764,1.0993655256505281
CS2_38,487,40,CS2_38_11_08_10.xlsx,2010-11-01 14:23:58,0.9643212374827357,84.62493232786451,1.0993689276137442
CS2_38,488,41,CS2_38_11_08_10.xlsx,2010-11-01 14:23:58,0.9648451180118158,84.6709059646549,1.099377431959476
CS2_38,489,42,CS2_38_11_08_10.xlsx,2010-11-01 14:23:58,0.9649908753214191,84.68369703673963,1.0993723307015761
CS2_38,490,43,CS2_38_11_08_10.xlsx,2010-11-01 14:23:58,0.9651554954579282,84.69814343423707,1.0993774308348603
CS2_38,491,44,CS2_38_11_08_10.xlsx,2010-11-01 14:23:58,0.9651227497088612,84.69526979971455,1.0993859329313602
CS2_38,492,45,CS2_38_11_08_10.xlsx,2010-11-01 14:23:58,0.9650936433687818,84.69271554500793,1.0993706224099644
CS2_38,493,46,CS2_38_11_08_10.xlsx,2010-11-01 14:23:58,0.9648678692330677,84.67290251983172,1.0993519177976645
CS2_38,494,47,CS2_38_11_08_10.xlsx,2010-11-01 14:23:58,0.9647797504210232,84.66516956921711,1.0993961466933198
CS2_38,495,48,CS2_38_11_08_10.xlsx,2010-11-01 14:23:58,0.9648556032260558,84.67182610465701,1.0993859340559762
CS2_38,496,49,CS2_38_11_08_10.xlsx,2010-11-01 14:23:58,0.8480123060624507,74.41813083061545,1.0993747083089684
CS2_38,497,50,CS2_38_11_08_10.xlsx,2010-11-01 14:23:58,0.9648698716903041,84.67307824738135,1.099392737982408
CS2_38,498,1,CS2_38_11_15_10.xlsx,2010-11-08 12:42:15,0.963159561856613,84.52298837244133,1.0994165461018401
CS2_38,499,2,CS2_38_11_15_10.xlsx,2010-11-08 12:42:15,0.96113231397002,84.34508529559676,1.0994165483510718
CS2_38,500,3,CS2_38_11_15_10.xlsx,2010-11-08 12:42:15,0.9655498585900733,84.73275114800835,1.0994216507335879
CS2_38,501,4,CS2_38_11_15_10.xlsx,2010-11-08 12:42:15,0.9672665629927608,84.88340218446547,1.0994318599970836
CS2_38,502,5,CS2_38_11_15_10.xlsx,2010-11-08 12:42:15,0.9675796600105908,84.91087831266428,1.0994131553847835
CS2_38,503,6,CS2_38_11_15_10.xlsx,2010-11-08 12:42:15,0.9575721828786605,84.03266258729775,1.0994308687391736
CS2_38,504,7,CS2_38_11_15_10.xlsx,2010-11-08 12:42:15,0.9579419215683558,84.06510935957472,1.0994343053726923
CS2_38,505,8,CS2_38_11_15_10.xlsx,2010-11-08 12:42:15,0.9584400804087965,84.10882576498219,1.0994188479014806
CS2_38,506,9,CS2_38_11_15_10.xlsx,2010-11-08 12:42:15,0.9577760829050419,84.05055602909232,1.0994119780404228
CS2_38,507,10,CS2_38_11_15_10.xlsx,2010-11-08 12:42:15,0.9547019938372507,83.78078640334941,1.0994222845349992
CS2_38,508,11,CS2_38_11_15_10.xlsx,2010-11-08 12:42:15,0.9615636758663015,84.38293987129494,1.0994386583004359
CS2_38,509,12,CS2_38_11_15_10.xlsx,2010-11-08 12:42:15,0.9624583481724169,84.46145269504885,1.0994216529828198
CS2_38,510,13,CS2_38_11_15_10.xlsx,2010-11-08 12:42:15,0.9593570161205118,84.18929233518391,1.0994165506003037
CS2_38,511,14,CS2_38_11_15_10.xlsx,2010-11-08 12:42:15,0.9524553428649902,83.58362939891781,1.0994205690565564
CS2_38,512,15,CS2_38_11_15_10.xlsx,2010-11-08 12:42:15,0.9542398402239485,83.7402296710795,1.099405110450018
CS2_38,513,16,CS2_38_11_15_10.xlsx,2010-11-08 12:42:15,0.9539684937654709,83.71641740314064,1.0993707736333211
CS2_38,514,17,CS2_38_11_15_10.xlsx,2010-11-08 12:42:15,0.9543133553282424,83.74668105935565,1.0994909638450259
CS2_38,515,18,CS2_38_11_15_10.xlsx,2010-11-08 12:42:15,0.9522232958866219,83.56326589443609,1.099484091713315
CS2_38,516,19,CS2_38_11_15_10.xlsx,2010-11-08 12:42:15,0.9586210214001483,84.12470441470316,1.099484093983968
CS2_38,517,20,CS2_38_11_15_10.xlsx,2010-11-08 12:42:15,0.9597474844337555,84.22355825539807,1.0994879783324476
CS2_38,518,21,CS2_38_11_15_10.xlsx,2010-11-08 12:42:15,0.9531440434744596,83.64406697947202,1.0994943925312588
CS2_38,519,22,CS2_38_11_15_10.xlsx,2010-11-08 12:42:15,0.94948601989989,83.32305362269918,1.0994974649869478
CS2_38,520,23,CS2_38_11_15_10.xlsx,2010-11-08 12:42:15,0.9507462082623448,83.43364265750202,1.0993845054081508
CS2_38,521,24,CS2_38_11_15_10.xlsx,2010-11-08 12:42:15,0.9497819172840529,83.34902038059838,1.0993951891477292
CS2_38,522,25,CS2_38_11_15_10.xlsx,2010-11-08 12:42:15,0.9492915233907127,83.30598539554896,1.0994003942379584
CS2_38,523,26,CS2_38_11_15_10.xlsx,2010-11-08 12:42:15,0.9523126282362995,83.57110534020613,1.0993930930183047
CS2_38,524,27,CS2_38_11_15_10.xlsx,2010-11-08 12:42:15,0.955928163773951,83.88839011867003,1.0993999628793625
CS2_38,525,28,CS2_38_11_15_10.xlsx,2010-11-08 12:42:15,0.95673991391633,83.9596260286509,1.099403392700922
CS2_38,526,29,CS2_38_11_15_10.xlsx,2010-11-08 12:42:15,0.9476602425241012,83.16283078318648,1.0993986553870714
CS2_38,527,30,CS2_38_11_15_10.xlsx,2010-11-08 12:42:15,0.945904325588419,83.00873861339943,1.0993761236851032
CS2_38,528,31,CS2_38_11_15_10.xlsx,2010-11-08 12:42:15,0.9463737061189086,83.04992955069785,1.099407326716643
CS2_38,529,32,CS2_38_11_15_10.xlsx,2010-11-08 12:42:15,0.946805947596495,83.08786131489452,1.0994021250651433
CS2_38,530,33,CS2_38_11_15_10.xlsx,2010-11-08 12:42:15,0.9448424813498875,82.91555545685812,1.0994142614878142
CS2_38,531,34,CS2_38_11_15_10.xlsx,2010-11-08 12:42:15,0.950948898782574,83.45142995792763,1.0994154169445947
CS2_38,532,35,CS2_38_11_15_10.xlsx,2010-11-08 12:42:15,0.9527132973142258,83.60626643827953,1.0993965273811703
CS2_38,533,36,CS2_38_11_15_10.xlsx,2010-11-08 12:42:15,0.9534013049541343,83.66664320662728,1.099382789929708
CS2_38,534,37,CS2_38_11_15_10.xlsx,2010-11-08 12:42:15,0.9537790694427528,83.69979429056343,1.099413700330825
CS2_38,535,38,CS2_38_11_15_10.xlsx,2010-11-08 12:42:15,0.9540458564555934,83.72320643999043,1.0994051115853445
CS2_38,536,39,CS2_38_11_15_10.xlsx,2010-11-08 12:42:15,0.9543928017312666,83.75365295442371,1.0993862265632266
CS2_38,537,40,CS2_38_11_15_10.xlsx,2010-11-08 12:42:15,0.9550704985561893,83.81312488734267,1.099405110450018
CS2_38,538,41,CS2_38_11_15_10.xlsx,2010-11-08 12:42:15,0.955121547892233,83.81760477064311,1.0993896575201125
CS2_38,539,42,CS2_38_11_15_10.xlsx,2010-11-08 12:42:15,0.9548822063922628,83.79660112844284,1.0994068304697673
CS2_38,540,43,CS2_38_11_15_10.xlsx,2010-11-08 12:42:15,0.9547834473518861,83.7879344344162,1.0993930941536314
CS2_38,541,44,CS2_38_11_15_10.xlsx,2010-11-08 12:42:15,0.9545670464768747,83.76894396869615,1.0993896654673985
CS2_38,542,45,CS2_38_11_15_10.xlsx,2010-11-08 12:42:15,0.9541966149703711,83.73643639761765,1.0994016783578056
CS2_38,543,46,CS2_38_11_15_10.xlsx,2010-11-08 12:42:15,0.9540042688888377,83.71955688330168,1.0994068293344408
CS2_38,544,47,CS2_38_11_15_10.xlsx,2010-11-08 12:42:15,0.9540302861056773,83.7218400490444,1.0993913775398618
CS2_38,545,48,CS2_38_11_15_10.xlsx,2010-11-08 12:42:15,0.9539925131138105,83.7185252440227,1.0993862254279
CS2_38,546,49,CS2_38_11_15_10.xlsx,2010-11-08 12:42:15,0.9538308088707268,83.70433473354115,1.099367338135129
CS2_38,547,50,CS2_38_11_15_10.xlsx,2010-11-08 12:42:15,0.9538002232343032,83.70165066176926,1.0994909604390461
CS2_38,548,1,CS2_38_11_22_10.xlsx,2010-11-15 12:55:15,0.952871877039424,83.62018275370622,1.099436014039176
CS2_38,549,2,CS2_38_11_22_10.xlsx,2010-11-15 12:55:15,0.950403631944696,83.40357954515801,1.0994240000134423
CS2_38,550,3,CS2_38_11_22_10.xlsx,2010-11-15 12:55:15,0.9546993270420772,83.78055237618884,1.099391376404535
CS2_38,551,4,CS2_38_11_22_10.xlsx,2010-11-15 12:55:15,0.9560034490713778,83.89499685193732,1.0994068304697673
CS2_38,552,5,CS2_38_11_22_10.xlsx,2010-11-15 12:55:15,0.9561044917438895,83.90386394828569,1.0994325808116368
CS2_38,553,6,CS2_38_11_22_10.xlsx,2010-11-15 12:55:15,0.946547137080656,83.06514915058942,1.0994159968999715
CS2_38,554,7,CS2_38_11_22_10.xlsx,2010-11-15 12:55:15,0.9445572921256522,82.89052840377305,1.0994333258041968
CS2_38,555,8,CS2_38_11_22_10.xlsx,2010-11-15 12:55:15,0.9423566166139938,82.69740601985063,1.099409058690071
CS2_38,556,9,CS2_38_11_22_10.xlsx,2010-11-15 12:55:15,0.9421348714185616,82.67794655818153,1.0994159865837831
CS2_38,557,10,CS2_38_11_22_10.xlsx,2010-11-15 12:55:15,0.9403695290216803,82.52302724803384,1.099409580230713
CS2_38,558,11,CS2_38_11_22_10.xlsx,2010-11-15 12:55:15,0.9484478792772872,83.23195059964029,1.099410789517256
CS2_38,559,12,CS2_38_11_22_10.xlsx,2010-11-15 12:55:15,0.9500306225423927,83.3708457483685,1.0994222822643462
CS2_38,560,13,CS2_38_11_22_10.xlsx,2010-11-15 12:55:15,0.9475948409931636,83.15709140929881,1.0994142580490847
CS2_38,561,14,CS2_38_11_22_10.xlsx,2010-11-15 12:55:15,0.9398416324166163,82.47670117665513,1.0993868309317283
CS2_38,562,15,CS2_38_11_22_10.xlsx,2010-11-15 12:55:15,0.9402783056011685,82.5150218495344,1.0993833287248334
CS2_38,563,16,CS2_38_11_22_10.xlsx,2010-11-15 12:55:15,0.9391549794733294,82.41644329100482,1.099371071000701
CS2_38,564,17,CS2_38_11_22_10.xlsx,2010-11-15 12:55:15,0.9378339775447433,82.30051750355314,1.0993903273517647
CS2_38,565,18,CS2_38_11_22_10.xlsx,2010-11-15 12:55:15,0.9354498595702836,82.09129695089067,1.099376326625787
CS2_38,566,19,CS2_38_11_22_10.xlsx,2010-11-15 12:55:15,0.9449582508366028,82.92571491886943,1.0993778533660448
CS2_38,567,20,CS2_38_11_22_10.xlsx,2010-11-15 12:55:15,0.9461914381691514,83.03393445247312,1.0993830561637878
CS2_38,568,21,CS2_38_11_22_10.xlsx,2010-11-15 12:55:15,0.9390520409564012,82.40740982301679,1.0993833240953463
CS2_38,569,22,CS2_38_11_22_10.xlsx,2010-11-15 12:55:15,0.9321556529766823,81.80221070118282,1.0993818301780551
CS2_38,570,23,CS2_38_11_22_10.xlsx,2010-11-15 12:55:15,0.9343830061704175,81.99767421060642,1.0993973259786958
CS2_38,571,24,CS2_38_11_22_10.xlsx,2010-11-15 12:55:15,0.9335782146750731,81.92704896335029,1.0993920807699555
CS2_38,572,25,CS2_38_11_22_10.xlsx,2010-11-15 12:55:15,0.9231509889085174,81.01199779516742,1.099371386046457
CS2_38,573,26,CS2_38_11_22_10.xlsx,2010-11-15 12:55:15,0.9233347456410534,81.02812354294856,1.0993977434494917
CS2_38,574,27,CS2_38_11_22_10.xlsx,2010-11-15 12:55:15,0.9353959652028756,82.08656739914227,1.099385075198794
CS2_38,575,28,CS2_38_11_22_10.xlsx,2010-11-15 12:55:15,0.9372276861003357,82.24731181808271,1.0993955795047352
CS2_38,576,29,CS2_38_11_22_10.xlsx,2010-11-15 12:55:15,0.9223908521191753,80.94529126433758,1.0994017301219525
CS2_38,577,30,CS2_38_11_22_10.xlsx,2010-11-15 12:55:15,0.9151937748545365,80.3137048667712,1.099398158564426
CS2_38,578,31,CS2_38_11_22_10.xlsx,2010-11-15 12:55:15,0.9169926987412644,80.47157115267271,1.0993981609250059
CS2_38,579,32,CS2_38_11_22_10.xlsx,2010-11-15 12:55:15,0.9128669223452164,80.10950969976219,1.0993769550323487
CS2_38,580,33,CS2_38_11_22_10.xlsx,2010-11-15 12:55:15,0.9100127046568325,79.85903509717124,1.0994130086898803
CS2_38,581,34,CS2_38_11_22_10.xlsx,2010-11-15 12:55:15,0.9187581878660644,80.6265033390692,1.0993874474327163
CS2_38,582,35,CS2_38_11_22_10.xlsx,2010-11-15 12:55:15,0.9270076455004848,81.3504423823249,1.0993800665818008
CS2_38,583,36,CS2_38_11_22_10.xlsx,2010-11-15 12:55:15,0.9296580435403712,81.58303059675931,1.0993783006481095
CS2_38,584,37,CS2_38_11_22_10.xlsx,2010-11-15 12:55:15,0.9311117115029575,81.71059861888665,1.0993924386361067
CS2_38,585,38,CS2_38_11_22_10.xlsx,2010-11-15 12:55:15,0.9319559002737847,81.78468121172644,1.0993693222119971
CS2_38,586,39,CS2_38_11_22_10.xlsx,2010-11-15 12:55:15,0.8086229249445509,70.96147802450278,1.0994809115870614
CS2_38,587,40,CS2_38_11_22_10.xlsx,2010-11-15 12:55:15,0.9343546528176816,81.99518603502418,1.0994638412901498
CS2_38,588,41,CS2_38_11_22_10.xlsx,2010-11-15 12:55:15,0.934629224716204,82.0192813545385,1.0994743455960914
CS2_38,589,42,CS2_38_11_22_10.xlsx,2010-11-15 12:55:15,0.9350531271586604,82.05648131873315,1.0994568380337317
CS2_38,590,43,CS2_38_11_22_10.xlsx,2010-11-15 12:55:15,0.9338003113068609,81.94653926565282,1.099483090696983
CS2_38,591,44,CS2_38_11_22_10.xlsx,2010-11-15 12:55:15,0.9333054412387511,81.90311146960615,1.0994760932274235
CS2_38,592,45,CS2_38_11_22_10.xlsx,2010-11-15 12:55:15,0.9329675862921576,81.87346268569391,1.099477844330871
CS2_38,593,46,CS2_38_11_22_10.xlsx,2010-11-15 12:55:15,0.9326706713750568,81.84740663321871,1.0994708433891962
CS2_38,594,47,CS2_38_11_22_10.xlsx,2010-11-15 12:55:15,0.9321588100284686,81.80248775128125,1.099455088087656
CS2_38,595,48,CS2_38_11_22_10.xlsx,2010-11-15 12:55:15,0.9325037615276415,81.83275929995118,1.099481341908279
CS2_38,596,49,CS2_38_11_22_10.xlsx,2010-11-15 12:55:15,0.8114600908062641,71.21045622773842,1.0994667270210352
CS2_38,597,50,CS2_38_11_22_10.xlsx,2010-11-15 12:55:15,0.9322878994386343,81.81381611591215,1.0996021333250028
CS2_38,598,1,CS2_38_11_24_10.xlsx,2010-11-22 13:15:42,0.919819353231195,80.71962692042604,1.0994338611565013
CS2_38,599,2,CS2_38_11_24_10.xlsx,2010-11-22 13:15:42,0.9153076825935399,80.32370094933177,1.099424936983845
CS2_38,600,3,CS2_38_11_24_10.xlsx,2010-11-22 13:15:42,0.9256535718226291,81.2316143518912,1.099411877931333
CS2_38,601,4,CS2_38_11_24_10.xlsx,2010-11-22 13:15:42,0.929289736273283,81.55070944034203,1.0993853702264673
CS2_38,602,5,CS2_38_11_24_10.xlsx,2010-11-22 13:15:42,0.9309485184523494,81.69627745667711,1.0993782936357985
CS2_38,603,6,CS2_38_11_24_10.xlsx,2010-11-22 13:15:42,0.9113403770744934,79.97554625977037,1.099411209821701
CS2_38,604,7,CS2_38_11_24_10.xlsx,2010-11-22 13:15:42,0.7700003787524832,67.57211955059273,1.0994083474664127
CS2_38,605,8,CS2_38_11_24_10.xlsx,2010-11-22 13:15:42,0.907289625035653,79.62006864106867,1.0994058001041411
CS2_38,606,9,CS2_38_11_24_10.xlsx,2010-11-22 13:15:42,0.9053974672865746,79.4540205284217,1.0994081316572246
CS2_38,607,10,CS2_38_11_24_10.xlsx,2010-11-22 13:15:42,0.9016600639317787,79.12604112312815,1.0994409093953141
CS2_38,608,11,CS2_38_11_24_10.xlsx,2010-11-22 13:15:42,0.9116507807314651,80.00278602951154,1.0993913769721986
CS2_38,609,12,CS2_38_11_24_10.xlsx,2010-11-22 13:15:42,0.9179934724761925,80.55939500877159,1.099405300499189
CS2_38,610,13,CS2_38_11_24_10.xlsx,2010-11-22 13:15:42,0.919790584226277,80.71710226888908,1.0993945917280594
CS2_38,611,14,CS2_38_11_24_10.xlsx,2010-11-22 13:15:42,0.9022884895247785,79.18118921197406,1.0994135936101277
CS2_38,612,15,CS2_38_11_24_10.xlsx,2010-11-22 13:15:42,0.8974682524009996,78.75818469382317,1.0993953858963166
CS2_38,613,16,CS2_38_11_24_10.xlsx,2010-11-22 13:15:42,0.8965528676304402,78.67785422794569,1.0994190567671651
CS2_38,615,1,CS2_38_12_06_10.xlsx,2010-11-29 10:34:08,0.902216051675092,79.1748323592061,1.099533783064948
CS2_38,616,2,CS2_38_12_06_10.xlsx,2010-11-29 10:34:08,0.898427415447579,78.84235696417579,1.09948097696208
CS2_38,617,3,CS2_38_12_06_10.xlsx,2010-11-29 10:34:08,0.897221581713773,78.73653787178667,1.0994773272312048
CS2_38,618,4,CS2_38_12_06_10.xlsx,2010-11-29 10:34:08,0.8959023671152551,78.62076893319424,1.099463859382941
CS2_38,619,5,CS2_38_12_06_10.xlsx,2010-11-29 10:34:08,0.9098883666070132,79.84812369271106,1.0994400525093078
CS2_38,620,6,CS2_38_12_06_10.xlsx,2010-11-29 10:34:08,0.9129793992103119,80.1193802146147,1.0994472634792327
CS2_38,621,7,CS2_38_12_06_10.xlsx,2010-11-29 10:34:08,0.9037473855511982,79.30921602784242,1.0994700482397368
CS2_38,622,8,CS2_38_12_06_10.xlsx,2010-11-29 10:34:08,0.896074229092755,78.63585084537283,1.0994381016614485
CS2_38,623,9,CS2_38_12_06_10.xlsx,2010-11-29 10:34:08,0.8963339674119286,78.65864442994678,1.0994318001198047
CS2_38,624,10,CS2_38_12_06_10.xlsx,2010-11-29 10:34:08,0.8931803464616372,78.38189540780267,1.0994252282745984
CS2_38,625,11,CS2_38_12_06_10.xlsx,2010-11-29 10:34:08,0.8922522777198569,78.30045184790164,1.0994344292854776
CS2_38,626,12,CS2_38_12_06_10.xlsx,2010-11-29 10:34:08,0.8905971126081393,78.15520125077057,1.0993994729859489
CS2_38,627,13,CS2_38_12_06_10.xlsx,2010-11-29 10:34:08,0.90329438395894,79.26946243993086,1.099409949899924
CS2_38,628,14,CS2_38_12_06_10.xlsx,2010-11-29 10:34:08,0.9061053078511119,79.51613775403548,1.099402197599411
CS2_38,629,15,CS2_38_12_06_10.xlsx,2010-11-29 10:34:08,0.8962084801527812,78.64763217552306,1.0994049918894866
CS2_38,630,16,CS2_38_12_06_10.xlsx,2010-11-29 10:34:08,0.8889510296473357,78.01074766647777,1.0994160296965618
CS2_38,631,17,CS2_38_12_06_10.xlsx,2010-11-29 10:34:08,0.8886189415235002,77.98160495561118,1.0994086715639855
CS2_38,632,18,CS2_38_12_06_10.xlsx,2010-11-29 10:34:08,0.8850216800502722,77.66592383514532,1.0993980697749817
CS2_38,633,19,CS2_38_12_06_10.xlsx,2010-11-29 10:34:08,0.883973761796689,77.57396276672989,1.0993813423766303
CS2_38,634,20,CS2_38_12_06_10.xlsx,2010-11-29 10:34:08,0.8848356451353752,77.64959816329258,1.0994036443454702
CS2_38,635,21,CS2_38_12_06_10.xlsx,2010-11-29 10:34:08,0.8961472604894425,78.64225978542544,1.0994026685001874
CS2_38,636,22,CS2_38_12_06_10.xlsx,2010-11-29 10:34:08,0.8987425419170272,78.87001118884204,1.099382636523006
CS2_38,637,23,CS2_38_12_06_10.xlsx,2010-11-29 10:34:08,0.8850526729356645,77.6686436454399,1.0994092226028442
CS2_38,638,24,CS2_38_12_06_10.xlsx,2010-11-29 10:34:08,0.8814008750597928,77.34817663080959,1.0993869108023102
CS2_38,639,25,CS2_38_12_06_10.xlsx,2010-11-29 10:34:08,0.8844839292855831,77.61873300256565,1.099392490288646
CS2_38,640,26,CS2_38_12_06_10.xlsx,2010-11-29 10:34:08,0.8828007488853409,77.47102389700048,1.0993832042536784
CS2_38,641,27,CS2_38_12_06_10.xlsx,2010-11-29 10:34:08,0.8827352105873842,77.46527252099227,1.0993980648591346
CS2_38,642,28,CS2_38_12_06_10.xlsx,2010-11-29 10:34:08,0.8837015089002698,77.55007095346268,1.0993850575279944
CS2_38,643,29,CS2_38_12_06_10.xlsx,2010-11-29 10:34:08,0.8938327481719028,78.43914754374643,1.0993994693366849
CS2_38,644,30,CS2_38_12_06_10.xlsx,2010-11-29 10:34:08,0.895594776821035,78.59377605279163,1.0993884339624522
CS2_38,645,31,CS2_38_12_06_10.xlsx,2010-11-29 10:34:08,0.8853983767921925,77.69898121794895,1.0993962128137804
CS2_38,646,32,CS2_38_12_06_10.xlsx,2010-11-29 10:34:08,0.8804091269881162,77.26114483042014,1.0993906308695214
CS2_38,647,33,CS2_38_12_06_10.xlsx,2010-11-29 10:34:08,0.8813612441370466,77.34469878128692,1.0993906345564066
CS2_38,648,34,CS2_38_12_06_10.xlsx,2010-11-29 10:34:08,0.8806630937625215,77.2834319275639,1.0993980685460198
CS2_38,649,35,CS2_38_12_06_10.xlsx,2010-11-29 10:34:08,0.87978154349722,77.20607064104958,1.099414797173333
CS2_38,650,36,CS2_38_12_06_10.xlsx,2010-11-29 10:34:08,0.8817087667637082,77.37519596170827,1.0993980660880964
CS2_38,651,37,CS2_38_12_06_10.xlsx,2010-11-29 10:34:08,0.8903440139459491,78.13299033564437,1.0993810685313479
CS2_38,652,38,CS2_38_12_06_10.xlsx,2010-11-29 10:34:08,0.8917236352933813,78.25406032625175,1.0993957872293434
CS2_38,653,39,CS2_38_12_06_10.xlsx,2010-11-29 10:34:08,0.8925162884451225,78.32362036155769,1.099381073397033
CS2_38,654,40,CS2_38_12_06_10.xlsx,2010-11-29 10:34:08,0.8927187214947807,78.34138506740712,1.0993994681202635
CS2_38,655,41,CS2_38_12_06_10.xlsx,2010-11-29 10:34:08,0.8927710698129729,78.34597894412818,1.0993957957442926
CS2_38,656,42,CS2_38_12_06_10.xlsx,2010-11-29 10:34:08,0.8929442631572826,78.36117769167427,1.0993976349733314
CS2_38,657,43,CS2_38_12_06_10.xlsx,2010-11-29 10:34:08,0.8929174742149897,78.35882680242644,1.0993902731914909
CS2_38,658,44,CS2_38_12_06_10.xlsx,2010-11-29 10:34:08,0.8950188877538139,78.54323835700347,1.09939947420237
CS2_38,659,45,CS2_38_12_06_10.xlsx,2010-11-29 10:34:08,0.8948792561824988,78.53098485493997,1.099408670347564
CS2_38,660,46,CS2_38_12_06_10.xlsx,2010-11-29 10:34:08,0.8950301582896714,78.54422741365511,1.0994068274692612
CS2_38,661,47,CS2_38_12_06_10.xlsx,2010-11-29 10:34:08,0.7662765887709782,67.2453347998901,1.0993982496715726
CS2_38,662,48,CS2_38_12_06_10.xlsx,2010-11-29 10:34:08,0.8943912948889192,78.48816334500872,1.0993865898677282
CS2_38,663,49,CS2_38_12_06_10.xlsx,2010-11-29 10:34:08,0.8945503472428129,78.50212113641854,1.0993700380228004
CS2_38,664,50,CS2_38_12_06_10.xlsx,2010-11-29 10:34:08,0.8944814900052833,78.49607850369436,1.0995816041012199
CS2_38,665,1,CS2_38_12_13_10.xlsx,2010-12-06 12:33:56,0.888011898696129,77.92833333181026,1.0994491455506306
CS2_38,666,2,CS2_38_12_13_10.xlsx,2010-12-06 12:33:56,0.883747415688394,77.55409954755291,1.0994352421809717
CS2_38,667,3,CS2_38_12_13_10.xlsx,2010-12-06 12:33:56,0.8874360208836343,77.87779662369141,1.0993939528659897
CS2_38,668,4,CS2_38_12_13_10.xlsx,2010-12-06 12:33:56,0.8936908516119746,78.42669527544129,1.0994381040942913
CS2_38,669,5,CS2_38_12_13_10.xlsx,2010-12-06 12:33:56,0.8939206169205764,78.4468585498108,1.099410513225867
CS2_38,670,6,CS2_38_12_13_10.xlsx,2010-12-06 12:33:56,0.8805768717495726,77.27586543236772,1.0994166504476488
CS2_38,671,7,CS2_38_12_13_10.xlsx,2010-12-06 12:33:56,0.8751971850186475,76.80376587896782,1.0994229254623253
CS2_38,672,8,CS2_38_12_13_10.xlsx,2010-12-06 12:33:56,0.8749965741415826,76.78616107961676,1.0994210528830688
CS2_38,673,9,CS2_38_12_13_10.xlsx,2010-12-06 12:33:56,0.8744280537472662,76.73627002876567,1.0994060238202412
CS2_38,674,10,CS2_38_12_13_10.xlsx,2010-12-06 12:33:56,0.8719567862590551,76.51940158718719,1.0994135389725368
CS2_38,675,11,CS2_38_12_13_10.xlsx,2010-12-06 12:33:56,0.8770095986200293,76.96281596767831,1.0994116601844628
CS2_38,676,12,CS2_38_12_13_10.xlsx,2010-12-06 12:33:56,0.8834335139303438,77.52655279860653,1.0993869194050425
CS2_38,677,13,CS2_38_12_13_10.xlsx,2010-12-06 12:33:56,0.8841757613925125,77.59168943442359,1.099383196879908
CS2_38,678,14,CS2_38_12_13_10.xlsx,2010-12-06 12:33:56,0.8715611185508756,76.4846793890985,1.099479265511036
CS2_38,679,15,CS2_38_12_13_10.xlsx,2010-12-06 12:33:56,0.865712319605608,75.97141244474021,1.099495748469704
CS2_38,680,16,CS2_38_12_13_10.xlsx,2010-12-06 12:33:56,0.8698291463561798,76.33268851295387,1.0994548549254735
CS2_38,681,17,CS2_38_12_13_10.xlsx,2010-12-06 12:33:56,0.8661509515873362,76.00990501373879,1.0994558999412938
CS2_38,682,18,CS2_38_12_13_10.xlsx,2010-12-06 12:33:56,0.8668018883535229,76.06702859211404,1.0994805662255538
CS2_38,683,19,CS2_38_12_13_10.xlsx,2010-12-06 12:33:56,0.8665614067106198,76.04592489558041,1.0994634879262823
CS2_38,684,20,CS2_38_12_13_10.xlsx,2010-12-06 12:33:56,0.8760316835141033,76.87699809242606,1.0994886482755344
CS2_38,685,21,CS2_38_12_13_10.xlsx,2010-12-06 12:33:56,0.7425093926509128,65.15962177698302,1.0994938321229888
CS2_38,686,22,CS2_38_12_13_10.xlsx,2010-12-06 12:33:56,0.87254306659311,76.57085117853299,1.0994773854811986
CS2_38,687,23,CS2_38_12_13_10.xlsx,2010-12-06 12:33:56,0.8615546292871272,75.60655035504892,1.099512831788314
CS2_38,688,24,CS2_38_12_13_10.xlsx,2010-12-06 12:33:56,0.8609899062784052,75.55699254740192,1.0994976470344946
CS2_38,689,25,CS2_38_12_13_10.xlsx,2010-12-06 12:33:56,0.861860684561691,75.63340852833373,1.0994767753701462
CS2_38,690,26,CS2_38_12_13_10.xlsx,2010-12-06 12:33:56,0.8568698270305326,75.19543105317743,1.0994895734685532
CS2_38,691,27,CS2_38_12_13_10.xlsx,2010-12-06 12:33:56,0.8549536749097122,75.0272772914936,1.0994857397485287
CS2_38,692,28,CS2_38_12_13_10.xlsx,2010-12-06 12:33:56,0.86666163212643,76.05472027278543,1.0994862644295944
CS2_38,693,29,CS2_38_12_13_10.xlsx,2010-12-06 12:33:56,0.8689760127250352,76.25782095534339,1.099486261919925
CS2_38,694,30,CS2_38_12_13_10.xlsx,2010-12-06 12:33:56,0.8702720213718678,76.37155343345498,1.0994961621860664
CS2_38,695,31,CS2_38_12_13_10.xlsx,2010-12-06 12:33:56,0.7150197990488785,62.747246203501675,1.0994511691829827
CS2_38,696,32,CS2_38_12_13_10.xlsx,2010-12-06 12:33:56,0.8522794324611738,74.79259658817672,1.0994512159773644
CS2_38,697,33,CS2_38_12_13_10.xlsx,2010-12-06 12:33:56,0.8543830455852941,74.97720116946478,1.099470393454775
CS2_38,698,34,CS2_38_12_13_10.xlsx,2010-12-06 12:33:56,0.854652895125561,75.00088207391464,1.0994914922308414
CS2_38,699,35,CS2_38_12_13_10.xlsx,2010-12-06 12:33:56,0.8523531549412375,74.79906617491187,1.0994953246826822
CS2_38,700,36,CS2_38_12_13_10.xlsx,2010-12-06 12:33:56,0.8584033709831367,75.33000866919022,1.0994838159135047
CS2_38,701,37,CS2_38_12_13_10.xlsx,2010-12-06 12:33:56,0.8633504243853984,75.76414207112748,1.0994938511597483
CS2_38,702,38,CS2_38_12_13_10.xlsx,2010-12-06 12:33:56,0.8645991488737828,75.87372508269894,1.099499549363789
CS2_38,703,39,CS2_38_12_13_10.xlsx,2010-12-06 12:33:56,0.8654698408143631,75.95013348654408,1.099474873040852
CS2_38,704,40,CS2_38_12_13_10.xlsx,2010-12-06 12:33:56,0.865711151024108,75.97130989475322,1.099499541834781
CS2_38,705,41,CS2_38_12_13_10.xlsx,2010-12-06 12:33:56,0.8659206097004244,75.98969114118832,1.0994672838010286
CS2_38,706,42,CS2_38_12_13_10.xlsx,2010-12-06 12:33:56,0.866170372605751,76.01160932378114,1.0994862581554212
CS2_38,707,43,CS2_38_12_13_10.xlsx,2010-12-06 12:33:56,0.8660874042875619,76.00432835967996,1.0994710784209403
CS2_38,708,44,CS2_38_12_13_10.xlsx,2010-12-06 12:33:56,0.8663703926622404,76.02916227510761,1.0994634904359517
CS2_38,709,45,CS2_38_12_13_10.xlsx,2010-12-06 12:33:56,0.866482792536857,76.03902603358702,1.099486261919925
CS2_38,710,46,CS2_38_12_13_10.xlsx,2010-12-06 12:33:56,0.866515292390794,76.04187808934726,1.0994786739349365
CS2_38,711,47,CS2_38_12_13_10.xlsx,2010-12-06 12:33:56,0.8668772588692306,76.07364280379305,1.0994350245124416
CS2_38,712,48,CS2_38_12_13_10.xlsx,2010-12-06 12:33:56,0.8672224621491722,76.1039364477251,1.0995223158284237
CS2_38,713,49,CS2_38_12_13_10.xlsx,2010-12-06 12:33:56,0.8670045563864903,76.08481391914849,1.0996343098188701
CS2_38,714,50,CS2_38_12_13_10.xlsx,2010-12-06 12:33:56,0.8671204195522364,76.09498160205273,1.099641906587701
CS2_38,715,1,CS2_38_12_20_10.xlsx,2010-12-13 12:36:53,0.85504524346603,75.03531297771573,1.0994166960107519
CS2_38,716,2,CS2_38_12_20_10.xlsx,2010-12-13 12:36:53,0.849043687323291,74.50864067941923,1.0994309251026442
CS2_38,717,3,CS2_38_12_20_10.xlsx,2010-12-13 12:36:53,0.697438741705984,61.20440370448289,1.099376390506695
CS2_38,718,4,CS2_38_12_20_10.xlsx,2010-12-13 12:36:53,0.857632540116323,75.26236366936566,1.0993706647385941
CS2_38,719,5,CS2_38_12_20_10.xlsx,2010-12-13 12:36:53,0.8599752283172992,75.46794851263886,1.0994122517736336
CS2_38,720,6,CS2_38_12_20_10.xlsx,2010-12-13 12:36:53,0.8538943355819439,74.93431395579165,1.0993975172651576
CS2_38,721,7,CS2_38_12_20_10.xlsx,2010-12-13 12:36:53,0.8425763933052037,73.94109710850951,1.099432860651324
CS2_38,722,8,CS2_38_12_20_10.xlsx,2010-12-13 12:36:53,0.8438288492176502,74.05100757476771,1.0994173519072994
CS2_38,723,9,CS2_38_12_20_10.xlsx,2010-12-13 12:36:53,0.8428528947308642,73.96536175552293,1.0994154176404398
CS2_38,724,10,CS2_38_12_20_10.xlsx,2010-12-13 12:36:53,0.842554389219722,73.93916611894666,1.0994095981761973
CS2_38,725,11,CS2_38_12_20_10.xlsx,2010-12-13 12:36:53,0.8420772693455092,73.89729600813904,1.099408227464427
CS2_38,726,12,CS2_38_12_20_10.xlsx,2010-12-13 12:36:53,0.852239111477946,74.7890581817366,1.0994186122366723
CS2_38,727,13,CS2_38_12_20_10.xlsx,2010-12-13 12:36:53,0.8539056894077941,74.93531032163624,1.099359154701233
CS2_38,728,14,CS2_38_12_20_10.xlsx,2010-12-13 12:36:53,0.854331443547423,74.97267278328692,1.0993629884212575
CS2_38,729,15,CS2_38_12_20_10.xlsx,2010-12-13 12:36:53,0.83859601675878,73.59179535844144,1.099370995293493
CS2_38,730,16,CS2_38_12_20_10.xlsx,2010-12-13 12:36:53,0.8384339246333052,73.57757080896974,1.099376874125522
CS2_38,731,17,CS2_38_12_20_10.xlsx,2010-12-13 12:36:53,0.8389201712533918,73.62024184608896,1.0993886330853337
CS2_38,732,18,CS2_38_12_20_10.xlsx,2010-12-13 12:36:53,0.8401169733008871,73.72526835420935,1.0993945093258568
CS2_38,733,19,CS2_38_12_20_10.xlsx,2010-12-13 12:36:53,0.835983788072916,73.36255673216871,1.0993945093258568
CS2_38,734,20,CS2_38_12_20_10.xlsx,2010-12-13 12:36:53,0.8450925651421262,74.16190617414897,1.0994037889665174
CS2_38,735,21,CS2_38_12_20_10.xlsx,2010-12-13 12:36:53,0.8469169151665987,74.322003755082,1.0993805200822893
CS2_38,736,22,CS2_38_12_20_10.xlsx,2010-12-13 12:36:53,0.8470809194902209,74.33639611133064,1.0993824569127892
CS2_38,737,23,CS2_38_12_20_10.xlsx,2010-12-13 12:36:53,0.8308728313303071,72.91403983586666,1.0993672072232425
CS2_38,738,24,CS2_38_12_20_10.xlsx,2010-12-13 12:36:53,0.8307520526329668,72.90344078578688,1.0993830528888073
CS2_38,739,25,CS2_38_12_20_10.xlsx,2010-12-13 12:36:53,0.8299515843132497,72.83319492294196,1.099390977031582
CS2_38,740,26,CS2_38_12_20_10.xlsx,2010-12-13 12:36:53,0.8301120692486954,72.84727843191578,1.0994107945934757
CS2_38,741,27,CS2_38_12_20_10.xlsx,2010-12-13 12:36:53,0.8289168328348389,72.74238931747252,1.0994068331770845
CS2_38,742,28,CS2_38_12_20_10.xlsx,2010-12-13 12:36:53,0.8344624287695801,73.22904839170404,1.0994141075922095
CS2_38,743,29,CS2_38_12_20_10.xlsx,2010-12-13 12:36:53,0.8413788099932553,73.83600203977996,1.0993964749833811
CS2_38,744,30,CS2_38_12_20_10.xlsx,2010-12-13 12:36:53,0.8434451988648419,74.01733997119122,1.0994018470087359
CS2_38,745,31,CS2_38_12_20_10.xlsx,2010-12-13 12:36:53,0.8356093414078707,73.3296968070129,1.0994062747644342
CS2_38,746,32,CS2_38_12_20_10.xlsx,2010-12-13 12:36:53,0.8326694790886009,73.07170637794087,1.099424659550845
CS2_38,747,33,CS2_38_12_20_10.xlsx,2010-12-13 12:36:53,0.8321940886061157,73.02998803155803,1.0993790954023928
CS2_38,748,34,CS2_38_12_20_10.xlsx,2010-12-13 12:36:53,0.8330865402139871,73.108305975814,1.0993751287460327
CS2_38,749,35,CS2_38_12_20_10.xlsx,2010-12-13 12:36:53,0.8318035366951193,72.99571477514313,1.0993533370259043
CS2_38,750,36,CS2_38_12_20_10.xlsx,2010-12-13 12:36:53,0.8315550214508036,72.9739060822354,1.0993652238950624
CS2_38,751,37,CS2_38_12_20_10.xlsx,2010-12-13 12:36:53,0.8422396592270971,73.91154668748317,1.0993611981039462
CS2_38,752,38,CS2_38_12_20_10.xlsx,2010-12-13 12:36:53,0.8433988851029177,74.013275662726,1.0993669532960462
CS2_38,753,39,CS2_38_12_20_10.xlsx,2010-12-13 12:36:53,0.8441132073569335,74.0759616951981,1.099372761223906
CS2_38,754,40,CS2_38_12_20_10.xlsx,2010-12-13 12:36:53,0.8442562401578826,74.08851367542056,1.0993611261408816
CS2_38,755,41,CS2_38_12_20_10.xlsx,2010-12-13 12:36:53,0.8441760087403765,74.08147289065599,1.099401843163275
CS2_38,756,42,CS2_38_12_20_10.xlsx,2010-12-13 12:36:53,0.8441039341310201,74.07514791439056,1.0994212319774013
CS2_38,757,43,CS2_38_12_20_10.xlsx,2010-12-13 12:36:53,0.8443498393607811,74.09672756297519,1.0993882776588522
CS2_38,758,44,CS2_38_12_20_10.xlsx,2010-12-13 12:36:53,0.8443602574754792,74.09764181459285,1.0993747070271482
CS2_38,759,45,CS2_38_12_20_10.xlsx,2010-12-13 12:36:53,0.8443110081299494,74.09331989118118,1.0993940919958136
CS2_38,760,46,CS2_38_12_20_10.xlsx,2010-12-13 12:36:53,0.7172453876878038,62.94255486273058,1.0993986808801
CS2_38,761,47,CS2_38_12_20_10.xlsx,2010-12-13 12:36:53,0.8434643256831933,74.01901846342568,1.0994057270788378
CS2_38,762,48,CS2_38_12_20_10.xlsx,2010-12-13 12:36:53,0.7164555899391019,62.87324540604884,1.0994351921202261
CS2_38,763,49,CS2_38_12_20_10.xlsx,2010-12-13 12:36:53,0.8425989770142834,73.94307896349548,1.0995743813053254
CS2_38,764,50,CS2_38_12_20_10.xlsx,2010-12-13 12:36:53,0.8427290048070333,73.95448967678738,1.0995608106736214
CS2_38,765,1,CS2_38_12_23_10.xlsx,2010-12-20 12:10:10,0.851141182917053,74.69270841098081,1.0994192900196198
CS2_38,766,2,CS2_38_12_23_10.xlsx,2010-12-20 12:10:10,0.845797731811119,74.22378874950233,1.099407660063877
CS2_38,767,3,CS2_38_12_23_10.xlsx,2010-12-20 12:10:10,0.8418006847559381,73.87302406299709,1.0993984315706335
CS2_38,768,4,CS2_38_12_23_10.xlsx,2010-12-20 12:10:10,0.8506671196343678,74.65110653428557,1.099396030108134
CS2_38,769,5,CS2_38_12_23_10.xlsx,2010-12-20 12:10:10,0.8510311322306015,74.68305080775525,1.0993725809645145
CS2_38,770,6,CS2_38_12_23_10.xlsx,2010-12-20 12:10:10,0.8454625652138992,74.19437588426011,1.0993766464212889
CS2_38,771,7,CS2_38_12_23_10.xlsx,2010-12-20 12:10:10,0.8367009796096685,73.42549456129113,1.0993710004765054
CS2_38,772,8,CS2_38_12_23_10.xlsx,2010-12-20 12:10:10,0.8342670584142153,73.21190347934603,1.0993807950745458
CS2_38,773,9,CS2_38_12_23_10.xlsx,2010-12-20 12:10:10,0.8347513025397868,73.2543987856442,1.0993984289791272
CS2_38,774,10,CS2_38_12_23_10.xlsx,2010-12-20 12:10:10,0.8320283717893844,73.015445393839,1.099381074800596
CS2_38,775,11,CS2_38_12_23_10.xlsx,2010-12-20 12:10:10,0.8291186079835349,72.76009628859389,1.099381073490604
CS2_38,776,12,CS2_38_12_23_10.xlsx,2010-12-20 12:10:10,0.840329971556006,73.74396021976696,1.0993807976660521
CS2_38,777,13,CS2_38_12_23_10.xlsx,2010-12-20 12:10:10,0.8419734107552355,73.88818179823474,1.0993824620400705
CS2_38,778,14,CS2_38_12_23_10.xlsx,2010-12-20 12:10:10,0.8421426651887618,73.90303488289847,1.0993960326717747
CS2_38,779,15,CS2_38_12_23_10.xlsx,2010-12-20 12:10:10,0.8301181825345889,72.8478149091652,1.0993889989433707
CS2_38,780,16,CS2_38_12_23_10.xlsx,2010-12-20 12:10:10,0.8238238475704431,72.29544952542626,1.099497542116377
CS2_38,781,17,CS2_38_12_23_10.xlsx,2010-12-20 12:10:10,0.819623074472446,71.92680666522058,1.0995015488730537
CS2_38,782,18,CS2_38_12_23_10.xlsx,2010-12-20 12:10:10,0.821271958701967,72.0715060775284,1.09950756099489
CS2_38,783,19,CS2_38_12_23_10.xlsx,2010-12-20 12:10:10,0.8205041686723398,72.00412792927895,1.0995175745752124
CS2_38,784,20,CS2_38_12_23_10.xlsx,2010-12-20 12:10:10,0.8238453894118418,72.2973399503176,1.0994915299945407
CS2_38,785,21,CS2_38_12_23_10.xlsx,2010-12-20 12:10:10,0.7075134441585327,62.088518852144524,1.0994824415598161
CS2_38,786,22,CS2_38_12_23_10.xlsx,2010-12-20 12:10:10,0.8303215201509424,72.86565899612998,1.099486075914823
CS2_38,787,23,CS2_38_12_23_10.xlsx,2010-12-20 12:10:10,0.8310543174559228,72.92996632436625,1.0994959807657934
CS2_38,788,24,CS2_38_12_23_10.xlsx,2010-12-20 12:10:10,0.8202950652062135,71.98577785465376,1.0994795150227017
CS2_38,789,25,CS2_38_12_23_10.xlsx,2010-12-20 12:10:10,0.8160207808281861,71.61068394177383,1.099479513698154
CS2_38,791,1,CS2_38_1_10_11.xlsx,2011-01-03 10:38:25,0.844963143724722,74.15054867390538,1.0994309276662848
CS2_38,792,2,CS2_38_1_10_11.xlsx,2011-01-03 10:38:25,0.832599212286379,73.06554004751924,1.099433701971303
CS2_38,793,3,CS2_38_1_10_11.xlsx,2011-01-03 10:38:25,0.8024743244006118,70.4219017041677,1.0994557033885608
CS2_38,794,4,CS2_38_1_10_11.xlsx,2011-01-03 10:38:25,0.7862309783854822,68.9964513419039,1.0994433635889098
CS2_38,795,5,CS2_38_1_10_11.xlsx,2011-01-03 10:38:25,0.8031682530473048,70.48279807612778,1.0994290750135074
CS2_38,796,6,CS2_38_1_10_11.xlsx,2011-01-03 10:38:25,0.8058842969842939,70.72114710903635,1.099426214614611
CS2_38,797,7,CS2_38_1_10_11.xlsx,2011-01-03 10:38:25,0.8052768440229263,70.66783949353442,1.0994290709495544
CS2_38,798,8,CS2_38_1_10_11.xlsx,2011-01-03 10:38:25,0.775718338359396,68.0739045636985,1.0994634894763722
CS2_38,799,9,CS2_38_1_10_11.xlsx,2011-01-03 10:38:25,0.7624276471800204,66.90756725002367,1.0994476079940796
CS2_38,800,10,CS2_38_1_10_11.xlsx,2011-01-03 10:38:25,0.7564732728930039,66.38503544059377,1.0994552373886108
CS2_38,801,11,CS2_38_1_10_11.xlsx,2011-01-03 10:38:25,0.7476507325571164,65.61080497686025,1.0994542531850862
CS2_38,802,12,CS2_38_1_10_11.xlsx,2011-01-03 10:38:25,0.7458949268710029,65.45672256988547,1.0994322663400231
CS2_38,803,13,CS2_38_1_10_11.xlsx,2011-01-03 10:38:25,0.7377055061720288,64.73805212531019,1.0994532535105577
CS2_38,804,14,CS2_38_1_10_11.xlsx,2011-01-03 10:38:25,0.7608937871580057,66.77296189703752,1.099426140387853
CS2_38,805,15,CS2_38_1_10_11.xlsx,2011-01-03 10:38:25,0.6321559019590861,55.475445675752376,1.099432589326586
CS2_38,806,16,CS2_38_1_10_11.xlsx,2011-01-03 10:38:25,0.7686644852300919,67.45488693708657,1.0994454664843423
CS2_38,807,17,CS2_38_1_10_11.xlsx,2011-01-03 10:38:25,0.7404352719558069,64.97760533200527,1.0994190791758096
CS2_38,808,18,CS2_38_1_10_11.xlsx,2011-01-03 10:38:25,0.7325084970061173,64.28198361631355,1.0994376724148973
CS2_38,809,19,CS2_38_1_10_11.xlsx,2011-01-03 10:38:25,0.7316045633892774,64.20265805738087,1.0994109680623183
CS2_38,810,20,CS2_38_1_10_11.xlsx,2011-01-03 10:38:25,0.7258944645077108,63.70156286974468,1.0994161695241929
CS2_38,811,21,CS2_38_1_10_11.xlsx,2011-01-03 10:38:25,0.723813387246695,63.518935944673274,1.0994206711649894
CS2_38,812,22,CS2_38_1_10_11.xlsx,2011-01-03 10:38:25,0.7150398626201486,62.749006901384284,1.0994237842439096
CS2_38,813,23,CS2_38_1_10_11.xlsx,2011-01-03 10:38:25,0.7340276500681284,64.41529834596106,1.0994087369353682
CS2_38,814,24,CS2_38_1_10_11.xlsx,2011-01-03 10:38:25,0.7407010340121083,65.00092753539106,1.0994287699828913
CS2_38,815,25,CS2_38_1_10_11.xlsx,2011-01-03 10:38:25,0.7447915390639679,65.35989371776408,1.0994168825265838
CS2_38,816,26,CS2_38_1_10_11.xlsx,2011-01-03 10:38:25,0.7186308144219176,63.06413431059761,1.0994466015055209
CS2_38,817,27,CS2_38_1_10_11.xlsx,2011-01-03 10:38:25,0.713053975779566,62.57473350268388,1.099426065819173
CS2_38,818,28,CS2_38_1_10_11.xlsx,2011-01-03 10:38:25,0.7120948592843028,62.49056531748652,1.0994214996506897
CS2_38,819,29,CS2_38_1_10_11.xlsx,2011-01-03 10:38:25,0.708581020732705,62.18220505528155,1.0994131060746999
CS2_38,820,30,CS2_38_1_10_11.xlsx,2011-01-03 10:38:25,0.7069958715848941,62.043098776015896,1.0994130999614031
CS2_38,821,31,CS2_38_1_10_11.xlsx,2011-01-03 10:38:25,0.7013977270553298,61.55182824959604,1.0994138547352381
CS2_38,822,32,CS2_38_1_10_11.xlsx,2011-01-03 10:38:25,0.6983105343734657,61.28090870366984,1.0994278982088164
CS2_38,823,33,CS2_38_1_10_11.xlsx,2011-01-03 10:38:25,0.6954417388097447,61.0291548056886,1.0994255620163758
CS2_38,824,34,CS2_38_1_10_11.xlsx,2011-01-03 10:38:25,0.6928270289260574,60.79969843952825,1.09941853331281
CS2_38,825,35,CS2_38_1_10_11.xlsx,2011-01-03 10:38:25,0.6912212243428613,60.6587795227786,1.0994051302734174
CS2_38,826,36,CS2_38_1_10_11.xlsx,2011-01-03 10:38:25,0.689647200498964,60.52064955519647,1.0993956452921818
CS2_38,827,37,CS2_38_1_10_11.xlsx,2011-01-03 10:38:25,0.6937322680911642,60.87913856809751,1.099413851638893
CS2_38,828,38,CS2_38_1_10_11.xlsx,2011-01-03 10:38:25,0.7026442175988308,61.66121521919805,1.099410789135175
CS2_38,829,39,CS2_38_1_10_11.xlsx,2011-01-03 10:38:25,0.7086045196739903,62.18426722734491,1.0994315957411742
CS2_38,830,40,CS2_38_1_10_11.xlsx,2011-01-03 10:38:25,0.7053926931606931,61.90241032036013,1.0994339050390782
CS2_38,831,41,CS2_38_1_10_11.xlsx,2011-01-03 10:38:25,0.7047041687681279,61.84198820388885,1.0994154138442798
CS2_38,832,42,CS2_38_1_10_11.xlsx,2011-01-03 10:38:25,0.7042274346101642,61.80015194197952,1.0994131045463758
CS2_38,833,43,CS2_38_1_10_11.xlsx,2011-01-03 10:38:25,0.7047981591616299,61.85023642074897,1.0994246617341652
CS2_38,834,44,CS2_38_1_10_11.xlsx,2011-01-03 10:38:25,0.7052112724786497,61.88648957492381,1.0994084767806225
CS2_38,835,45,CS2_38_1_10_11.xlsx,2011-01-03 10:38:25,0.5676005940869899,49.81033290239774,1.0994297171395921
CS2_38,836,46,CS2_38_1_10_11.xlsx,2011-01-03 10:38:25,0.7038818612419036,61.76982582059313,1.0994824446164644
CS2_38,837,47,CS2_38_1_10_11.xlsx,2011-01-03 10:38:25,0.7045824720476332,61.8313085918093,1.0994708843720264
CS2_38,838,48,CS2_38_1_10_11.xlsx,2011-01-03 10:38:25,0.7028866695244176,61.68249181977268,1.0995707248712514
CS2_38,839,49,CS2_38_1_10_11.xlsx,2011-01-03 10:38:25,0.703208557625544,61.71073941789265,1.0995847838265556
CS2_38,840,50,CS2_38_1_10_11.xlsx,2011-01-03 10:38:25,0.7022217765018084,61.62414349676939,1.099596491107693
CS2_38,841,1,CS2_38_1_18_11.xlsx,2011-01-10 11:47:49,0.737089876835464,64.68402698418416,1.0994220927909568
CS2_38,842,2,CS2_38_1_18_11.xlsx,2011-01-10 11:47:49,0.728763644598528,63.95335051226895,1.0993868678808212
CS2_38,843,3,CS2_38_1_18_11.xlsx,2011-01-10 11:47:49,0.720691626844379,63.244982875383414,1.0993872654588916
CS2_38,844,4,CS2_38_1_18_11.xlsx,2011-01-10 11:47:49,0.7135800950974458,62.62090360652623,1.0993986793711215
CS2_38,845,5,CS2_38_1_18_11.xlsx,2011-01-10 11:47:49,0.709104372412309,62.22813228238044,1.0994084828939192
CS2_38,846,6,CS2_38_1_18_11.xlsx,2011-01-10 11:47:49,0.7056223600267635,61.92256495581117,1.0993830546354637
CS2_38,847,7,CS2_38_1_18_11.xlsx,2011-01-10 11:47:49,0.7028577609471425,61.679954919930054,1.0993927825580945
CS2_38,848,8,CS2_38_1_18_11.xlsx,2011-01-10 11:47:49,0.7009703621157515,61.514324430655456,1.0993927794617493
CS2_38,849,9,CS2_38_1_18_11.xlsx,2011-01-10 11:47:49,0.7080496750767606,62.13557630914466,1.099406170539367
CS2_38,850,10,CS2_38_1_18_11.xlsx,2011-01-10 11:47:49,0.7041596476282317,61.7942032305587,1.099385366990016
CS2_38,851,11,CS2_38_1_18_11.xlsx,2011-01-10 11:47:49,0.7058863383944782,61.9457306298994,1.0993761129868336
CS2_38,852,12,CS2_38_1_18_11.xlsx,2011-01-10 11:47:49,0.6997661465018723,61.40864733792783,1.099371711929123
CS2_38,853,13,CS2_38_1_18_11.xlsx,2011-01-10 11:47:49,0.6948161425762702,60.97425500999339,1.0993670271588611
CS2_38,854,14,CS2_38_1_18_11.xlsx,2011-01-10 11:47:49,0.6929488177949832,60.810386138181485,1.0993861556053162
CS2_38,855,15,CS2_38_1_18_11.xlsx,2011-01-10 11:47:49,0.691990307731329,60.72627117096988,1.0993861587424028
CS2_38,856,16,CS2_38_1_18_11.xlsx,2011-01-10 11:47:49,0.6908035239426074,60.62212382472815,1.0993814186045998
CS2_38,857,17,CS2_38_1_18_11.xlsx,2011-01-10 11:47:49,0.6885335085792157,60.422916455810615,1.0994288591962111
CS2_38,858,18,CS2_38_1_18_11.xlsx,2011-01-10 11:47:49,0.6892256615998082,60.48365700600432,1.0994549487766467
CS2_38,859,19,CS2_38_1_18_11.xlsx,2011-01-10 11:47:49,0.6983709814088392,61.28621329106154,1.0994536536080497
CS2_38,860,20,CS2_38_1_18_11.xlsx,2011-01-10 11:47:49,0.6947981399267018,60.972675170265475,1.0993790453986119
CS2_38,861,21,CS2_38_1_18_11.xlsx,2011-01-10 11:47:49,0.685912328237297,60.1928922684008,1.0993861556053162
CS2_38,862,22,CS2_38_1_18_11.xlsx,2011-01-10 11:47:49,0.6798842012326176,59.663888218706305,1.0994514719645183
CS2_38,863,23,CS2_38_1_18_11.xlsx,2011-01-10 11:47:49,0.6771653134000797,59.42528961702437,1.099405795733134
CS2_38,864,24,CS2_38_1_18_11.xlsx,2011-01-10 11:47:49,0.6751025661895511,59.2442712630616,1.099404033776876
CS2_38,865,25,CS2_38_1_18_11.xlsx,2011-01-10 11:47:49,0.6718946544212514,58.96275789826755,1.099386990070343
CS2_38,866,26,CS2_38_1_18_11.xlsx,2011-01-10 11:47:49,0.668529930922368,58.667483370104854,1.0994064791782483
CS2_38,867,27,CS2_38_1_18_11.xlsx,2011-01-10 11:47:49,0.667648428837154,58.59012631168018,1.0993918631527875
CS2_38,868,28,CS2_38_1_18_11.xlsx,2011-01-10 11:47:49,0.6706802349047472,58.85618535230758,1.09934800863266
CS2_38,869,29,CS2_38_1_18_11.xlsx,2011-01-10 11:47:49,0.669943978905625,58.79157450305952,1.0993723756558187
CS2_38,870,30,CS2_38_1_18_11.xlsx,2011-01-10 11:47:49,0.6718509748082262,58.958924752057875,1.0994113570935018
CS2_38,871,31,CS2_38_1_18_11.xlsx,2011-01-10 11:47:49,0.6700017073304565,58.79664051618344,1.099408918135875
CS2_38,872,32,CS2_38_1_18_11.xlsx,2011-01-10 11:47:49,0.6637600504111383,58.248897944641755,1.0994096504498834
CS2_38,873,33,CS2_38_1_18_11.xlsx,2011-01-10 11:47:49,0.6610192456662922,58.00837600336216,1.0993553138759038
CS2_38,874,34,CS2_38_1_18_11.xlsx,2011-01-10 11:47:49,0.6540312895367357,57.395141230977096,1.0993828641043768
CS2_38,875,35,CS2_38_1_18_11.xlsx,2011-01-10 11:47:49,0.6494725578537128,56.99508537284444,1.099407896399498
CS2_38,876,36,CS2_38_1_18_11.xlsx,2011-01-10 11:47:49,0.6452263708942922,56.62245717580252,1.0993832500887588
CS2_38,877,37,CS2_38_1_18_11.xlsx,2011-01-10 11:47:49,0.6429095494031998,56.419142290390226,1.0994010223469264
CS2_38,878,38,CS2_38_1_18_11.xlsx,2011-01-10 11:47:49,0.6481281561096672,56.87710611221102,1.099410409728686
CS2_38,879,39,CS2_38_1_18_11.xlsx,2011-01-10 11:47:49,0.6447006363242131,56.57632083587133,1.0993832467307507
CS2_38,880,40,CS2_38_1_18_11.xlsx,2011-01-10 11:47:49,0.6435601351840887,56.47623506771504,1.099428955937775
CS2_38,881,41,CS2_38_1_18_11.xlsx,2011-01-10 11:47:49,0.6402213403628849,56.18323593545643,1.0993883273970912
CS2_38,882,42,CS2_38_1_18_11.xlsx,2011-01-10 11:47:49,0.6357161811928194,55.787881384427074,1.0993836505072458
CS2_38,883,43,CS2_38_1_18_11.xlsx,2011-01-10 11:47:49,0.6291332575978359,55.210190629425995,1.0994403089795795
CS2_38,884,44,CS2_38_1_18_11.xlsx,2011-01-10 11:47:49,0.6241386601417211,54.77188495357884,1.0994415404140085
CS2_38,885,45,CS2_38_1_18_11.xlsx,2011-01-10 11:47:49,0.6216040200034065,54.549455184490405,1.0994702802188154
CS2_38,886,46,CS2_38_1_18_11.xlsx,2011-01-10 11:47:49,0.6192550624321882,54.34332016663652,1.099559127420619
CS2_38,887,47,CS2_38_1_18_11.xlsx,2011-01-10 11:47:49,0.6167873295496094,54.126761907755274,1.099564774948008
CS2_38,888,48,CS2_38_1_18_11.xlsx,2011-01-10 11:47:49,0.6155681588468234,54.01977241689981,1.0995806841289295
CS2_38,889,49,CS2_38_1_18_11.xlsx,2011-01-10 11:47:49,0.6159634399112264,54.05446068469417,1.09957272866193
CS2_38,890,50,CS2_38_1_18_11.xlsx,2011-01-10 11:47:49,0.6152224994997155,53.98943875035748,1.099548860507853
CS2_38,891,1,CS2_38_1_24_11.xlsx,2011-01-18 13:17:53,0.643075995971463,56.43374896815276,1.09939594335959
CS2_38,892,2,CS2_38_1_24_11.xlsx,2011-01-18 13:17:53,0.6301955963893299,55.303417185935444,1.0993810687746322
CS2_38,893,3,CS2_38_1_24_11.xlsx,2011-01-18 13:17:53,0.6164331583657361,54.095681276838135,1.0993685687289518
CS2_38,895,5,CS2_38_1_24_11.xlsx,2011-01-18 13:17:53,0.6070521845966503,53.27244495317211,1.099390298572939
CS2_38,896,6,CS2_38_1_24_11.xlsx,2011-01-18 13:17:53,0.602545615827788,52.876966701452425,1.0993929959055204
CS2_38,897,7,CS2_38_1_24_11.xlsx,2011-01-18 13:17:53,0.5989214791820454,52.558927124523166,1.0993553219419536
CS2_38,898,8,CS2_38_1_24_11.xlsx,2011-01-18 13:17:53,0.5963075612867401,52.329540260060625,1.0993771805907742
CS2_38,899,9,CS2_38_1_24_11.xlsx,2011-01-18 13:17:53,0.5948196455196859,52.19896678910274,1.099363518483711
CS2_38,900,10,CS2_38_1_24_11.xlsx,2011-01-18 13:17:53,0.5998419825860744,52.63970678097548,1.0993962920073308
CS2_38,901,11,CS2_38_1_24_11.xlsx,2011-01-18 13:17:53,0.6043186200833963,53.03255838533936,1.0993956807834
CS2_38,902,12,CS2_38_1_24_11.xlsx,2011-01-18 13:17:53,0.5976821965161827,52.450172689115846,1.0993580438873984
CS2_38,904,14,CS2_38_1_24_11.xlsx,2011-01-18 13:17:53,0.5861125762914812,51.43486960284322,1.0994080158380362
CS2_38,905,15,CS2_38_1_24_11.xlsx,2011-01-18 13:17:53,0.579055058526885,50.81553038265692,1.0994201097637415
CS2_38,906,16,CS2_38_1_24_11.xlsx,2011-01-18 13:17:53,0.5742848832425498,50.396919089098056,1.099397573620081
CS2_38,907,17,CS2_38_1_24_11.xlsx,2011-01-18 13:17:53,0.5697905567649038,50.00251517135076,1.0993753558113462
CS2_38,908,18,CS2_38_1_24_11.xlsx,2011-01-18 13:17:53,0.5657376060070387,49.64684460195853,1.0993753501347132
CS2_38,909,19,CS2_38_1_24_11.xlsx,2011-01-18 13:17:53,0.5639378854327681,49.488908401979906,1.0993953810797796
CS2_38,910,20,CS2_38_1_24_11.xlsx,2011-01-18 13:17:53,0.5617431012556242,49.29630301775139,1.099375674801488
CS2_38,911,21,CS2_38_1_24_11.xlsx,2011-01-18 13:17:53,0.5655888839277079,49.63379335367131,1.099403971717471
CS2_38,912,22,CS2_38_1_24_11.xlsx,2011-01-18 13:17:53,0.5652296247897013,49.602266224473844,1.0993581764281741
CS2_38,913,23,CS2_38_1_24_11.xlsx,2011-01-18 13:17:53,0.5631278587814279,49.41782373860323,1.0993989379175249
CS2_38,914,24,CS2_38_1_24_11.xlsx,2011-01-18 13:17:53,0.5631560036209695,49.42029361591072,1.0993785819699686
CS2_38,915,25,CS2_38_1_24_11.xlsx,2011-01-18 13:17:53,0.5538390453411601,48.60267503272099,1.0993465858121072
CS2_38,916,26,CS2_38_1_24_11.xlsx,2011-01-18 13:17:53,0.5509846075755007,48.3521811170383,1.0993760081588244
CS2_38,917,27,CS2_38_1_24_11.xlsx,2011-01-18 13:17:53,0.5467417121326417,47.979841770179746,1.0993671417236328
CS2_38,918,28,CS2_38_1_24_11.xlsx,2011-01-18 13:17:53,0.5450543647748116,47.83176698926678,1.0993346229928438
CS2_38,919,29,CS2_38_1_24_11.xlsx,2011-01-18 13:17:53,0.5422496133438663,47.58563334539951,1.0994905352592468
CS2_38,920,30,CS2_38_1_24_11.xlsx,2011-01-18 13:17:53,0.5397886665083078,47.36967060256368,1.0994484663009643
CS2_38,921,31,CS2_38_1_24_11.xlsx,2011-01-18 13:17:53,0.5421094137247309,47.57332999375634,1.0994755069414774
CS2_38,922,32,CS2_38_1_24_11.xlsx,2011-01-18 13:17:53,0.543723362321245,47.71496359618242,1.0994694928328197
CS2_38,923,33,CS2_38_1_24_11.xlsx,2011-01-18 13:17:53,0.5415752433141456,47.52645335857476,1.099451470375061
CS2_38,924,34,CS2_38_1_24_11.xlsx,2011-01-18 13:17:53,0.5405511632674731,47.43658423480206,1.0994484663009643
CS2_38,925,35,CS2_38_1_24_11.xlsx,2011-01-18 13:17:53,0.536293478683163,47.062947052693346,1.099475504954656
CS2_38,926,36,CS2_38_1_24_11.xlsx,2011-01-18 13:17:53,0.5307882095277172,46.57982689354138,1.0994347677392475
CS2_38,927,37,CS2_38_1_24_11.xlsx,2011-01-18 13:17:53,0.5280242844098737,46.337276001820534,1.0994469856811782
CS2_38,928,38,CS2_38_1_24_11.xlsx,2011-01-18 13:17:53,0.5261676966409752,46.174349366798054,1.099498940726458
CS2_38,929,39,CS2_38_1_24_11.xlsx,2011-01-18 13:17:53,0.5237380018193996,45.96112917433404,1.0994610067071586
CS2_38,930,40,CS2_38_1_24_11.xlsx,2011-01-18 13:17:53,0.5211627572416617,45.73513612383601,1.099439244845818
CS2_38,931,41,CS2_38_1_24_11.xlsx,2011-01-18 13:17:53,0.5194019736010098,45.58061687170054,1.0995387106106198
CS2_38,932,42,CS2_38_1_24_11.xlsx,2011-01-18 13:17:53,0.5173520907401894,45.40072744104794,1.0995324952849026
CS2_38,933,43,CS2_38_1_24_11.xlsx,2011-01-18 13:17:53,0.5153684309670261,45.226649480778555,1.09954193391298
CS2_38,934,44,CS2_38_1_24_11.xlsx,2011-01-18 13:17:53,0.5131853338366419,45.035069704514186,1.0996526647032352
CS2_38,935,45,CS2_38_1_24_11.xlsx,2011-01-18 13:17:53,0.5113006543320573,44.869677852363836,1.0996273567802028
CS2_38,936,46,CS2_38_1_24_11.xlsx,2011-01-18 13:17:53,0.5355141964166457,46.99456039220614,1.099630355834961
CS2_38,937,47,CS2_38_1_24_11.xlsx,2011-01-18 13:17:53,0.5401775108525335,47.40379400982377,1.0996407985687255
CS2_38,938,48,CS2_38_1_24_11.xlsx,2011-01-18 13:17:53,0.54244558047289,47.602830628200635,1.0996438026428224
CS2_38,939,49,CS2_38_1_24_11.xlsx,2011-01-18 13:17:53,0.5432790708927051,47.67597437701704,1.0996408005555471
CS2_38,940,50,CS2_38_1_24_11.xlsx,2011-01-18 13:17:53,0.5436657406142444,47.70990694818381,1.0996438026428224
CS2_38,941,1,CS2_38_1_28_11.xlsx,2011-01-24 10:54:44,0.540273398417111,47.41220871474579,1.0994003931681315
CS2_38,942,2,CS2_38_1_28_11.xlsx,2011-01-24 10:54:44,0.5277327337661321,46.31169069628356,1.0993828187554568
CS2_38,943,3,CS2_38_1_28_11.xlsx,2011-01-24 10:54:44,0.5191237118558851,45.55619774616922,1.0993708618755997
CS2_38,944,4,CS2_38_1_28_11.xlsx,2011-01-24 10:54:44,0.509767914112611,44.73517076872289,1.099393275746128
CS2_38,945,5,CS2_38_1_28_11.xlsx,2011-01-24 10:54:44,0.503247756647804,44.16298811549557,1.0993553123303823
